Block Type,384-Well Block,,,,,,,,,,,,,,,,,,,,,,,,,,,,,,,
Calibration Background is expired ,No,,,,,,,,,,,,,,,,,,,,,,,,,,,,,,,
Calibration Background performed on,11-12-2018,,,,,,,,,,,,,,,,,,,,,,,,,,,,,,,
Calibration Pure Dye ABY is expired,No,,,,,,,,,,,,,,,,,,,,,,,,,,,,,,,
Calibration Pure Dye ABY performed on,11-12-2018,,,,,,,,,,,,,,,,,,,,,,,,,,,,,,,
Calibration Pure Dye CY5 is expired,No,,,,,,,,,,,,,,,,,,,,,,,,,,,,,,,
Calibration Pure Dye CY5 performed on,11-12-2018,,,,,,,,,,,,,,,,,,,,,,,,,,,,,,,
Calibration Pure Dye FAM is expired,No,,,,,,,,,,,,,,,,,,,,,,,,,,,,,,,
Calibration Pure Dye FAM performed on,11-12-2018,,,,,,,,,,,,,,,,,,,,,,,,,,,,,,,
Calibration Pure Dye JUN is expired,No,,,,,,,,,,,,,,,,,,,,,,,,,,,,,,,
Calibration Pure Dye JUN performed on,11-12-2018,,,,,,,,,,,,,,,,,,,,,,,,,,,,,,,
Calibration Pure Dye MUSTANG PURPLE is expired,No,,,,,,,,,,,,,,,,,,,,,,,,,,,,,,,
Calibration Pure Dye MUSTANG PURPLE performed on,11-12-2018,,,,,,,,,,,,,,,,,,,,,,,,,,,,,,,
Calibration Pure Dye NED is expired,No,,,,,,,,,,,,,,,,,,,,,,,,,,,,,,,
Calibration Pure Dye NED performed on,11-12-2018,,,,,,,,,,,,,,,,,,,,,,,,,,,,,,,
Calibration Pure Dye ROX is expired,No,,,,,,,,,,,,,,,,,,,,,,,,,,,,,,,
Calibration Pure Dye ROX performed on,11-12-2018,,,,,,,,,,,,,,,,,,,,,,,,,,,,,,,
Calibration Pure Dye SYBR is expired,No,,,,,,,,,,,,,,,,,,,,,,,,,,,,,,,
Calibration Pure Dye SYBR performed on,11-12-2018,,,,,,,,,,,,,,,,,,,,,,,,,,,,,,,
Calibration Pure Dye TAMRA is expired,No,,,,,,,,,,,,,,,,,,,,,,,,,,,,,,,
Calibration Pure Dye TAMRA performed on,11-12-2018,,,,,,,,,,,,,,,,,,,,,,,,,,,,,,,
Calibration Pure Dye VIC is expired,No,,,,,,,,,,,,,,,,,,,,,,,,,,,,,,,
Calibration Pure Dye VIC performed on,11-12-2018,,,,,,,,,,,,,,,,,,,,,,,,,,,,,,,
Calibration ROI is expired ,No,,,,,,,,,,,,,,,,,,,,,,,,,,,,,,,
Calibration ROI performed on,11-12-2018,,,,,,,,,,,,,,,,,,,,,,,,,,,,,,,
Calibration Uniformity is expired ,No,,,,,,,,,,,,,,,,,,,,,,,,,,,,,,,
Calibration Uniformity performed on,11-12-2018,,,,,,,,,,,,,,,,,,,,,,,,,,,,,,,
Chemistry,TAQMAN,,,,,,,,,,,,,,,,,,,,,,,,,,,,,,,
Date Created,2019-05-03 11:21:13 AM PDT,,,,,,,,,,,,,,,,,,,,,,,,,,,,,,,
Experiment Barcode,,,,,,,,,,,,,,,,,,,,,,,,,,,,,,,,
Experiment Comment,,,,,,,,,,,,,,,,,,,,,,,,,,,,,,,,
Experiment File Name,D:\Users\Administrator\Experiments\Narges\2019-05-01_121857-IPS CONTROL LINE FINAL PLEURIPOTENCY.eds,,,,,,,,,,,,,,,,,,,,,,,,,,,,,,,
Experiment Name,2019-05-01_121857,,,,,,,,,,,,,,,,,,,,,,,,,,,,,,,
Experiment Run End Time,2019-05-01 14:04:07 PM PDT,,,,,,,,,,,,,,,,,,,,,,,,,,,,,,,
Experiment Type,Comparative C? (??C?) ,,,,,,,,,,,,,,,,,,,,,,,,,,,,,,,
Instrument Name,272530975,,,,,,,,,,,,,,,,,,,,,,,,,,,,,,,
Instrument Serial Number,272530975,,,,,,,,,,,,,,,,,,,,,,,,,,,,,,,
Instrument Type,QuantStudioô 5 System,,,,,,,,,,,,,,,,,,,,,,,,,,,,,,,
Passive Reference,ROX,,,,,,,,,,,,,,,,,,,,,,,,,,,,,,,
Post-read Stage/Step,,,,,,,,,,,,,,,,,,,,,,,,,,,,,,,,
Pre-read Stage/Step,,,,,,,,,,,,,,,,,,,,,,,,,,,,,,,,
Quantification Cycle Method,Ct,,,,,,,,,,,,,,,,,,,,,,,,,,,,,,,
Signal Smoothing On,TRUE,,,,,,,,,,,,,,,,,,,,,,,,,,,,,,,
Stage/ Cycle where Ct Analysis is performed,"Stage2, Step2",,,,,,,,,,,,,,,,,,,,,,,,,,,,,,,
User Name,,,,,,,,,,,,,,,,,,,,,,,,,,,,,,,,
,,,,,,,,,,,,,,,,,,,,,,,,,,,,,,,,
Well,Well Position,Omit,Sample Name,Target Name,Task,Reporter,Quencher,Quantity,Quantity Mean,Quantity SD,RQ,RQ Min,RQ Max,CT,Ct Mean,Ct SD,Delta Ct,Delta Ct Mean,Delta Ct SD,Delta Ct SE,Delta Delta Ct,Automatic Ct Threshold,Ct Threshold,Automatic Baseline,Baseline Start,Baseline End,Amp Status,Comments,Cq Conf,CQCONF,EXPFAIL,HIGHSD
1,A1,FALSE,H9,NANOG,UNKNOWN,FAM,NFQ-MGB,,,,1,0.713,1.402,27.978,28.243,0.237,,-4.308,0.357,0.206,0,TRUE,0.296,TRUE,3,20,Amp,,0.958,N,N,N
2,A2,FALSE,H9,NANOG,UNKNOWN,FAM,NFQ-MGB,,,,1,0.713,1.402,28.319,28.243,0.237,,-4.308,0.357,0.206,0,TRUE,0.296,TRUE,3,24,Amp,,0.964,N,N,N
3,A3,FALSE,H9,NANOG,UNKNOWN,FAM,NFQ-MGB,,,,1,0.713,1.402,28.433,28.243,0.237,,-4.308,0.357,0.206,0,TRUE,0.296,TRUE,3,22,Amp,,0.957,N,N,N
4,A4,FALSE,AJC,NANOG,UNKNOWN,FAM,NFQ-MGB,,,,0.295,0.233,0.372,27.951,27.979,0.025,,-2.545,0.247,0.143,1.763,TRUE,0.296,TRUE,3,23,Amp,,0.927,N,N,N
5,A5,FALSE,AJC,NANOG,UNKNOWN,FAM,NFQ-MGB,,,,0.295,0.233,0.372,27.985,27.979,0.025,,-2.545,0.247,0.143,1.763,TRUE,0.296,TRUE,3,22,Amp,,0.921,N,N,N
6,A6,FALSE,AJC,NANOG,UNKNOWN,FAM,NFQ-MGB,,,,0.295,0.233,0.372,27.999,27.979,0.025,,-2.545,0.247,0.143,1.763,TRUE,0.296,TRUE,3,23,Amp,,0.913,N,N,N
7,A7,FALSE,AJD,NANOG,UNKNOWN,FAM,NFQ-MGB,,,,0.064,0.052,0.079,28.109,28.078,0.075,,-0.348,0.216,0.125,3.96,TRUE,0.296,TRUE,3,22,Amp,,0.906,N,N,N
8,A8,FALSE,AJD,NANOG,UNKNOWN,FAM,NFQ-MGB,,,,0.064,0.052,0.079,27.992,28.078,0.075,,-0.348,0.216,0.125,3.96,TRUE,0.296,TRUE,3,21,Amp,,0.917,N,N,N
9,A9,FALSE,AJD,NANOG,UNKNOWN,FAM,NFQ-MGB,,,,0.064,0.052,0.079,28.132,28.078,0.075,,-0.348,0.216,0.125,3.96,TRUE,0.296,TRUE,3,22,Amp,,0.953,N,N,N
10,A10,FALSE,AJG,NANOG,UNKNOWN,FAM,NFQ-MGB,,,,0.23,0.208,0.255,29.508,29.542,0.039,,-2.189,0.108,0.062,2.119,TRUE,0.296,TRUE,3,23,Amp,,0.942,N,N,N
11,A11,FALSE,AJG,NANOG,UNKNOWN,FAM,NFQ-MGB,,,,0.23,0.208,0.255,29.585,29.542,0.039,,-2.189,0.108,0.062,2.119,TRUE,0.296,TRUE,3,24,Amp,,0.944,N,N,N
12,A12,FALSE,AJG,NANOG,UNKNOWN,FAM,NFQ-MGB,,,,0.23,0.208,0.255,29.534,29.542,0.039,,-2.189,0.108,0.062,2.119,TRUE,0.296,TRUE,3,24,Amp,,0.924,N,N,N
13,A13,FALSE,TD02,NANOG,UNKNOWN,FAM,NFQ-MGB,,,,0.924,0.728,1.172,26.808,26.62,0.167,,-4.193,0.251,0.145,0.115,TRUE,0.296,TRUE,3,20,Amp,,0.87,N,N,N
14,A14,FALSE,TD02,NANOG,UNKNOWN,FAM,NFQ-MGB,,,,0.924,0.728,1.172,26.563,26.62,0.167,,-4.193,0.251,0.145,0.115,TRUE,0.296,TRUE,3,20,Amp,,0.856,N,N,N
15,A15,FALSE,TD02,NANOG,UNKNOWN,FAM,NFQ-MGB,,,,0.924,0.728,1.172,26.49,26.62,0.167,,-4.193,0.251,0.145,0.115,TRUE,0.296,TRUE,3,21,Amp,,0.902,N,N,N
16,A16,FALSE,TD03,NANOG,UNKNOWN,FAM,NFQ-MGB,,,,0.64,0.424,0.967,28.257,28.246,0.122,,-3.664,0.436,0.252,0.643,TRUE,0.296,TRUE,3,22,Amp,,0.887,N,N,N
17,A17,FALSE,TD03,NANOG,UNKNOWN,FAM,NFQ-MGB,,,,0.64,0.424,0.967,28.361,28.246,0.122,,-3.664,0.436,0.252,0.643,TRUE,0.296,TRUE,3,23,Amp,,0.879,N,N,N
18,A18,FALSE,TD03,NANOG,UNKNOWN,FAM,NFQ-MGB,,,,0.64,0.424,0.967,28.119,28.246,0.122,,-3.664,0.436,0.252,0.643,TRUE,0.296,TRUE,3,23,Amp,,0.855,N,N,N
19,A19,FALSE,TD10,NANOG,UNKNOWN,FAM,NFQ-MGB,,,,0.041,0.036,0.046,24.137,24.045,0.087,,0.31,0.136,0.079,4.618,TRUE,0.296,TRUE,3,19,Amp,,0.849,N,N,N
20,A20,FALSE,TD10,NANOG,UNKNOWN,FAM,NFQ-MGB,,,,0.041,0.036,0.046,24.037,24.045,0.087,,0.31,0.136,0.079,4.618,TRUE,0.296,TRUE,3,19,Amp,,0.868,N,N,N
21,A21,FALSE,TD10,NANOG,UNKNOWN,FAM,NFQ-MGB,,,,0.041,0.036,0.046,23.962,24.045,0.087,,0.31,0.136,0.079,4.618,TRUE,0.296,TRUE,3,18,Amp,,0.879,N,N,N
22,A22,FALSE,TD22,NANOG,UNKNOWN,FAM,NFQ-MGB,,,,0.046,0.038,0.057,24.11,24.133,0.032,,0.125,0.213,0.123,4.433,TRUE,0.296,TRUE,3,18,Amp,,0.856,N,N,N
23,A23,FALSE,TD22,NANOG,UNKNOWN,FAM,NFQ-MGB,,,,0.046,0.038,0.057,24.118,24.133,0.032,,0.125,0.213,0.123,4.433,TRUE,0.296,TRUE,3,19,Amp,,0.854,N,N,N
24,A24,FALSE,TD22,NANOG,UNKNOWN,FAM,NFQ-MGB,,,,0.046,0.038,0.057,24.169,24.133,0.032,,0.125,0.213,0.123,4.433,TRUE,0.296,TRUE,3,19,Amp,,0.843,N,N,N
25,B1,FALSE,H9,C-MYC,UNKNOWN,FAM,NFQ-MGB,,,,1,0.719,1.391,32.031,32.284,0.223,,-0.267,0.349,0.201,0,TRUE,0.337,TRUE,3,26,Amp,,0.935,N,N,N
26,B2,FALSE,H9,C-MYC,UNKNOWN,FAM,NFQ-MGB,,,,1,0.719,1.391,32.454,32.284,0.223,,-0.267,0.349,0.201,0,TRUE,0.337,TRUE,3,26,Amp,,0.846,N,N,N
27,B3,FALSE,H9,C-MYC,UNKNOWN,FAM,NFQ-MGB,,,,1,0.719,1.391,32.368,32.284,0.223,,-0.267,0.349,0.201,0,TRUE,0.337,TRUE,3,26,Amp,,0.868,N,N,N
28,B4,FALSE,AJC,C-MYC,UNKNOWN,FAM,NFQ-MGB,,,,1.294,0.998,1.679,30.024,29.884,0.122,,-0.639,0.275,0.159,-0.372,TRUE,0.337,TRUE,3,24,Amp,,0.886,N,N,N
29,B5,FALSE,AJC,C-MYC,UNKNOWN,FAM,NFQ-MGB,,,,1.294,0.998,1.679,29.831,29.884,0.122,,-0.639,0.275,0.159,-0.372,TRUE,0.337,TRUE,3,24,Amp,,0.87,N,N,N
30,B6,FALSE,AJC,C-MYC,UNKNOWN,FAM,NFQ-MGB,,,,1.294,0.998,1.679,29.798,29.884,0.122,,-0.639,0.275,0.159,-0.372,TRUE,0.337,TRUE,3,23,Amp,,0.868,N,N,N
31,B7,FALSE,AJD,C-MYC,UNKNOWN,FAM,NFQ-MGB,,,,0.524,0.429,0.641,29.017,29.091,0.065,,0.665,0.213,0.123,0.932,TRUE,0.337,TRUE,3,24,Amp,,0.88,N,N,N
32,B8,FALSE,AJD,C-MYC,UNKNOWN,FAM,NFQ-MGB,,,,0.524,0.429,0.641,29.113,29.091,0.065,,0.665,0.213,0.123,0.932,TRUE,0.337,TRUE,3,23,Amp,,0.868,N,N,N
33,B9,FALSE,AJD,C-MYC,UNKNOWN,FAM,NFQ-MGB,,,,0.524,0.429,0.641,29.142,29.091,0.065,,0.665,0.213,0.123,0.932,TRUE,0.337,TRUE,3,23,Amp,,0.886,N,N,N
34,B10,FALSE,AJG,C-MYC,UNKNOWN,FAM,NFQ-MGB,,,,0.423,0.361,0.495,32.554,32.706,0.133,,0.975,0.167,0.097,1.242,TRUE,0.337,TRUE,3,26,Amp,,0.826,N,N,N
35,B11,FALSE,AJG,C-MYC,UNKNOWN,FAM,NFQ-MGB,,,,0.423,0.361,0.495,32.761,32.706,0.133,,0.975,0.167,0.097,1.242,TRUE,0.337,TRUE,3,26,Amp,,0.856,N,N,N
36,B12,FALSE,AJG,C-MYC,UNKNOWN,FAM,NFQ-MGB,,,,0.423,0.361,0.495,32.804,32.706,0.133,,0.975,0.167,0.097,1.242,TRUE,0.337,TRUE,3,26,Amp,,0.843,N,N,N
37,B13,FALSE,TD02,C-MYC,UNKNOWN,FAM,NFQ-MGB,,,,1.1,0.773,1.566,30.78,30.409,0.322,,-0.405,0.373,0.215,-0.138,TRUE,0.337,TRUE,3,25,Amp,,0.894,N,N,N
38,B14,FALSE,TD02,C-MYC,UNKNOWN,FAM,NFQ-MGB,,,,1.1,0.773,1.566,30.243,30.409,0.322,,-0.405,0.373,0.215,-0.138,TRUE,0.337,TRUE,3,24,Amp,,0.835,N,N,N
39,B15,FALSE,TD02,C-MYC,UNKNOWN,FAM,NFQ-MGB,,,,1.1,0.773,1.566,30.203,30.409,0.322,,-0.405,0.373,0.215,-0.138,TRUE,0.337,TRUE,3,24,Amp,,0.841,N,N,N
40,B16,FALSE,TD03,C-MYC,UNKNOWN,FAM,NFQ-MGB,,,,1.223,0.781,1.914,31.455,31.353,0.221,,-0.557,0.473,0.273,-0.29,TRUE,0.337,TRUE,3,25,Amp,,0.843,N,N,N
41,B17,FALSE,TD03,C-MYC,UNKNOWN,FAM,NFQ-MGB,,,,1.223,0.781,1.914,31.504,31.353,0.221,,-0.557,0.473,0.273,-0.29,TRUE,0.337,TRUE,3,25,Amp,,0.841,N,N,N
42,B18,FALSE,TD03,C-MYC,UNKNOWN,FAM,NFQ-MGB,,,,1.223,0.781,1.914,31.1,31.353,0.221,,-0.557,0.473,0.273,-0.29,TRUE,0.337,TRUE,3,26,Amp,,0.855,N,N,N
43,B19,FALSE,TD10,C-MYC,UNKNOWN,FAM,NFQ-MGB,,,,0.987,0.842,1.156,23.337,23.488,0.131,,-0.248,0.168,0.097,0.019,TRUE,0.337,TRUE,3,17,Amp,,0.916,N,N,N
44,B20,FALSE,TD10,C-MYC,UNKNOWN,FAM,NFQ-MGB,,,,0.987,0.842,1.156,23.548,23.488,0.131,,-0.248,0.168,0.097,0.019,TRUE,0.337,TRUE,3,17,Amp,,0.869,N,N,N
45,B21,FALSE,TD10,C-MYC,UNKNOWN,FAM,NFQ-MGB,,,,0.987,0.842,1.156,23.578,23.488,0.131,,-0.248,0.168,0.097,0.019,TRUE,0.337,TRUE,3,17,Amp,,0.85,N,N,N
46,B22,FALSE,TD22,C-MYC,UNKNOWN,FAM,NFQ-MGB,,,,1.198,0.978,1.466,23.477,23.48,0.037,,-0.527,0.214,0.123,-0.26,TRUE,0.337,TRUE,3,17,Amp,,0.863,N,N,N
47,B23,FALSE,TD22,C-MYC,UNKNOWN,FAM,NFQ-MGB,,,,1.198,0.978,1.466,23.519,23.48,0.037,,-0.527,0.214,0.123,-0.26,TRUE,0.337,TRUE,3,18,Amp,,0.855,N,N,N
48,B24,FALSE,TD22,C-MYC,UNKNOWN,FAM,NFQ-MGB,,,,1.198,0.978,1.466,23.444,23.48,0.037,,-0.527,0.214,0.123,-0.26,TRUE,0.337,TRUE,3,18,Amp,,0.862,N,N,N
49,C1,FALSE,H9,ZFP42,UNKNOWN,FAM,NFQ-MGB,,,,1,0.767,1.304,28.838,28.931,0.083,,-3.62,0.28,0.162,0,TRUE,0.243,TRUE,3,23,Amp,,0.915,N,N,N
50,C2,FALSE,H9,ZFP42,UNKNOWN,FAM,NFQ-MGB,,,,1,0.767,1.304,28.998,28.931,0.083,,-3.62,0.28,0.162,0,TRUE,0.243,TRUE,3,22,Amp,,0.872,N,N,N
51,C3,FALSE,H9,ZFP42,UNKNOWN,FAM,NFQ-MGB,,,,1,0.767,1.304,28.958,28.931,0.083,,-3.62,0.28,0.162,0,TRUE,0.243,TRUE,3,23,Amp,,0.884,N,N,N
52,C4,FALSE,AJC,ZFP42,UNKNOWN,FAM,NFQ-MGB,,,,0.579,0.454,0.738,27.778,27.692,0.074,,-2.831,0.257,0.148,0.789,TRUE,0.243,TRUE,3,21,Amp,,0.893,N,N,N
53,C5,FALSE,AJC,ZFP42,UNKNOWN,FAM,NFQ-MGB,,,,0.579,0.454,0.738,27.649,27.692,0.074,,-2.831,0.257,0.148,0.789,TRUE,0.243,TRUE,3,21,Amp,,0.882,N,N,N
54,C6,FALSE,AJC,ZFP42,UNKNOWN,FAM,NFQ-MGB,,,,0.579,0.454,0.738,27.65,27.692,0.074,,-2.831,0.257,0.148,0.789,TRUE,0.243,TRUE,3,22,Amp,,0.906,N,N,N
55,C7,FALSE,AJD,ZFP42,UNKNOWN,FAM,NFQ-MGB,,,,0.075,0.061,0.091,28.593,28.551,0.049,,0.125,0.208,0.12,3.745,TRUE,0.243,TRUE,3,22,Amp,,0.9,N,N,N
56,C8,FALSE,AJD,ZFP42,UNKNOWN,FAM,NFQ-MGB,,,,0.075,0.061,0.091,28.562,28.551,0.049,,0.125,0.208,0.12,3.745,TRUE,0.243,TRUE,3,23,Amp,,0.902,N,N,N
57,C9,FALSE,AJD,ZFP42,UNKNOWN,FAM,NFQ-MGB,,,,0.075,0.061,0.091,28.497,28.551,0.049,,0.125,0.208,0.12,3.745,TRUE,0.243,TRUE,3,23,Amp,,0.912,N,N,N
58,C10,FALSE,AJG,ZFP42,UNKNOWN,FAM,NFQ-MGB,,,,0.97,0.845,1.112,28.085,28.156,0.104,,-3.576,0.145,0.084,0.044,TRUE,0.243,TRUE,3,23,Amp,,0.905,N,N,N
59,C11,FALSE,AJG,ZFP42,UNKNOWN,FAM,NFQ-MGB,,,,0.97,0.845,1.112,28.275,28.156,0.104,,-3.576,0.145,0.084,0.044,TRUE,0.243,TRUE,3,23,Amp,,0.911,N,N,N
60,C12,FALSE,AJG,ZFP42,UNKNOWN,FAM,NFQ-MGB,,,,0.97,0.845,1.112,28.108,28.156,0.104,,-3.576,0.145,0.084,0.044,TRUE,0.243,TRUE,3,22,Amp,,0.919,N,N,N
61,C13,FALSE,TD02,ZFP42,UNKNOWN,FAM,NFQ-MGB,,,,0.386,0.313,0.477,28.692,28.566,0.118,,-2.248,0.222,0.128,1.372,TRUE,0.243,TRUE,3,21,Amp,,0.927,N,N,N
62,C14,FALSE,TD02,ZFP42,UNKNOWN,FAM,NFQ-MGB,,,,0.386,0.313,0.477,28.458,28.566,0.118,,-2.248,0.222,0.128,1.372,TRUE,0.243,TRUE,3,22,Amp,,0.901,N,N,N
63,C15,FALSE,TD02,ZFP42,UNKNOWN,FAM,NFQ-MGB,,,,0.386,0.313,0.477,28.548,28.566,0.118,,-2.248,0.222,0.128,1.372,TRUE,0.243,TRUE,3,23,Amp,,0.891,N,N,N
64,C16,FALSE,TD03,ZFP42,UNKNOWN,FAM,NFQ-MGB,,,,1.183,0.79,1.77,28.123,28.048,0.077,,-3.862,0.426,0.246,-0.242,TRUE,0.243,TRUE,3,20,Amp,,0.897,N,N,N
65,C17,FALSE,TD03,ZFP42,UNKNOWN,FAM,NFQ-MGB,,,,1.183,0.79,1.77,28.053,28.048,0.077,,-3.862,0.426,0.246,-0.242,TRUE,0.243,TRUE,3,23,Amp,,0.907,N,N,N
66,C18,FALSE,TD03,ZFP42,UNKNOWN,FAM,NFQ-MGB,,,,1.183,0.79,1.77,27.969,28.048,0.077,,-3.862,0.426,0.246,-0.242,TRUE,0.243,TRUE,3,23,Amp,,0.884,N,N,N
67,C19,FALSE,TD10,ZFP42,UNKNOWN,FAM,NFQ-MGB,,,,0.076,0.068,0.086,23.899,23.829,0.066,,0.093,0.124,0.071,3.713,TRUE,0.243,TRUE,3,18,Amp,,0.891,N,N,N
68,C20,FALSE,TD10,ZFP42,UNKNOWN,FAM,NFQ-MGB,,,,0.076,0.068,0.086,23.82,23.829,0.066,,0.093,0.124,0.071,3.713,TRUE,0.243,TRUE,3,19,Amp,,0.873,N,N,N
69,C21,FALSE,TD10,ZFP42,UNKNOWN,FAM,NFQ-MGB,,,,0.076,0.068,0.086,23.767,23.829,0.066,,0.093,0.124,0.071,3.713,TRUE,0.243,TRUE,3,19,Amp,,0.882,N,N,N
70,C22,FALSE,TD22,ZFP42,UNKNOWN,FAM,NFQ-MGB,,,,0.03,0.024,0.037,25.532,25.462,0.075,,1.454,0.223,0.129,5.074,TRUE,0.243,TRUE,3,20,Amp,,0.848,N,N,N
71,C23,FALSE,TD22,ZFP42,UNKNOWN,FAM,NFQ-MGB,,,,0.03,0.024,0.037,25.47,25.462,0.075,,1.454,0.223,0.129,5.074,TRUE,0.243,TRUE,3,20,Amp,,0.862,N,N,N
72,C24,FALSE,TD22,ZFP42,UNKNOWN,FAM,NFQ-MGB,,,,0.03,0.024,0.037,25.383,25.462,0.075,,1.454,0.223,0.129,5.074,TRUE,0.243,TRUE,3,20,Amp,,0.875,N,N,N
73,D1,FALSE,H9,SOX2,UNKNOWN,FAM,NFQ-MGB,,,,1,0.767,1.303,30.102,30.103,0.083,,-2.448,0.28,0.162,0,TRUE,0.208,TRUE,3,25,Amp,,0.914,N,N,N
74,D2,FALSE,H9,SOX2,UNKNOWN,FAM,NFQ-MGB,,,,1,0.767,1.303,30.021,30.103,0.083,,-2.448,0.28,0.162,0,TRUE,0.208,TRUE,3,24,Amp,,0.871,N,N,N
75,D3,FALSE,H9,SOX2,UNKNOWN,FAM,NFQ-MGB,,,,1,0.767,1.303,30.186,30.103,0.083,,-2.448,0.28,0.162,0,TRUE,0.208,TRUE,3,24,Amp,,0.895,N,N,N
76,D4,FALSE,AJC,SOX2,UNKNOWN,FAM,NFQ-MGB,,,,0.431,0.338,0.55,29.369,29.289,0.073,,-1.235,0.257,0.148,1.214,TRUE,0.208,TRUE,3,24,Amp,,0.872,N,N,N
77,D5,FALSE,AJC,SOX2,UNKNOWN,FAM,NFQ-MGB,,,,0.431,0.338,0.55,29.274,29.289,0.073,,-1.235,0.257,0.148,1.214,TRUE,0.208,TRUE,3,23,Amp,,0.912,N,N,N
78,D6,FALSE,AJC,SOX2,UNKNOWN,FAM,NFQ-MGB,,,,0.431,0.338,0.55,29.225,29.289,0.073,,-1.235,0.257,0.148,1.214,TRUE,0.208,TRUE,3,23,Amp,,0.914,N,N,N
79,D7,FALSE,AJD,SOX2,UNKNOWN,FAM,NFQ-MGB,,,,0.088,0.072,0.107,29.502,29.491,0.069,,1.065,0.214,0.123,3.513,TRUE,0.208,TRUE,3,24,Amp,,0.872,N,N,N
80,D8,FALSE,AJD,SOX2,UNKNOWN,FAM,NFQ-MGB,,,,0.088,0.072,0.107,29.554,29.491,0.069,,1.065,0.214,0.123,3.513,TRUE,0.208,TRUE,3,23,Amp,,0.904,N,N,N
81,D9,FALSE,AJD,SOX2,UNKNOWN,FAM,NFQ-MGB,,,,0.088,0.072,0.107,29.417,29.491,0.069,,1.065,0.214,0.123,3.513,TRUE,0.208,TRUE,3,24,Amp,,0.979,N,N,N
82,D10,FALSE,AJG,SOX2,UNKNOWN,FAM,NFQ-MGB,,,,0.958,0.785,1.169,29.502,29.345,0.185,,-2.386,0.211,0.122,0.062,TRUE,0.208,TRUE,3,23,Amp,,0.915,N,N,N
83,D11,FALSE,AJG,SOX2,UNKNOWN,FAM,NFQ-MGB,,,,0.958,0.785,1.169,29.392,29.345,0.185,,-2.386,0.211,0.122,0.062,TRUE,0.208,TRUE,3,23,Amp,,0.917,N,N,N
84,D12,FALSE,AJG,SOX2,UNKNOWN,FAM,NFQ-MGB,,,,0.958,0.785,1.169,29.142,29.345,0.185,,-2.386,0.211,0.122,0.062,TRUE,0.208,TRUE,3,24,Amp,,0.925,N,N,N
85,D13,FALSE,TD02,SOX2,UNKNOWN,FAM,NFQ-MGB,,,,0.519,0.422,0.638,29.427,29.312,0.11,,-1.501,0.218,0.126,0.947,TRUE,0.208,TRUE,3,24,Amp,,0.885,N,N,N
86,D14,FALSE,TD02,SOX2,UNKNOWN,FAM,NFQ-MGB,,,,0.519,0.422,0.638,29.207,29.312,0.11,,-1.501,0.218,0.126,0.947,TRUE,0.208,TRUE,3,24,Amp,,0.933,N,N,N
87,D15,FALSE,TD02,SOX2,UNKNOWN,FAM,NFQ-MGB,,,,0.519,0.422,0.638,29.303,29.312,0.11,,-1.501,0.218,0.126,0.947,TRUE,0.208,TRUE,3,23,Amp,,0.912,N,N,N
88,D16,FALSE,TD03,SOX2,UNKNOWN,FAM,NFQ-MGB,,,,1.501,1.009,2.233,28.859,28.876,0.026,,-3.035,0.42,0.242,-0.586,TRUE,0.208,TRUE,3,24,Amp,,0.913,N,N,N
89,D17,FALSE,TD03,SOX2,UNKNOWN,FAM,NFQ-MGB,,,,1.501,1.009,2.233,28.906,28.876,0.026,,-3.035,0.42,0.242,-0.586,TRUE,0.208,TRUE,3,23,Amp,,0.861,N,N,N
90,D18,FALSE,TD03,SOX2,UNKNOWN,FAM,NFQ-MGB,,,,1.501,1.009,2.233,28.862,28.876,0.026,,-3.035,0.42,0.242,-0.586,TRUE,0.208,TRUE,3,23,Amp,,0.88,N,N,N
91,D19,FALSE,TD10,SOX2,UNKNOWN,FAM,NFQ-MGB,,,,0.196,0.165,0.233,23.801,23.635,0.148,,-0.101,0.181,0.105,2.348,TRUE,0.208,TRUE,3,18,Amp,,0.899,N,N,N
92,D20,FALSE,TD10,SOX2,UNKNOWN,FAM,NFQ-MGB,,,,0.196,0.165,0.233,23.514,23.635,0.148,,-0.101,0.181,0.105,2.348,TRUE,0.208,TRUE,3,17,Amp,,0.844,N,N,N
93,D21,FALSE,TD10,SOX2,UNKNOWN,FAM,NFQ-MGB,,,,0.196,0.165,0.233,23.59,23.635,0.148,,-0.101,0.181,0.105,2.348,TRUE,0.208,TRUE,3,19,Amp,,0.883,N,N,N
94,D22,FALSE,TD22,SOX2,UNKNOWN,FAM,NFQ-MGB,,,,0.093,0.075,0.114,25.071,24.992,0.068,,0.985,0.221,0.128,3.433,TRUE,0.208,TRUE,3,19,Amp,,0.885,N,N,N
95,D23,FALSE,TD22,SOX2,UNKNOWN,FAM,NFQ-MGB,,,,0.093,0.075,0.114,24.948,24.992,0.068,,0.985,0.221,0.128,3.433,TRUE,0.208,TRUE,3,20,Amp,,0.872,N,N,N
96,D24,FALSE,TD22,SOX2,UNKNOWN,FAM,NFQ-MGB,,,,0.093,0.075,0.114,24.959,24.992,0.068,,0.985,0.221,0.128,3.433,TRUE,0.208,TRUE,3,21,Amp,,0.89,N,N,N
97,E1,FALSE,H9,OCT3/4,UNKNOWN,FAM,NFQ-MGB,,,,1,0.646,1.548,25.497,25.566,0.376,,-6.985,0.461,0.266,0,TRUE,0.26,TRUE,3,20,Amp,,0.728,Y,N,N
98,E2,FALSE,H9,OCT3/4,UNKNOWN,FAM,NFQ-MGB,,,,1,0.646,1.548,25.972,25.566,0.376,,-6.985,0.461,0.266,0,TRUE,0.26,TRUE,3,20,Amp,,0.742,Y,N,N
99,E3,FALSE,H9,OCT3/4,UNKNOWN,FAM,NFQ-MGB,,,,1,0.646,1.548,25.23,25.566,0.376,,-6.985,0.461,0.266,0,TRUE,0.26,TRUE,3,18,Amp,,0.813,N,N,N
100,E4,FALSE,AJC,OCT3/4,UNKNOWN,FAM,NFQ-MGB,,,,0.219,0.173,0.277,25.707,25.731,0.035,,-4.793,0.249,0.144,2.193,TRUE,0.26,TRUE,3,19,Amp,,0.811,N,N,N
101,E5,FALSE,AJC,OCT3/4,UNKNOWN,FAM,NFQ-MGB,,,,0.219,0.173,0.277,25.715,25.731,0.035,,-4.793,0.249,0.144,2.193,TRUE,0.26,TRUE,3,20,Amp,,0.805,N,N,N
102,E6,FALSE,AJC,OCT3/4,UNKNOWN,FAM,NFQ-MGB,,,,0.219,0.173,0.277,25.771,25.731,0.035,,-4.793,0.249,0.144,2.193,TRUE,0.26,TRUE,3,21,Amp,,0.843,N,N,N
103,E7,FALSE,AJD,OCT3/4,UNKNOWN,FAM,NFQ-MGB,,,,0.01,0.007,0.014,28.352,28.054,0.283,,-0.372,0.348,0.201,6.613,TRUE,0.26,TRUE,3,23,Amp,,0.821,N,N,N
104,E8,FALSE,AJD,OCT3/4,UNKNOWN,FAM,NFQ-MGB,,,,0.01,0.007,0.014,28.022,28.054,0.283,,-0.372,0.348,0.201,6.613,TRUE,0.26,TRUE,3,24,Amp,,0.79,Y,N,N
105,E9,FALSE,AJD,OCT3/4,UNKNOWN,FAM,NFQ-MGB,,,,0.01,0.007,0.014,27.788,28.054,0.283,,-0.372,0.348,0.201,6.613,TRUE,0.26,TRUE,3,23,Amp,,0.793,Y,N,N
106,E10,FALSE,AJG,OCT3/4,UNKNOWN,FAM,NFQ-MGB,,,,0.614,0.542,0.697,25.404,25.449,0.086,,-6.282,0.133,0.077,0.703,TRUE,0.26,TRUE,3,19,Amp,,0.816,N,N,N
107,E11,FALSE,AJG,OCT3/4,UNKNOWN,FAM,NFQ-MGB,,,,0.614,0.542,0.697,25.395,25.449,0.086,,-6.282,0.133,0.077,0.703,TRUE,0.26,TRUE,3,19,Amp,,0.763,Y,N,N
108,E12,FALSE,AJG,OCT3/4,UNKNOWN,FAM,NFQ-MGB,,,,0.614,0.542,0.697,25.549,25.449,0.086,,-6.282,0.133,0.077,0.703,TRUE,0.26,TRUE,3,21,Amp,,0.824,N,N,N
109,E13,FALSE,TD02,OCT3/4,UNKNOWN,FAM,NFQ-MGB,,,,0.314,0.25,0.396,25.675,25.498,0.154,,-5.315,0.243,0.14,1.67,TRUE,0.26,TRUE,3,21,Amp,,0.897,N,N,N
110,E14,FALSE,TD02,OCT3/4,UNKNOWN,FAM,NFQ-MGB,,,,0.314,0.25,0.396,25.392,25.498,0.154,,-5.315,0.243,0.14,1.67,TRUE,0.26,TRUE,3,21,Amp,,0.899,N,N,N
111,E15,FALSE,TD02,OCT3/4,UNKNOWN,FAM,NFQ-MGB,,,,0.314,0.25,0.396,25.428,25.498,0.154,,-5.315,0.243,0.14,1.67,TRUE,0.26,TRUE,3,21,Amp,,0.894,N,N,N
112,E16,FALSE,TD03,OCT3/4,UNKNOWN,FAM,NFQ-MGB,,,,0.589,0.395,0.877,25.731,25.69,0.042,,-6.22,0.421,0.243,0.765,TRUE,0.26,TRUE,3,21,Amp,,0.827,N,N,N
113,E17,FALSE,TD03,OCT3/4,UNKNOWN,FAM,NFQ-MGB,,,,0.589,0.395,0.877,25.646,25.69,0.042,,-6.22,0.421,0.243,0.765,TRUE,0.26,TRUE,3,19,Amp,,0.794,Y,N,N
114,E18,FALSE,TD03,OCT3/4,UNKNOWN,FAM,NFQ-MGB,,,,0.589,0.395,0.877,25.692,25.69,0.042,,-6.22,0.421,0.243,0.765,TRUE,0.26,TRUE,3,20,Amp,,0.786,Y,N,N
115,E19,FALSE,TD10,OCT3/4,UNKNOWN,FAM,NFQ-MGB,,,,0.057,0.049,0.066,20.84,20.876,0.116,,-2.86,0.156,0.09,4.125,TRUE,0.26,TRUE,3,16,Amp,,0.815,N,N,N
116,E20,FALSE,TD10,OCT3/4,UNKNOWN,FAM,NFQ-MGB,,,,0.057,0.049,0.066,20.782,20.876,0.116,,-2.86,0.156,0.09,4.125,TRUE,0.26,TRUE,3,15,Amp,,0.795,Y,N,N
117,E21,FALSE,TD10,OCT3/4,UNKNOWN,FAM,NFQ-MGB,,,,0.057,0.049,0.066,21.005,20.876,0.116,,-2.86,0.156,0.09,4.125,TRUE,0.26,TRUE,3,16,Amp,,0.809,N,N,N
118,E22,FALSE,TD22,OCT3/4,UNKNOWN,FAM,NFQ-MGB,,,,0.038,0.03,0.049,21.89,21.726,0.143,,-2.282,0.255,0.147,4.703,TRUE,0.26,TRUE,3,16,Amp,,0.803,N,N,N
119,E23,FALSE,TD22,OCT3/4,UNKNOWN,FAM,NFQ-MGB,,,,0.038,0.03,0.049,21.656,21.726,0.143,,-2.282,0.255,0.147,4.703,TRUE,0.26,TRUE,3,16,Amp,,0.732,Y,N,N
120,E24,FALSE,TD22,OCT3/4,UNKNOWN,FAM,NFQ-MGB,,,,0.038,0.03,0.049,21.63,21.726,0.143,,-2.282,0.255,0.147,4.703,TRUE,0.26,TRUE,3,15,Amp,,0.839,N,N,N
121,F1,FALSE,H9,GAPDH2,UNKNOWN,VIC,NFQ-MGB,,,,,,,34.359,34.685,0.317,,,,,,TRUE,0.097,TRUE,3,29,Amp,,0.825,N,N,N
122,F2,FALSE,H9,GAPDH2,UNKNOWN,VIC,NFQ-MGB,,,,,,,34.991,34.685,0.317,,,,,,TRUE,0.097,TRUE,3,30,Amp,,0.851,N,N,N
123,F3,FALSE,H9,GAPDH2,UNKNOWN,VIC,NFQ-MGB,,,,,,,34.704,34.685,0.317,,,,,,TRUE,0.097,TRUE,3,30,Amp,,0.734,Y,N,N
124,F4,FALSE,AJC,GAPDH2,UNKNOWN,VIC,NFQ-MGB,,,,,,,32.469,32.431,0.339,,,,,,TRUE,0.097,TRUE,3,28,Amp,,0.842,N,N,N
125,F5,FALSE,AJC,GAPDH2,UNKNOWN,VIC,NFQ-MGB,,,,,,,32.748,32.431,0.339,,,,,,TRUE,0.097,TRUE,3,28,Amp,,0.819,N,N,N
126,F6,FALSE,AJC,GAPDH2,UNKNOWN,VIC,NFQ-MGB,,,,,,,32.074,32.431,0.339,,,,,,TRUE,0.097,TRUE,3,27,Amp,,0.828,N,N,N
127,F7,FALSE,AJD,GAPDH2,UNKNOWN,VIC,NFQ-MGB,,,,,,,28.375,28.135,0.211,,,,,,TRUE,0.097,TRUE,3,24,Amp,,0.895,N,N,N
128,F8,FALSE,AJD,GAPDH2,UNKNOWN,VIC,NFQ-MGB,,,,,,,28.056,28.135,0.211,,,,,,TRUE,0.097,TRUE,3,23,Amp,,0.89,N,N,N
129,F9,FALSE,AJD,GAPDH2,UNKNOWN,VIC,NFQ-MGB,,,,,,,27.975,28.135,0.211,,,,,,TRUE,0.097,TRUE,3,23,Amp,,0.845,N,N,N
130,F10,FALSE,AJG,GAPDH2,UNKNOWN,VIC,NFQ-MGB,,,,,,,33.623,33.596,0.092,,,,,,TRUE,0.097,TRUE,3,29,Amp,,0.849,N,N,N
131,F11,FALSE,AJG,GAPDH2,UNKNOWN,VIC,NFQ-MGB,,,,,,,33.494,33.596,0.092,,,,,,TRUE,0.097,TRUE,3,29,Amp,,0.923,N,N,N
132,F12,FALSE,AJG,GAPDH2,UNKNOWN,VIC,NFQ-MGB,,,,,,,33.672,33.596,0.092,,,,,,TRUE,0.097,TRUE,3,29,Amp,,0.881,N,N,N
133,F13,FALSE,TD02,GAPDH2,UNKNOWN,VIC,NFQ-MGB,,,,,,,32.453,32.353,0.238,,,,,,TRUE,0.097,TRUE,3,28,Amp,,0.936,N,N,N
134,F14,FALSE,TD02,GAPDH2,UNKNOWN,VIC,NFQ-MGB,,,,,,,32.525,32.353,0.238,,,,,,TRUE,0.097,TRUE,3,28,Amp,,0.917,N,N,N
135,F15,FALSE,TD02,GAPDH2,UNKNOWN,VIC,NFQ-MGB,,,,,,,32.082,32.353,0.238,,,,,,TRUE,0.097,TRUE,3,27,Amp,,0.912,N,N,N
136,F16,FALSE,TD03,GAPDH2,UNKNOWN,VIC,NFQ-MGB,,,,,,,34.727,34.291,0.53,,,,,,TRUE,0.097,TRUE,3,30,Amp,,0.8,N,N,Y
137,F17,FALSE,TD03,GAPDH2,UNKNOWN,VIC,NFQ-MGB,,,,,,,34.445,34.291,0.53,,,,,,TRUE,0.097,TRUE,3,29,Amp,,0.728,Y,N,Y
138,F18,FALSE,TD03,GAPDH2,UNKNOWN,VIC,NFQ-MGB,,,,,,,33.702,34.291,0.53,,,,,,TRUE,0.097,TRUE,3,29,Amp,,0.755,Y,N,Y
139,F19,FALSE,TD10,GAPDH2,UNKNOWN,VIC,NFQ-MGB,,,,,,,22.454,22.381,0.083,,,,,,TRUE,0.097,TRUE,3,18,Amp,,0.714,Y,N,N
140,F20,FALSE,TD10,GAPDH2,UNKNOWN,VIC,NFQ-MGB,,,,,,,22.397,22.381,0.083,,,,,,TRUE,0.097,TRUE,3,17,Amp,,0.698,Y,N,N
141,F21,FALSE,TD10,GAPDH2,UNKNOWN,VIC,NFQ-MGB,,,,,,,22.291,22.381,0.083,,,,,,TRUE,0.097,TRUE,3,17,Amp,,0.685,Y,N,N
142,F22,FALSE,TD22,GAPDH2,UNKNOWN,VIC,NFQ-MGB,,,,,,,23.177,22.959,0.189,,,,,,TRUE,0.097,TRUE,3,18,Amp,,0.757,Y,N,N
143,F23,FALSE,TD22,GAPDH2,UNKNOWN,VIC,NFQ-MGB,,,,,,,22.85,22.959,0.189,,,,,,TRUE,0.097,TRUE,3,18,Amp,,0.725,Y,N,N
144,F24,FALSE,TD22,GAPDH2,UNKNOWN,VIC,NFQ-MGB,,,,,,,22.849,22.959,0.189,,,,,,TRUE,0.097,TRUE,3,18,Amp,,0.751,Y,N,N
145,G1,FALSE,H9,GAPDH1,UNKNOWN,VIC,NFQ-MGB,,,,1,0.44,2.275,36.985,36.426,0.826,,3.874,0.868,0.501,0,TRUE,0.058,TRUE,3,33,Amp,,0.642,Y,N,Y
146,G2,FALSE,H9,GAPDH1,UNKNOWN,VIC,NFQ-MGB,,,,1,0.44,2.275,35.477,36.426,0.826,,3.874,0.868,0.501,0,TRUE,0.058,TRUE,3,31,Amp,,0.664,Y,N,Y
147,G3,FALSE,H9,GAPDH1,UNKNOWN,VIC,NFQ-MGB,,,,1,0.44,2.275,36.816,36.426,0.826,,3.874,0.868,0.501,0,TRUE,0.058,TRUE,3,33,Inconclusive,,0.692,Y,N,Y
148,G4,FALSE,AJC,GAPDH1,UNKNOWN,VIC,NFQ-MGB,,,,1.576,1.099,2.26,33.622,33.742,0.291,,3.218,0.381,0.22,-0.656,TRUE,0.058,TRUE,3,30,Amp,,0.808,N,N,N
149,G5,FALSE,AJC,GAPDH1,UNKNOWN,VIC,NFQ-MGB,,,,1.576,1.099,2.26,34.073,33.742,0.291,,3.218,0.381,0.22,-0.656,TRUE,0.058,TRUE,3,30,Amp,,0.743,Y,N,N
150,G6,FALSE,AJC,GAPDH1,UNKNOWN,VIC,NFQ-MGB,,,,1.576,1.099,2.26,33.53,33.742,0.291,,3.218,0.381,0.22,-0.656,TRUE,0.058,TRUE,3,30,Amp,,0.78,Y,N,N
151,G7,FALSE,AJD,GAPDH1,UNKNOWN,VIC,NFQ-MGB,,,,8.948,7.332,10.92,29.079,29.139,0.058,,0.713,0.211,0.122,-3.162,TRUE,0.058,TRUE,3,25,Amp,,0.832,N,N,N
152,G8,FALSE,AJD,GAPDH1,UNKNOWN,VIC,NFQ-MGB,,,,8.948,7.332,10.92,29.142,29.139,0.058,,0.713,0.211,0.122,-3.162,TRUE,0.058,TRUE,3,25,Amp,,0.828,N,N,N
153,G9,FALSE,AJD,GAPDH1,UNKNOWN,VIC,NFQ-MGB,,,,8.948,7.332,10.92,29.196,29.139,0.058,,0.713,0.211,0.122,-3.162,TRUE,0.058,TRUE,3,26,Amp,,0.819,N,N,N
154,G10,FALSE,AJG,GAPDH1,UNKNOWN,VIC,NFQ-MGB,,,,1.561,1.068,2.281,34.859,34.964,0.388,,3.232,0.401,0.231,-0.642,TRUE,0.058,TRUE,3,31,Amp,,0.784,Y,N,N
155,G11,FALSE,AJG,GAPDH1,UNKNOWN,VIC,NFQ-MGB,,,,1.561,1.068,2.281,35.393,34.964,0.388,,3.232,0.401,0.231,-0.642,TRUE,0.058,TRUE,3,31,Amp,,0.703,Y,N,N
156,G12,FALSE,AJG,GAPDH1,UNKNOWN,VIC,NFQ-MGB,,,,1.561,1.068,2.281,34.639,34.964,0.388,,3.232,0.401,0.231,-0.642,TRUE,0.058,TRUE,3,31,Amp,,0.748,Y,N,N
157,G13,FALSE,TD02,GAPDH1,UNKNOWN,VIC,NFQ-MGB,,,,3.29,2.737,3.954,32.918,32.97,0.049,,2.157,0.194,0.112,-1.718,TRUE,0.058,TRUE,3,29,Amp,,0.79,Y,N,N
158,G14,FALSE,TD02,GAPDH1,UNKNOWN,VIC,NFQ-MGB,,,,3.29,2.737,3.954,33.014,32.97,0.049,,2.157,0.194,0.112,-1.718,TRUE,0.058,TRUE,3,29,Amp,,0.859,N,N,N
159,G15,FALSE,TD02,GAPDH1,UNKNOWN,VIC,NFQ-MGB,,,,3.29,2.737,3.954,32.978,32.97,0.049,,2.157,0.194,0.112,-1.718,TRUE,0.058,TRUE,3,29,Amp,,0.875,N,N,N
160,G16,FALSE,TD03,GAPDH1,UNKNOWN,VIC,NFQ-MGB,,,,2.207,0.977,4.986,34.108,34.642,0.752,,2.732,0.861,0.497,-1.142,TRUE,0.058,TRUE,3,30,Amp,,0.795,Y,N,Y
161,G17,FALSE,TD03,GAPDH1,UNKNOWN,VIC,NFQ-MGB,,,,2.207,0.977,4.986,35.503,34.642,0.752,,2.732,0.861,0.497,-1.142,TRUE,0.058,TRUE,3,31,Amp,,0.705,Y,N,Y
162,G18,FALSE,TD03,GAPDH1,UNKNOWN,VIC,NFQ-MGB,,,,2.207,0.977,4.986,34.316,34.642,0.752,,2.732,0.861,0.497,-1.142,TRUE,0.058,TRUE,3,30,Amp,,0.696,Y,N,Y
163,G19,FALSE,TD10,GAPDH1,UNKNOWN,VIC,NFQ-MGB,,,,17.465,15.05,20.266,23.499,23.484,0.118,,-0.252,0.157,0.091,-4.126,TRUE,0.058,TRUE,3,19,Amp,,0.665,Y,N,N
164,G20,FALSE,TD10,GAPDH1,UNKNOWN,VIC,NFQ-MGB,,,,17.465,15.05,20.266,23.359,23.484,0.118,,-0.252,0.157,0.091,-4.126,TRUE,0.058,TRUE,3,19,Amp,,0.665,Y,N,N
165,G21,FALSE,TD10,GAPDH1,UNKNOWN,VIC,NFQ-MGB,,,,17.465,15.05,20.266,23.593,23.484,0.118,,-0.252,0.157,0.091,-4.126,TRUE,0.058,TRUE,3,20,Amp,,0.735,Y,N,N
166,G22,FALSE,TD22,GAPDH1,UNKNOWN,VIC,NFQ-MGB,,,,13.82,10.912,17.504,24.246,24.093,0.135,,0.086,0.25,0.144,-3.789,TRUE,0.058,TRUE,3,20,Amp,,0.71,Y,N,N
167,G23,FALSE,TD22,GAPDH1,UNKNOWN,VIC,NFQ-MGB,,,,13.82,10.912,17.504,23.992,24.093,0.135,,0.086,0.25,0.144,-3.789,TRUE,0.058,TRUE,3,20,Amp,,0.708,Y,N,N
168,G24,FALSE,TD22,GAPDH1,UNKNOWN,VIC,NFQ-MGB,,,,13.82,10.912,17.504,24.042,24.093,0.135,,0.086,0.25,0.144,-3.789,TRUE,0.058,TRUE,3,20,Amp,,0.746,Y,N,N
169,H1,FALSE,H9,ACTB,UNKNOWN,VIC,NFQ-MGB,,,,,,,30.179,30.418,0.207,,,,,,TRUE,0.102,TRUE,3,26,Amp,,0.875,N,N,N
170,H2,FALSE,H9,ACTB,UNKNOWN,VIC,NFQ-MGB,,,,,,,30.543,30.418,0.207,,,,,,TRUE,0.102,TRUE,3,26,Amp,,0.883,N,N,N
171,H3,FALSE,H9,ACTB,UNKNOWN,VIC,NFQ-MGB,,,,,,,30.532,30.418,0.207,,,,,,TRUE,0.102,TRUE,3,26,Amp,,0.859,N,N,N
172,H4,FALSE,AJC,ACTB,UNKNOWN,VIC,NFQ-MGB,,,,,,,28.596,28.617,0.08,,,,,,TRUE,0.102,TRUE,3,24,Amp,,0.874,N,N,N
173,H5,FALSE,AJC,ACTB,UNKNOWN,VIC,NFQ-MGB,,,,,,,28.705,28.617,0.08,,,,,,TRUE,0.102,TRUE,3,24,Amp,,0.884,N,N,N
174,H6,FALSE,AJC,ACTB,UNKNOWN,VIC,NFQ-MGB,,,,,,,28.548,28.617,0.08,,,,,,TRUE,0.102,TRUE,3,24,Amp,,0.872,N,N,N
175,H7,FALSE,AJD,ACTB,UNKNOWN,VIC,NFQ-MGB,,,,,,,28.821,28.716,0.193,,,,,,TRUE,0.102,TRUE,3,24,Amp,,0.869,N,N,N
176,H8,FALSE,AJD,ACTB,UNKNOWN,VIC,NFQ-MGB,,,,,,,28.834,28.716,0.193,,,,,,TRUE,0.102,TRUE,3,24,Amp,,0.907,N,N,N
177,H9,FALSE,AJD,ACTB,UNKNOWN,VIC,NFQ-MGB,,,,,,,28.494,28.716,0.193,,,,,,TRUE,0.102,TRUE,3,24,Amp,,0.901,N,N,N
178,H10,FALSE,AJG,ACTB,UNKNOWN,VIC,NFQ-MGB,,,,,,,29.993,29.867,0.109,,,,,,TRUE,0.102,TRUE,3,25,Amp,,0.875,N,N,N
179,H11,FALSE,AJG,ACTB,UNKNOWN,VIC,NFQ-MGB,,,,,,,29.811,29.867,0.109,,,,,,TRUE,0.102,TRUE,3,25,Amp,,0.902,N,N,N
180,H12,FALSE,AJG,ACTB,UNKNOWN,VIC,NFQ-MGB,,,,,,,29.796,29.867,0.109,,,,,,TRUE,0.102,TRUE,3,25,Amp,,0.888,N,N,N
181,H13,FALSE,TD02,ACTB,UNKNOWN,VIC,NFQ-MGB,,,,,,,29.269,29.274,0.12,,,,,,TRUE,0.102,TRUE,3,25,Amp,,0.939,N,N,N
182,H14,FALSE,TD02,ACTB,UNKNOWN,VIC,NFQ-MGB,,,,,,,29.397,29.274,0.12,,,,,,TRUE,0.102,TRUE,3,25,Amp,,0.877,N,N,N
183,H15,FALSE,TD02,ACTB,UNKNOWN,VIC,NFQ-MGB,,,,,,,29.157,29.274,0.12,,,,,,TRUE,0.102,TRUE,3,25,Amp,,0.962,N,N,N
184,H16,FALSE,TD03,ACTB,UNKNOWN,VIC,NFQ-MGB,,,,,,,29.718,29.529,0.265,,,,,,TRUE,0.102,TRUE,3,24,Amp,,0.841,N,N,N
185,H17,FALSE,TD03,ACTB,UNKNOWN,VIC,NFQ-MGB,,,,,,,29.644,29.529,0.265,,,,,,TRUE,0.102,TRUE,3,25,Amp,,0.882,N,N,N
186,H18,FALSE,TD03,ACTB,UNKNOWN,VIC,NFQ-MGB,,,,,,,29.226,29.529,0.265,,,,,,TRUE,0.102,TRUE,3,25,Amp,,0.838,N,N,N
187,H19,FALSE,TD10,ACTB,UNKNOWN,VIC,NFQ-MGB,,,,,,,25.108,25.091,0.122,,,,,,TRUE,0.102,TRUE,3,20,Amp,,0.874,N,N,N
188,H20,FALSE,TD10,ACTB,UNKNOWN,VIC,NFQ-MGB,,,,,,,25.203,25.091,0.122,,,,,,TRUE,0.102,TRUE,3,21,Amp,,0.864,N,N,N
189,H21,FALSE,TD10,ACTB,UNKNOWN,VIC,NFQ-MGB,,,,,,,24.961,25.091,0.122,,,,,,TRUE,0.102,TRUE,3,20,Amp,,0.845,N,N,N
190,H22,FALSE,TD22,ACTB,UNKNOWN,VIC,NFQ-MGB,,,,,,,25.295,25.057,0.229,,,,,,TRUE,0.102,TRUE,3,21,Amp,,0.857,N,N,N
191,H23,FALSE,TD22,ACTB,UNKNOWN,VIC,NFQ-MGB,,,,,,,25.038,25.057,0.229,,,,,,TRUE,0.102,TRUE,3,20,Amp,,0.864,N,N,N
192,H24,FALSE,TD22,ACTB,UNKNOWN,VIC,NFQ-MGB,,,,,,,24.837,25.057,0.229,,,,,,TRUE,0.102,TRUE,3,20,Amp,,0.89,N,N,N
193,I1,FALSE,AIW001-2,NANOG,UNKNOWN,FAM,NFQ-MGB,,,,3.837,3.109,4.736,28.254,28.254,0.056,,-6.248,0.205,0.118,-1.94,TRUE,0.296,TRUE,3,23,Amp,,0.855,N,N,N
194,I2,FALSE,AIW001-2,NANOG,UNKNOWN,FAM,NFQ-MGB,,,,3.837,3.109,4.736,28.198,28.254,0.056,,-6.248,0.205,0.118,-1.94,TRUE,0.296,TRUE,3,20,Amp,,0.859,N,N,N
195,I3,FALSE,AIW001-2,NANOG,UNKNOWN,FAM,NFQ-MGB,,,,3.837,3.109,4.736,28.311,28.254,0.056,,-6.248,0.205,0.118,-1.94,TRUE,0.296,TRUE,3,23,Amp,,0.882,N,N,N
196,I4,FALSE,AIW002-02,NANOG,UNKNOWN,FAM,NFQ-MGB,,,,1.397,1.143,1.709,26.977,27.065,0.078,,-4.791,0.213,0.123,-0.483,TRUE,0.296,TRUE,3,22,Amp,,0.879,N,N,N
197,I5,FALSE,AIW002-02,NANOG,UNKNOWN,FAM,NFQ-MGB,,,,1.397,1.143,1.709,27.123,27.065,0.078,,-4.791,0.213,0.123,-0.483,TRUE,0.296,TRUE,3,20,Amp,,0.871,N,N,N
198,I6,FALSE,AIW002-02,NANOG,UNKNOWN,FAM,NFQ-MGB,,,,1.397,1.143,1.709,27.094,27.065,0.078,,-4.791,0.213,0.123,-0.483,TRUE,0.296,TRUE,3,21,Amp,,0.837,N,N,N
199,I7,FALSE,3448,NANOG,UNKNOWN,FAM,NFQ-MGB,,,,0.039,0.036,0.043,24.1,24.069,0.045,,0.368,0.089,0.051,4.676,TRUE,0.296,TRUE,3,18,Amp,,0.834,N,N,N
200,I8,FALSE,3448,NANOG,UNKNOWN,FAM,NFQ-MGB,,,,0.039,0.036,0.043,24.09,24.069,0.045,,0.368,0.089,0.051,4.676,TRUE,0.296,TRUE,3,19,Amp,,0.876,N,N,N
201,I9,FALSE,3448,NANOG,UNKNOWN,FAM,NFQ-MGB,,,,0.039,0.036,0.043,24.017,24.069,0.045,,0.368,0.089,0.051,4.676,TRUE,0.296,TRUE,3,18,Amp,,0.881,N,N,N
202,I10,FALSE,3450,NANOG,UNKNOWN,FAM,NFQ-MGB,,,,0.988,0.704,1.387,27.642,27.629,0.267,,-4.291,0.358,0.207,0.017,TRUE,0.296,TRUE,3,21,Amp,,0.878,N,N,N
203,I11,FALSE,3450,NANOG,UNKNOWN,FAM,NFQ-MGB,,,,0.988,0.704,1.387,27.89,27.629,0.267,,-4.291,0.358,0.207,0.017,TRUE,0.296,TRUE,3,22,Amp,,0.868,N,N,N
204,I12,FALSE,3450,NANOG,UNKNOWN,FAM,NFQ-MGB,,,,0.988,0.704,1.387,27.356,27.629,0.267,,-4.291,0.358,0.207,0.017,TRUE,0.296,TRUE,3,21,Amp,,0.866,N,N,N
217,J1,FALSE,AIW001-2,C-MYC,UNKNOWN,FAM,NFQ-MGB,,,,1.535,0.838,2.812,33.123,33.616,0.555,,-0.886,0.588,0.34,-0.618,TRUE,0.337,TRUE,3,27,Amp,,0.865,N,N,Y
218,J2,FALSE,AIW001-2,C-MYC,UNKNOWN,FAM,NFQ-MGB,,,,1.535,0.838,2.812,33.51,33.616,0.555,,-0.886,0.588,0.34,-0.618,TRUE,0.337,TRUE,3,28,Amp,,0.809,N,N,Y
219,J3,FALSE,AIW001-2,C-MYC,UNKNOWN,FAM,NFQ-MGB,,,,1.535,0.838,2.812,34.217,33.616,0.555,,-0.886,0.588,0.34,-0.618,TRUE,0.337,TRUE,3,28,Amp,,0.777,Y,N,Y
220,J4,FALSE,AIW002-02,C-MYC,UNKNOWN,FAM,NFQ-MGB,,,,1.895,1.525,2.355,30.645,30.666,0.116,,-1.189,0.23,0.133,-0.922,TRUE,0.337,TRUE,3,24,Amp,,0.832,N,N,N
221,J5,FALSE,AIW002-02,C-MYC,UNKNOWN,FAM,NFQ-MGB,,,,1.895,1.525,2.355,30.791,30.666,0.116,,-1.189,0.23,0.133,-0.922,TRUE,0.337,TRUE,3,24,Amp,,0.872,N,N,N
222,J6,FALSE,AIW002-02,C-MYC,UNKNOWN,FAM,NFQ-MGB,,,,1.895,1.525,2.355,30.562,30.666,0.116,,-1.189,0.23,0.133,-0.922,TRUE,0.337,TRUE,3,24,Amp,,0.838,N,N,N
223,J7,FALSE,3448,C-MYC,UNKNOWN,FAM,NFQ-MGB,,,,0.488,0.449,0.531,24.435,24.468,0.044,,0.767,0.089,0.051,1.035,TRUE,0.337,TRUE,3,19,Amp,,0.884,N,N,N
224,J8,FALSE,3448,C-MYC,UNKNOWN,FAM,NFQ-MGB,,,,0.488,0.449,0.531,24.451,24.468,0.044,,0.767,0.089,0.051,1.035,TRUE,0.337,TRUE,3,17,Amp,,0.871,N,N,N
225,J9,FALSE,3448,C-MYC,UNKNOWN,FAM,NFQ-MGB,,,,0.488,0.449,0.531,24.519,24.468,0.044,,0.767,0.089,0.051,1.035,TRUE,0.337,TRUE,3,19,Amp,,0.872,N,N,N
226,J10,FALSE,3450,C-MYC,UNKNOWN,FAM,NFQ-MGB,,,,1.586,0.961,2.617,30.923,30.988,0.472,,-0.932,0.529,0.306,-0.665,TRUE,0.337,TRUE,3,25,Amp,,0.863,N,N,N
227,J11,FALSE,3450,C-MYC,UNKNOWN,FAM,NFQ-MGB,,,,1.586,0.961,2.617,31.489,30.988,0.472,,-0.932,0.529,0.306,-0.665,TRUE,0.337,TRUE,3,26,Amp,,0.823,N,N,N
228,J12,FALSE,3450,C-MYC,UNKNOWN,FAM,NFQ-MGB,,,,1.586,0.961,2.617,30.551,30.988,0.472,,-0.932,0.529,0.306,-0.665,TRUE,0.337,TRUE,3,23,Amp,,0.868,N,N,N
241,K1,FALSE,AIW001-2,ZFP42,UNKNOWN,FAM,NFQ-MGB,,,,7.439,2.167,25.539,29.66,27.987,1.87,,-6.515,1.88,0.772,-2.895,TRUE,0.243,TRUE,3,24,Amp,,0.896,N,N,Y
242,K2,FALSE,AIW001-2,ZFP42,UNKNOWN,FAM,NFQ-MGB,,,,7.439,2.167,25.539,29.81,27.987,1.87,,-6.515,1.88,0.772,-2.895,TRUE,0.243,TRUE,3,24,Amp,,0.86,N,N,Y
243,K3,FALSE,AIW001-2,ZFP42,UNKNOWN,FAM,NFQ-MGB,,,,7.439,2.167,25.539,29.592,27.987,1.87,,-6.515,1.88,0.772,-2.895,TRUE,0.243,TRUE,3,24,Amp,,0.889,N,N,Y
244,K4,FALSE,AIW002-02,ZFP42,UNKNOWN,FAM,NFQ-MGB,,,,5.543,1.635,18.79,27.521,25.765,1.916,,-6.091,1.926,0.79,-2.471,TRUE,0.243,TRUE,3,22,Amp,,0.904,N,N,Y
245,K5,FALSE,AIW002-02,ZFP42,UNKNOWN,FAM,NFQ-MGB,,,,5.543,1.635,18.79,27.62,25.765,1.916,,-6.091,1.926,0.79,-2.471,TRUE,0.243,TRUE,3,22,Amp,,0.861,N,N,Y
246,K6,FALSE,AIW002-02,ZFP42,UNKNOWN,FAM,NFQ-MGB,,,,5.543,1.635,18.79,27.377,25.765,1.916,,-6.091,1.926,0.79,-2.471,TRUE,0.243,TRUE,3,21,Amp,,0.905,N,N,Y
247,K7,FALSE,3448,ZFP42,UNKNOWN,FAM,NFQ-MGB,,,,0.179,0.065,0.496,24.08,22.56,1.608,,-1.141,1.61,0.658,2.479,TRUE,0.243,TRUE,3,18,Amp,,0.866,N,N,Y
248,K8,FALSE,3448,ZFP42,UNKNOWN,FAM,NFQ-MGB,,,,0.179,0.065,0.496,24.04,22.56,1.608,,-1.141,1.61,0.658,2.479,TRUE,0.243,TRUE,3,18,Amp,,0.893,N,N,Y
249,K9,FALSE,3448,ZFP42,UNKNOWN,FAM,NFQ-MGB,,,,0.179,0.065,0.496,23.927,22.56,1.608,,-1.141,1.61,0.658,2.479,TRUE,0.243,TRUE,3,18,Amp,,0.877,N,N,Y
250,K10,FALSE,3450,ZFP42,UNKNOWN,FAM,NFQ-MGB,,,,3.393,1.378,8.356,27.878,26.538,1.389,,-5.383,1.409,0.584,-1.763,TRUE,0.243,TRUE,3,22,Amp,,0.895,N,N,Y
251,K11,FALSE,3450,ZFP42,UNKNOWN,FAM,NFQ-MGB,,,,3.393,1.378,8.356,27.863,26.538,1.389,,-5.383,1.409,0.584,-1.763,TRUE,0.243,TRUE,3,21,Amp,,0.897,N,N,Y
252,K12,FALSE,3450,ZFP42,UNKNOWN,FAM,NFQ-MGB,,,,3.393,1.378,8.356,27.669,26.538,1.389,,-5.383,1.409,0.584,-1.763,TRUE,0.243,TRUE,3,22,Amp,,0.906,N,N,Y
265,L1,FALSE,AIW001-2,SOX2,UNKNOWN,FAM,NFQ-MGB,,,,1.421,0.971,2.079,31.792,31.547,0.313,,-2.955,0.37,0.214,-0.507,TRUE,0.208,TRUE,3,26,Amp,,0.822,N,N,N
266,L2,FALSE,AIW001-2,SOX2,UNKNOWN,FAM,NFQ-MGB,,,,1.421,0.971,2.079,31.194,31.547,0.313,,-2.955,0.37,0.214,-0.507,TRUE,0.208,TRUE,3,25,Amp,,0.89,N,N,N
267,L3,FALSE,AIW001-2,SOX2,UNKNOWN,FAM,NFQ-MGB,,,,1.421,0.971,2.079,31.656,31.547,0.313,,-2.955,0.37,0.214,-0.507,TRUE,0.208,TRUE,3,27,Amp,,0.891,N,N,N
268,L4,FALSE,AIW002-02,SOX2,UNKNOWN,FAM,NFQ-MGB,,,,0.709,0.574,0.877,30.011,29.903,0.105,,-1.953,0.224,0.129,0.495,TRUE,0.208,TRUE,3,23,Amp,,0.895,N,N,N
269,L5,FALSE,AIW002-02,SOX2,UNKNOWN,FAM,NFQ-MGB,,,,0.709,0.574,0.877,29.896,29.903,0.105,,-1.953,0.224,0.129,0.495,TRUE,0.208,TRUE,3,23,Amp,,0.915,N,N,N
270,L6,FALSE,AIW002-02,SOX2,UNKNOWN,FAM,NFQ-MGB,,,,0.709,0.574,0.877,29.801,29.903,0.105,,-1.953,0.224,0.129,0.495,TRUE,0.208,TRUE,3,23,Amp,,0.897,N,N,N
271,L7,FALSE,3448,SOX2,UNKNOWN,FAM,NFQ-MGB,,,,0.135,0.125,0.146,24.171,24.144,0.028,,0.443,0.082,0.047,2.891,TRUE,0.208,TRUE,3,19,Amp,,0.93,N,N,N
272,L8,FALSE,3448,SOX2,UNKNOWN,FAM,NFQ-MGB,,,,0.135,0.125,0.146,24.146,24.144,0.028,,0.443,0.082,0.047,2.891,TRUE,0.208,TRUE,3,18,Amp,,0.943,N,N,N
273,L9,FALSE,3448,SOX2,UNKNOWN,FAM,NFQ-MGB,,,,0.135,0.125,0.146,24.115,24.144,0.028,,0.443,0.082,0.047,2.891,TRUE,0.208,TRUE,3,20,Amp,,0.937,N,N,N
274,L10,FALSE,3450,SOX2,UNKNOWN,FAM,NFQ-MGB,,,,0.741,0.537,1.024,29.974,29.904,0.244,,-2.017,0.341,0.197,0.432,TRUE,0.208,TRUE,3,24,Amp,,0.96,N,N,N
275,L11,FALSE,3450,SOX2,UNKNOWN,FAM,NFQ-MGB,,,,0.741,0.537,1.024,29.632,29.904,0.244,,-2.017,0.341,0.197,0.432,TRUE,0.208,TRUE,3,23,Amp,,0.971,N,N,N
276,L12,FALSE,3450,SOX2,UNKNOWN,FAM,NFQ-MGB,,,,0.741,0.537,1.024,30.104,29.904,0.244,,-2.017,0.341,0.197,0.432,TRUE,0.208,TRUE,3,25,Amp,,0.928,N,N,N
289,M1,FALSE,AIW001-2,cot3/4,UNKNOWN,FAM,NFQ-MGB,,,,7.439,2.167,25.539,26.122,27.987,1.87,,-6.515,1.88,0.772,-2.895,TRUE,0.243,TRUE,3,22,Amp,,0.717,Y,N,Y
290,M2,FALSE,AIW001-2,cot3/4,UNKNOWN,FAM,NFQ-MGB,,,,7.439,2.167,25.539,26.178,27.987,1.87,,-6.515,1.88,0.772,-2.895,TRUE,0.243,TRUE,3,21,Amp,,0.729,Y,N,Y
291,M3,FALSE,AIW001-2,cot3/4,UNKNOWN,FAM,NFQ-MGB,,,,7.439,2.167,25.539,26.562,27.987,1.87,,-6.515,1.88,0.772,-2.895,TRUE,0.243,TRUE,3,20,Amp,,0.824,N,N,Y
292,M4,FALSE,AIW002-02,cot3/4,UNKNOWN,FAM,NFQ-MGB,,,,5.543,1.635,18.79,23.953,25.765,1.916,,-6.091,1.926,0.79,-2.471,TRUE,0.243,TRUE,3,19,Amp,,0.824,N,N,Y
293,M5,FALSE,AIW002-02,cot3/4,UNKNOWN,FAM,NFQ-MGB,,,,5.543,1.635,18.79,23.813,25.765,1.916,,-6.091,1.926,0.79,-2.471,TRUE,0.243,TRUE,3,18,Amp,,0.854,N,N,Y
294,M6,FALSE,AIW002-02,cot3/4,UNKNOWN,FAM,NFQ-MGB,,,,5.543,1.635,18.79,24.305,25.765,1.916,,-6.091,1.926,0.79,-2.471,TRUE,0.243,TRUE,3,19,Amp,,0.796,Y,N,Y
295,M7,FALSE,3448,cot3/4,UNKNOWN,FAM,NFQ-MGB,,,,0.179,0.065,0.496,21.023,22.56,1.608,,-1.141,1.61,0.658,2.479,TRUE,0.243,TRUE,3,16,Amp,,0.884,N,N,Y
296,M8,FALSE,3448,cot3/4,UNKNOWN,FAM,NFQ-MGB,,,,0.179,0.065,0.496,21.468,22.56,1.608,,-1.141,1.61,0.658,2.479,TRUE,0.243,TRUE,3,16,Amp,,0.798,Y,N,Y
297,M9,FALSE,3448,cot3/4,UNKNOWN,FAM,NFQ-MGB,,,,0.179,0.065,0.496,20.824,22.56,1.608,,-1.141,1.61,0.658,2.479,TRUE,0.243,TRUE,3,16,Amp,,0.9,N,N,Y
298,M10,FALSE,3450,cot3/4,UNKNOWN,FAM,NFQ-MGB,,,,3.393,1.378,8.356,25.257,26.538,1.389,,-5.383,1.409,0.584,-1.763,TRUE,0.243,TRUE,3,20,Amp,,0.899,N,N,Y
299,M11,FALSE,3450,cot3/4,UNKNOWN,FAM,NFQ-MGB,,,,3.393,1.378,8.356,25.244,26.538,1.389,,-5.383,1.409,0.584,-1.763,TRUE,0.243,TRUE,3,19,Amp,,0.783,Y,N,Y
300,M12,FALSE,3450,cot3/4,UNKNOWN,FAM,NFQ-MGB,,,,3.393,1.378,8.356,25.314,26.538,1.389,,-5.383,1.409,0.584,-1.763,TRUE,0.243,TRUE,3,20,Amp,,0.779,Y,N,Y
313,N1,FALSE,AIW001-2,GAPDH2,UNKNOWN,VIC,NFQ-MGB,,,,,,,Undetermined,37.624,,,,,,,TRUE,0.097,TRUE,3,35,No Amp,,0,Y,N,N
314,N2,FALSE,AIW001-2,GAPDH2,UNKNOWN,VIC,NFQ-MGB,,,,,,,37.624,37.624,,,,,,,TRUE,0.097,TRUE,3,33,Amp,,0.544,Y,N,N
315,N3,FALSE,AIW001-2,GAPDH2,UNKNOWN,VIC,NFQ-MGB,,,,,,,Undetermined,37.624,,,,,,,TRUE,0.097,TRUE,3,39,No Amp,,0,Y,Y,N
316,N4,FALSE,AIW002-02,GAPDH2,UNKNOWN,VIC,NFQ-MGB,,,,,,,34.054,33.955,0.126,,,,,,TRUE,0.097,TRUE,3,29,Amp,,0.819,N,N,N
317,N5,FALSE,AIW002-02,GAPDH2,UNKNOWN,VIC,NFQ-MGB,,,,,,,33.997,33.955,0.126,,,,,,TRUE,0.097,TRUE,3,29,Amp,,0.807,N,N,N
318,N6,FALSE,AIW002-02,GAPDH2,UNKNOWN,VIC,NFQ-MGB,,,,,,,33.814,33.955,0.126,,,,,,TRUE,0.097,TRUE,3,29,Amp,,0.86,N,N,N
319,N7,FALSE,3448,GAPDH2,UNKNOWN,VIC,NFQ-MGB,,,,,,,22.557,22.456,0.098,,,,,,TRUE,0.097,TRUE,3,18,Amp,,0.765,Y,N,N
320,N8,FALSE,3448,GAPDH2,UNKNOWN,VIC,NFQ-MGB,,,,,,,22.449,22.456,0.098,,,,,,TRUE,0.097,TRUE,3,18,Amp,,0.748,Y,N,N
321,N9,FALSE,3448,GAPDH2,UNKNOWN,VIC,NFQ-MGB,,,,,,,22.361,22.456,0.098,,,,,,TRUE,0.097,TRUE,3,18,Amp,,0.758,Y,N,N
322,N10,FALSE,3450,GAPDH2,UNKNOWN,VIC,NFQ-MGB,,,,,,,34.917,34.785,0.325,,,,,,TRUE,0.097,TRUE,3,30,Amp,,0.774,Y,N,N
323,N11,FALSE,3450,GAPDH2,UNKNOWN,VIC,NFQ-MGB,,,,,,,34.414,34.785,0.325,,,,,,TRUE,0.097,TRUE,3,30,Amp,,0.749,Y,N,N
324,N12,FALSE,3450,GAPDH2,UNKNOWN,VIC,NFQ-MGB,,,,,,,35.023,34.785,0.325,,,,,,TRUE,0.097,TRUE,3,30,Amp,,0.724,Y,N,N
337,O1,FALSE,AIW001-2,GAPDH1,UNKNOWN,VIC,NFQ-MGB,,,,,,,Undetermined,,,,,,,,TRUE,0.058,TRUE,3,39,No Amp,,0,Y,Y,N
338,O2,FALSE,AIW001-2,GAPDH1,UNKNOWN,VIC,NFQ-MGB,,,,,,,Undetermined,,,,,,,,TRUE,0.058,TRUE,3,39,No Amp,,0,Y,Y,N
339,O3,FALSE,AIW001-2,GAPDH1,UNKNOWN,VIC,NFQ-MGB,,,,,,,Undetermined,,,,,,,,TRUE,0.058,TRUE,3,39,No Amp,,0,Y,Y,N
340,O4,FALSE,AIW002-02,GAPDH1,UNKNOWN,VIC,NFQ-MGB,,,,1.985,1.552,2.539,34.635,34.741,0.168,,2.885,0.26,0.15,-0.989,TRUE,0.058,TRUE,3,30,Amp,,0.685,Y,N,N
341,O5,FALSE,AIW002-02,GAPDH1,UNKNOWN,VIC,NFQ-MGB,,,,1.985,1.552,2.539,34.935,34.741,0.168,,2.885,0.26,0.15,-0.989,TRUE,0.058,TRUE,3,31,Amp,,0.737,Y,N,N
342,O6,FALSE,AIW002-02,GAPDH1,UNKNOWN,VIC,NFQ-MGB,,,,1.985,1.552,2.539,34.652,34.741,0.168,,2.885,0.26,0.15,-0.989,TRUE,0.058,TRUE,3,31,Amp,,0.778,Y,N,N
343,O7,FALSE,3448,GAPDH1,UNKNOWN,VIC,NFQ-MGB,,,,18.474,16.644,20.505,23.327,23.368,0.079,,-0.333,0.11,0.064,-4.207,TRUE,0.058,TRUE,3,19,Amp,,0.74,Y,N,N
344,O8,FALSE,3448,GAPDH1,UNKNOWN,VIC,NFQ-MGB,,,,18.474,16.644,20.505,23.459,23.368,0.079,,-0.333,0.11,0.064,-4.207,TRUE,0.058,TRUE,3,20,Amp,,0.765,Y,N,N
345,O9,FALSE,3448,GAPDH1,UNKNOWN,VIC,NFQ-MGB,,,,18.474,16.644,20.505,23.318,23.368,0.079,,-0.333,0.11,0.064,-4.207,TRUE,0.058,TRUE,3,19,Amp,,0.736,Y,N,N
346,O10,FALSE,3450,GAPDH1,UNKNOWN,VIC,NFQ-MGB,,,,1.968,1.555,2.492,34.893,34.818,0.072,,2.897,0.249,0.144,-0.977,TRUE,0.058,TRUE,3,31,Amp,,0.738,Y,N,N
347,O11,FALSE,3450,GAPDH1,UNKNOWN,VIC,NFQ-MGB,,,,1.968,1.555,2.492,34.751,34.818,0.072,,2.897,0.249,0.144,-0.977,TRUE,0.058,TRUE,3,31,Amp,,0.83,N,N,N
348,O12,FALSE,3450,GAPDH1,UNKNOWN,VIC,NFQ-MGB,,,,1.968,1.555,2.492,34.809,34.818,0.072,,2.897,0.249,0.144,-0.977,TRUE,0.058,TRUE,3,31,Amp,,0.725,Y,N,N
361,P1,FALSE,AIW001-2,ACTB,UNKNOWN,VIC,NFQ-MGB,,,,,,,31.444,31.38,0.197,,,,,,TRUE,0.102,TRUE,3,27,Amp,,0.833,N,N,N
362,P2,FALSE,AIW001-2,ACTB,UNKNOWN,VIC,NFQ-MGB,,,,,,,31.16,31.38,0.197,,,,,,TRUE,0.102,TRUE,3,26,Amp,,0.818,N,N,N
363,P3,FALSE,AIW001-2,ACTB,UNKNOWN,VIC,NFQ-MGB,,,,,,,31.537,31.38,0.197,,,,,,TRUE,0.102,TRUE,3,27,Amp,,0.867,N,N,N
364,P4,FALSE,AIW002-02,ACTB,UNKNOWN,VIC,NFQ-MGB,,,,,,,30.022,29.756,0.25,,,,,,TRUE,0.102,TRUE,3,26,Amp,,0.849,N,N,N
365,P5,FALSE,AIW002-02,ACTB,UNKNOWN,VIC,NFQ-MGB,,,,,,,29.723,29.756,0.25,,,,,,TRUE,0.102,TRUE,3,25,Amp,,0.928,N,N,N
366,P6,FALSE,AIW002-02,ACTB,UNKNOWN,VIC,NFQ-MGB,,,,,,,29.524,29.756,0.25,,,,,,TRUE,0.102,TRUE,3,25,Amp,,0.857,N,N,N
367,P7,FALSE,3448,ACTB,UNKNOWN,VIC,NFQ-MGB,,,,,,,24.994,24.946,0.046,,,,,,TRUE,0.102,TRUE,3,20,Amp,,0.869,N,N,N
368,P8,FALSE,3448,ACTB,UNKNOWN,VIC,NFQ-MGB,,,,,,,24.943,24.946,0.046,,,,,,TRUE,0.102,TRUE,3,20,Amp,,0.937,N,N,N
369,P9,FALSE,3448,ACTB,UNKNOWN,VIC,NFQ-MGB,,,,,,,24.902,24.946,0.046,,,,,,TRUE,0.102,TRUE,3,20,Amp,,0.893,N,N,N
370,P10,FALSE,3450,ACTB,UNKNOWN,VIC,NFQ-MGB,,,,,,,29.064,29.056,0.091,,,,,,TRUE,0.102,TRUE,3,25,Amp,,0.876,N,N,N
371,P11,FALSE,3450,ACTB,UNKNOWN,VIC,NFQ-MGB,,,,,,,29.142,29.056,0.091,,,,,,TRUE,0.102,TRUE,3,25,Amp,,0.842,N,N,N
372,P12,FALSE,3450,ACTB,UNKNOWN,VIC,NFQ-MGB,,,,,,,28.961,29.056,0.091,,,,,,TRUE,0.102,TRUE,3,24,Amp,,0.857,N,N,N
,,,,,,,,,,,,,,,,,,,,,,,,,,,,,,,,
Analysis Type,Singleplex,,,,,,,,,,,,,,,,,,,,,,,,,,,,,,,
Endogenous Control,"ACTB, GAPDH2",,,,,,,,,,,,,,,,,,,,,,,,,,,,,,,
RQ Min/Max Confidence Level,95,,,,,,,,,,,,,,,,,,,,,,,,,,,,,,,
Reference Sample,H9,,,,,,,,,,,,,,,,,,,,,,,,,,,,,,,