Block Type,384-Well Block,,,,,,,,,,,,,,,,,,,,,,,,,,,
Calibration Background is expired ,No,,,,,,,,,,,,,,,,,,,,,,,,,,,
Calibration Background performed on,11-12-2018,,,,,,,,,,,,,,,,,,,,,,,,,,,
Calibration Pure Dye ABY is expired,No,,,,,,,,,,,,,,,,,,,,,,,,,,,
Calibration Pure Dye ABY performed on,11-12-2018,,,,,,,,,,,,,,,,,,,,,,,,,,,
Calibration Pure Dye CY5 is expired,No,,,,,,,,,,,,,,,,,,,,,,,,,,,
Calibration Pure Dye CY5 performed on,11-12-2018,,,,,,,,,,,,,,,,,,,,,,,,,,,
Calibration Pure Dye FAM is expired,No,,,,,,,,,,,,,,,,,,,,,,,,,,,
Calibration Pure Dye FAM performed on,11-12-2018,,,,,,,,,,,,,,,,,,,,,,,,,,,
Calibration Pure Dye JUN is expired,No,,,,,,,,,,,,,,,,,,,,,,,,,,,
Calibration Pure Dye JUN performed on,11-12-2018,,,,,,,,,,,,,,,,,,,,,,,,,,,
Calibration Pure Dye MUSTANG PURPLE is expired,No,,,,,,,,,,,,,,,,,,,,,,,,,,,
Calibration Pure Dye MUSTANG PURPLE performed on,11-12-2018,,,,,,,,,,,,,,,,,,,,,,,,,,,
Calibration Pure Dye NED is expired,No,,,,,,,,,,,,,,,,,,,,,,,,,,,
Calibration Pure Dye NED performed on,11-12-2018,,,,,,,,,,,,,,,,,,,,,,,,,,,
Calibration Pure Dye ROX is expired,No,,,,,,,,,,,,,,,,,,,,,,,,,,,
Calibration Pure Dye ROX performed on,11-12-2018,,,,,,,,,,,,,,,,,,,,,,,,,,,
Calibration Pure Dye SYBR is expired,No,,,,,,,,,,,,,,,,,,,,,,,,,,,
Calibration Pure Dye SYBR performed on,11-12-2018,,,,,,,,,,,,,,,,,,,,,,,,,,,
Calibration Pure Dye TAMRA is expired,No,,,,,,,,,,,,,,,,,,,,,,,,,,,
Calibration Pure Dye TAMRA performed on,11-12-2018,,,,,,,,,,,,,,,,,,,,,,,,,,,
Calibration Pure Dye VIC is expired,No,,,,,,,,,,,,,,,,,,,,,,,,,,,
Calibration Pure Dye VIC performed on,11-12-2018,,,,,,,,,,,,,,,,,,,,,,,,,,,
Calibration ROI is expired ,No,,,,,,,,,,,,,,,,,,,,,,,,,,,
Calibration ROI performed on,11-12-2018,,,,,,,,,,,,,,,,,,,,,,,,,,,
Calibration Uniformity is expired ,No,,,,,,,,,,,,,,,,,,,,,,,,,,,
Calibration Uniformity performed on,11-12-2018,,,,,,,,,,,,,,,,,,,,,,,,,,,
Chemistry,TAQMAN,,,,,,,,,,,,,,,,,,,,,,,,,,,
Date Created,2020-08-11 15:35:01 PM EDT,,,,,,,,,,,,,,,,,,,,,,,,,,,
Experiment Barcode,,,,,,,,,,,,,,,,,,,,,,,,,,,,
Experiment Comment,,,,,,,,,,,,,,,,,,,,,,,,,,,,
Experiment File Name,D:\Users\Administrator\Experiments\Maria\2020-08-11_123642-Manuscriptnanog-oct4.eds,,,,,,,,,,,,,,,,,,,,,,,,,,,
Experiment Name,2020-08-11_123642-Manuscriptnanog-oct4,,,,,,,,,,,,,,,,,,,,,,,,,,,
Experiment Run End Time,2020-08-11 14:48:44 PM EDT,,,,,,,,,,,,,,,,,,,,,,,,,,,
Experiment Type,Standard Curve,,,,,,,,,,,,,,,,,,,,,,,,,,,
Instrument Name,      272530975,,,,,,,,,,,,,,,,,,,,,,,,,,,
Instrument Serial Number,272530975,,,,,,,,,,,,,,,,,,,,,,,,,,,
Instrument Type,QuantStudioâ„¢ 5 System,,,,,,,,,,,,,,,,,,,,,,,,,,,
Passive Reference,ROX,,,,,,,,,,,,,,,,,,,,,,,,,,,
Post-read Stage/Step,,,,,,,,,,,,,,,,,,,,,,,,,,,,
Pre-read Stage/Step,,,,,,,,,,,,,,,,,,,,,,,,,,,,
Quantification Cycle Method,Ct,,,,,,,,,,,,,,,,,,,,,,,,,,,
Signal Smoothing On,true,,,,,,,,,,,,,,,,,,,,,,,,,,,
Stage/ Cycle where Ct Analysis is performed,"Stage2, Step2",,,,,,,,,,,,,,,,,,,,,,,,,,,
User Name,,,,,,,,,,,,,,,,,,,,,,,,,,,,
,,,,,,,,,,,,,,,,,,,,,,,,,,,,
Well,Well Position,Omit,Sample Name,Target Name,Task,Reporter,Quencher,CT,Ct Mean,Ct SD,Quantity,Quantity Mean,Quantity SD,Y-Intercept,R(superscript 2),Slope,Efficiency,Automatic Ct Threshold,Ct Threshold,Automatic Baseline,Baseline Start,Baseline End,Amp Status,Comments,Cq Conf,CQCONF,BADROX,PRFDROP
1,A1,0,A AIW00202 iPSC,Nanog,UNKNOWN,FAM,NFQ-MGB,24.951,25.084,0.117,25.892,23.647,1.967,29.610,0.996,-3.297,101.051,1,0.249,1,3,20,Amp,,0.958,N,N,N
2,A2,0,A AIW00202 iPSC,Nanog,UNKNOWN,FAM,NFQ-MGB,25.131,25.084,0.117,22.821,23.647,1.967,29.610,0.996,-3.297,101.051,1,0.249,1,3,19,Amp,,0.949,N,N,N
3,A3,0,A AIW00202 iPSC,Nanog,UNKNOWN,FAM,NFQ-MGB,25.169,25.084,0.117,22.226,23.647,1.967,29.610,0.996,-3.297,101.051,1,0.249,1,3,19,Amp,,0.961,N,N,N
4,A4,0,A AIW00202 MNPC,Nanog,UNKNOWN,FAM,NFQ-MGB,31.645,31.787,0.130,0.241,0.219,0.020,29.610,0.996,-3.297,101.051,1,0.249,1,3,25,Amp,,0.925,N,N,N
5,A5,0,A AIW00202 MNPC,Nanog,UNKNOWN,FAM,NFQ-MGB,31.903,31.787,0.130,0.202,0.219,0.020,29.610,0.996,-3.297,101.051,1,0.249,1,3,27,Amp,,0.937,N,N,N
6,A6,0,A AIW00202 MNPC,Nanog,UNKNOWN,FAM,NFQ-MGB,31.813,31.787,0.130,0.215,0.219,0.020,29.610,0.996,-3.297,101.051,1,0.249,1,3,26,Amp,,0.921,N,N,N
7,A7,0,A AIW00202 2WK,Nanog,UNKNOWN,FAM,NFQ-MGB,29.497,29.828,0.290,1.082,0.871,0.184,29.610,0.996,-3.297,101.051,1,0.249,1,3,25,Amp,,0.937,N,N,N
8,A8,0,A AIW00202 2WK,Nanog,UNKNOWN,FAM,NFQ-MGB,29.948,29.828,0.290,0.790,0.871,0.184,29.610,0.996,-3.297,101.051,1,0.249,1,3,24,Amp,,0.937,N,N,N
9,A9,0,A AIW00202 2WK,Nanog,UNKNOWN,FAM,NFQ-MGB,30.040,29.828,0.290,0.741,0.871,0.184,29.610,0.996,-3.297,101.051,1,0.249,1,3,25,Amp,,0.941,N,N,N
10,A10,0,A AIW00202 4WK,Nanog,UNKNOWN,FAM,NFQ-MGB,30.983,31.000,0.094,0.383,0.379,0.025,29.610,0.996,-3.297,101.051,1,0.249,1,3,26,Amp,,0.926,N,N,N
11,A11,0,A AIW00202 4WK,Nanog,UNKNOWN,FAM,NFQ-MGB,30.915,31.000,0.094,0.402,0.379,0.025,29.610,0.996,-3.297,101.051,1,0.249,1,3,26,Amp,,0.949,N,N,N
12,A12,0,A AIW00202 4WK,Nanog,UNKNOWN,FAM,NFQ-MGB,31.101,31.000,0.094,0.353,0.379,0.025,29.610,0.996,-3.297,101.051,1,0.249,1,3,26,Amp,,0.939,N,N,N
13,A13,0,A AIW00202 iPSC,Oct3-4,UNKNOWN,FAM,NFQ-MGB,20.353,20.571,0.191,117.008,100.973,13.985,27.136,0.997,-3.280,101.780,1,0.179,1,3,16,Amp,,0.930,N,N,N
14,A14,0,A AIW00202 iPSC,Oct3-4,UNKNOWN,FAM,NFQ-MGB,20.706,20.571,0.191,91.299,100.973,13.985,27.136,0.997,-3.280,101.780,1,0.179,1,3,17,Amp,,0.906,N,N,N
15,A15,0,A AIW00202 iPSC,Oct3-4,UNKNOWN,FAM,NFQ-MGB,20.655,20.571,0.191,94.613,100.973,13.985,27.136,0.997,-3.280,101.780,1,0.179,1,3,17,Amp,,0.919,N,N,N
16,A16,0,A AIW00202 MNPC,Oct3-4,UNKNOWN,FAM,NFQ-MGB,30.470,30.748,0.253,0.096,0.080,0.015,27.136,0.997,-3.280,101.780,1,0.179,1,3,26,Amp,,0.922,N,N,N
17,A17,0,A AIW00202 MNPC,Oct3-4,UNKNOWN,FAM,NFQ-MGB,30.810,30.748,0.253,0.076,0.080,0.015,27.136,0.997,-3.280,101.780,1,0.179,1,3,27,Amp,,0.903,N,N,N
18,A18,0,A AIW00202 MNPC,Oct3-4,UNKNOWN,FAM,NFQ-MGB,30.964,30.748,0.253,0.068,0.080,0.015,27.136,0.997,-3.280,101.780,1,0.179,1,3,27,Amp,,0.903,N,N,N
19,A19,0,A AIW00202 2WK,Oct3-4,UNKNOWN,FAM,NFQ-MGB,29.558,29.606,0.120,0.183,0.177,0.015,27.136,0.997,-3.280,101.780,1,0.179,1,3,25,Amp,,0.890,N,N,N
20,A20,0,A AIW00202 2WK,Oct3-4,UNKNOWN,FAM,NFQ-MGB,29.743,29.606,0.120,0.160,0.177,0.015,27.136,0.997,-3.280,101.780,1,0.179,1,3,26,Amp,,0.901,N,N,N
21,A21,0,A AIW00202 2WK,Oct3-4,UNKNOWN,FAM,NFQ-MGB,29.517,29.606,0.120,0.188,0.177,0.015,27.136,0.997,-3.280,101.780,1,0.179,1,3,24,Amp,,0.899,N,N,N
22,A22,0,A AIW00202 4WK,Oct3-4,UNKNOWN,FAM,NFQ-MGB,29.986,30.146,0.144,0.135,0.121,0.012,27.136,0.997,-3.280,101.780,1,0.179,1,3,26,Amp,,0.923,N,N,N
23,A23,0,A AIW00202 4WK,Oct3-4,UNKNOWN,FAM,NFQ-MGB,30.265,30.146,0.144,0.111,0.121,0.012,27.136,0.997,-3.280,101.780,1,0.179,1,3,25,Amp,,0.919,N,N,N
24,A24,0,A AIW00202 4WK,Oct3-4,UNKNOWN,FAM,NFQ-MGB,30.188,30.146,0.144,0.117,0.121,0.012,27.136,0.997,-3.280,101.780,1,0.179,1,3,25,Amp,,0.929,N,N,N
25,B1,0,,Nanog,STANDARD,FAM,NFQ-MGB,23.722,23.782,0.069,50.000,,,29.610,0.996,-3.297,101.051,1,0.249,1,3,17,Amp,,0.966,N,N,N
26,B2,0,,Nanog,STANDARD,FAM,NFQ-MGB,23.766,23.782,0.069,50.000,,,29.610,0.996,-3.297,101.051,1,0.249,1,3,18,Amp,,0.985,N,N,N
27,B3,0,,Nanog,STANDARD,FAM,NFQ-MGB,23.858,23.782,0.069,50.000,,,29.610,0.996,-3.297,101.051,1,0.249,1,3,17,Amp,,0.967,N,N,N
37,B13,0,,Oct3-4,STANDARD,FAM,NFQ-MGB,21.430,21.408,0.051,50.000,,,27.136,0.997,-3.280,101.780,1,0.179,1,3,18,Amp,,0.924,N,N,N
38,B14,0,,Oct3-4,STANDARD,FAM,NFQ-MGB,21.350,21.408,0.051,50.000,,,27.136,0.997,-3.280,101.780,1,0.179,1,3,16,Amp,,0.947,N,N,N
39,B15,0,,Oct3-4,STANDARD,FAM,NFQ-MGB,21.444,21.408,0.051,50.000,,,27.136,0.997,-3.280,101.780,1,0.179,1,3,15,Amp,,0.958,N,N,N
49,C1,0,B AIW00202 iPSC,Nanog,UNKNOWN,FAM,NFQ-MGB,23.873,23.923,0.072,54.947,53.104,2.632,29.610,0.996,-3.297,101.051,1,0.249,1,3,19,Amp,,0.946,N,N,N
50,C2,0,B AIW00202 iPSC,Nanog,UNKNOWN,FAM,NFQ-MGB,23.891,23.923,0.072,54.275,53.104,2.632,29.610,0.996,-3.297,101.051,1,0.249,1,3,19,Amp,,0.945,N,N,N
51,C3,0,B AIW00202 iPSC,Nanog,UNKNOWN,FAM,NFQ-MGB,24.006,23.923,0.072,50.090,53.104,2.632,29.610,0.996,-3.297,101.051,1,0.249,1,3,17,Amp,,0.960,N,N,N
52,C4,0,B AIW00202 MNPC,Nanog,UNKNOWN,FAM,NFQ-MGB,31.052,30.978,0.066,0.365,0.385,0.018,29.610,0.996,-3.297,101.051,1,0.249,1,3,25,Amp,,0.910,N,N,N
53,C5,0,B AIW00202 MNPC,Nanog,UNKNOWN,FAM,NFQ-MGB,30.926,30.978,0.066,0.399,0.385,0.018,29.610,0.996,-3.297,101.051,1,0.249,1,3,24,Amp,,0.924,N,N,N
54,C6,0,B AIW00202 MNPC,Nanog,UNKNOWN,FAM,NFQ-MGB,30.955,30.978,0.066,0.391,0.385,0.018,29.610,0.996,-3.297,101.051,1,0.249,1,3,24,Amp,,0.938,N,N,N
55,C7,0,B AIW00202 2WK,Nanog,UNKNOWN,FAM,NFQ-MGB,29.481,29.566,0.085,1.094,1.032,0.061,29.610,0.996,-3.297,101.051,1,0.249,1,3,24,Amp,,0.933,N,N,N
56,C8,0,B AIW00202 2WK,Nanog,UNKNOWN,FAM,NFQ-MGB,29.566,29.566,0.085,1.031,1.032,0.061,29.610,0.996,-3.297,101.051,1,0.249,1,3,22,Amp,,0.944,N,N,N
57,C9,0,B AIW00202 2WK,Nanog,UNKNOWN,FAM,NFQ-MGB,29.651,29.566,0.085,0.972,1.032,0.061,29.610,0.996,-3.297,101.051,1,0.249,1,3,24,Amp,,0.943,N,N,N
58,C10,0,B AIW00202 4WK,Nanog,UNKNOWN,FAM,NFQ-MGB,29.574,29.627,0.076,1.025,0.989,0.052,29.610,0.996,-3.297,101.051,1,0.249,1,3,24,Amp,,0.940,N,N,N
59,C11,0,B AIW00202 4WK,Nanog,UNKNOWN,FAM,NFQ-MGB,29.591,29.627,0.076,1.013,0.989,0.052,29.610,0.996,-3.297,101.051,1,0.249,1,3,23,Amp,,0.947,N,N,N
60,C12,0,B AIW00202 4WK,Nanog,UNKNOWN,FAM,NFQ-MGB,29.714,29.627,0.076,0.930,0.989,0.052,29.610,0.996,-3.297,101.051,1,0.249,1,3,24,Amp,,0.947,N,N,N
61,C13,0,B AIW00202 iPSC,Oct3-4,UNKNOWN,FAM,NFQ-MGB,20.020,20.313,0.320,147.795,122.323,26.620,27.136,0.997,-3.280,101.780,1,0.179,1,3,16,Amp,,0.931,N,N,N
62,C14,0,B AIW00202 iPSC,Oct3-4,UNKNOWN,FAM,NFQ-MGB,20.654,20.313,0.320,94.688,122.323,26.620,27.136,0.997,-3.280,101.780,1,0.179,1,3,18,Amp,,0.926,N,N,Y
63,C15,0,B AIW00202 iPSC,Oct3-4,UNKNOWN,FAM,NFQ-MGB,20.264,20.313,0.320,124.488,122.323,26.620,27.136,0.997,-3.280,101.780,1,0.179,1,3,16,Amp,,0.946,N,N,N
64,C16,0,B AIW00202 MNPC,Oct3-4,UNKNOWN,FAM,NFQ-MGB,30.153,30.362,0.214,0.120,0.105,0.016,27.136,0.997,-3.280,101.780,1,0.179,1,3,24,Amp,,0.900,N,N,N
65,C17,0,B AIW00202 MNPC,Oct3-4,UNKNOWN,FAM,NFQ-MGB,30.581,30.362,0.214,0.089,0.105,0.016,27.136,0.997,-3.280,101.780,1,0.179,1,3,25,Amp,,0.894,N,N,N
66,C18,0,B AIW00202 MNPC,Oct3-4,UNKNOWN,FAM,NFQ-MGB,30.351,30.362,0.214,0.105,0.105,0.016,27.136,0.997,-3.280,101.780,1,0.179,1,3,26,Amp,,0.906,N,N,N
67,C19,0,B AIW00202 2WK,Oct3-4,UNKNOWN,FAM,NFQ-MGB,30.111,30.198,0.139,0.124,0.117,0.011,27.136,0.997,-3.280,101.780,1,0.179,1,3,26,Amp,,0.880,N,N,N
68,C20,0,B AIW00202 2WK,Oct3-4,UNKNOWN,FAM,NFQ-MGB,30.125,30.198,0.139,0.123,0.117,0.011,27.136,0.997,-3.280,101.780,1,0.179,1,3,24,Amp,,0.896,N,N,N
69,C21,0,B AIW00202 2WK,Oct3-4,UNKNOWN,FAM,NFQ-MGB,30.358,30.198,0.139,0.104,0.117,0.011,27.136,0.997,-3.280,101.780,1,0.179,1,3,25,Amp,,0.913,N,N,N
70,C22,0,B AIW00202 4WK,Oct3-4,UNKNOWN,FAM,NFQ-MGB,29.789,29.953,0.325,0.155,0.141,0.030,27.136,0.997,-3.280,101.780,1,0.179,1,3,25,Amp,,0.910,N,N,N
71,C23,0,B AIW00202 4WK,Oct3-4,UNKNOWN,FAM,NFQ-MGB,29.742,29.953,0.325,0.161,0.141,0.030,27.136,0.997,-3.280,101.780,1,0.179,1,3,26,Amp,,0.920,N,N,N
72,C24,0,B AIW00202 4WK,Oct3-4,UNKNOWN,FAM,NFQ-MGB,30.328,29.953,0.325,0.106,0.141,0.030,27.136,0.997,-3.280,101.780,1,0.179,1,3,25,Amp,,0.730,Y,N,N
73,D1,0,,Nanog,STANDARD,FAM,NFQ-MGB,25.919,26.064,0.147,12.500,,,29.610,0.996,-3.297,101.051,1,0.249,1,3,20,Amp,,0.983,N,N,N
74,D2,0,,Nanog,STANDARD,FAM,NFQ-MGB,26.061,26.064,0.147,12.500,,,29.610,0.996,-3.297,101.051,1,0.249,1,3,19,Amp,,0.985,N,N,N
75,D3,0,,Nanog,STANDARD,FAM,NFQ-MGB,26.213,26.064,0.147,12.500,,,29.610,0.996,-3.297,101.051,1,0.249,1,3,18,Amp,,0.986,N,N,N
85,D13,0,,Oct3-4,STANDARD,FAM,NFQ-MGB,23.617,23.653,0.121,12.500,,,27.136,0.997,-3.280,101.780,1,0.179,1,3,19,Amp,,0.986,N,N,N
86,D14,0,,Oct3-4,STANDARD,FAM,NFQ-MGB,23.554,23.653,0.121,12.500,,,27.136,0.997,-3.280,101.780,1,0.179,1,3,18,Amp,,0.990,N,N,N
87,D15,0,,Oct3-4,STANDARD,FAM,NFQ-MGB,23.788,23.653,0.121,12.500,,,27.136,0.997,-3.280,101.780,1,0.179,1,3,19,Amp,,0.983,N,N,N
97,E1,0,C AIW00202 iPSC,Nanog,UNKNOWN,FAM,NFQ-MGB,24.158,24.348,0.166,45.049,39.634,4.725,29.610,0.996,-3.297,101.051,1,0.249,1,3,19,Amp,,0.946,N,N,N
98,E2,0,C AIW00202 iPSC,Nanog,UNKNOWN,FAM,NFQ-MGB,24.465,24.348,0.166,36.347,39.634,4.725,29.610,0.996,-3.297,101.051,1,0.249,1,3,20,Amp,,0.947,N,N,N
99,E3,0,C AIW00202 iPSC,Nanog,UNKNOWN,FAM,NFQ-MGB,24.420,24.348,0.166,37.505,39.634,4.725,29.610,0.996,-3.297,101.051,1,0.249,1,3,19,Amp,,0.953,N,N,N
100,E4,0,C AIW00202 MNPC,Nanog,UNKNOWN,FAM,NFQ-MGB,31.636,31.573,0.144,0.243,0.255,0.026,29.610,0.996,-3.297,101.051,1,0.249,1,3,26,Amp,,0.931,N,N,N
101,E5,0,C AIW00202 MNPC,Nanog,UNKNOWN,FAM,NFQ-MGB,31.408,31.573,0.144,0.285,0.255,0.026,29.610,0.996,-3.297,101.051,1,0.249,1,3,26,Amp,,0.926,N,N,N
102,E6,0,C AIW00202 MNPC,Nanog,UNKNOWN,FAM,NFQ-MGB,31.675,31.573,0.144,0.236,0.255,0.026,29.610,0.996,-3.297,101.051,1,0.249,1,3,26,Amp,,0.964,N,N,Y
103,E7,0,C AIW00202 2WK,Nanog,UNKNOWN,FAM,NFQ-MGB,29.951,30.016,0.064,0.788,0.753,0.034,29.610,0.996,-3.297,101.051,1,0.249,1,3,25,Amp,,0.950,N,N,N
104,E8,0,C AIW00202 2WK,Nanog,UNKNOWN,FAM,NFQ-MGB,30.078,30.016,0.064,0.721,0.753,0.034,29.610,0.996,-3.297,101.051,1,0.249,1,3,25,Amp,,0.952,N,N,N
105,E9,0,C AIW00202 2WK,Nanog,UNKNOWN,FAM,NFQ-MGB,30.021,30.016,0.064,0.750,0.753,0.034,29.610,0.996,-3.297,101.051,1,0.249,1,3,25,Amp,,0.950,N,N,N
106,E10,0,C AIW00202 4WK,Nanog,UNKNOWN,FAM,NFQ-MGB,30.094,30.301,0.179,0.713,0.621,0.080,29.610,0.996,-3.297,101.051,1,0.249,1,3,25,Amp,,0.952,N,N,N
107,E11,0,C AIW00202 4WK,Nanog,UNKNOWN,FAM,NFQ-MGB,30.413,30.301,0.179,0.570,0.621,0.080,29.610,0.996,-3.297,101.051,1,0.249,1,3,25,Amp,,0.942,N,N,N
108,E12,0,C AIW00202 4WK,Nanog,UNKNOWN,FAM,NFQ-MGB,30.395,30.301,0.179,0.578,0.621,0.080,29.610,0.996,-3.297,101.051,1,0.249,1,3,24,Amp,,0.941,N,N,N
109,E13,0,C AIW00202 iPSC,Oct3-4,UNKNOWN,FAM,NFQ-MGB,20.329,20.390,0.158,118.957,114.455,12.314,27.136,0.997,-3.280,101.780,1,0.179,1,3,16,Amp,,0.930,N,N,N
110,E14,0,C AIW00202 iPSC,Oct3-4,UNKNOWN,FAM,NFQ-MGB,20.271,20.390,0.158,123.884,114.455,12.314,27.136,0.997,-3.280,101.780,1,0.179,1,3,15,Amp,,0.939,N,N,N
111,E15,0,C AIW00202 iPSC,Oct3-4,UNKNOWN,FAM,NFQ-MGB,20.569,20.390,0.158,100.523,114.455,12.314,27.136,0.997,-3.280,101.780,1,0.179,1,3,17,Amp,,0.933,N,N,N
112,E16,0,C AIW00202 MNPC,Oct3-4,UNKNOWN,FAM,NFQ-MGB,30.547,30.592,0.196,0.091,0.089,0.012,27.136,0.997,-3.280,101.780,1,0.179,1,3,26,Amp,,0.881,N,N,N
113,E17,0,C AIW00202 MNPC,Oct3-4,UNKNOWN,FAM,NFQ-MGB,30.422,30.592,0.196,0.100,0.089,0.012,27.136,0.997,-3.280,101.780,1,0.179,1,3,26,Amp,,0.914,N,N,N
114,E18,0,C AIW00202 MNPC,Oct3-4,UNKNOWN,FAM,NFQ-MGB,30.807,30.592,0.196,0.076,0.089,0.012,27.136,0.997,-3.280,101.780,1,0.179,1,3,25,Amp,,0.906,N,N,N
115,E19,0,C AIW00202 2WK,Oct3-4,UNKNOWN,FAM,NFQ-MGB,29.985,30.097,0.107,0.135,0.125,0.009,27.136,0.997,-3.280,101.780,1,0.179,1,3,25,Amp,,0.908,N,N,N
116,E20,0,C AIW00202 2WK,Oct3-4,UNKNOWN,FAM,NFQ-MGB,30.109,30.097,0.107,0.124,0.125,0.009,27.136,0.997,-3.280,101.780,1,0.179,1,3,25,Amp,,0.889,N,N,N
117,E21,0,C AIW00202 2WK,Oct3-4,UNKNOWN,FAM,NFQ-MGB,30.197,30.097,0.107,0.117,0.125,0.009,27.136,0.997,-3.280,101.780,1,0.179,1,3,25,Amp,,0.912,N,N,N
118,E22,0,C AIW00202 4WK,Oct3-4,UNKNOWN,FAM,NFQ-MGB,29.893,29.869,0.063,0.144,0.147,0.007,27.136,0.997,-3.280,101.780,1,0.179,1,3,26,Amp,,0.909,N,N,N
119,E23,0,C AIW00202 4WK,Oct3-4,UNKNOWN,FAM,NFQ-MGB,29.797,29.869,0.063,0.154,0.147,0.007,27.136,0.997,-3.280,101.780,1,0.179,1,3,25,Amp,,0.927,N,N,N
120,E24,0,C AIW00202 4WK,Oct3-4,UNKNOWN,FAM,NFQ-MGB,29.918,29.869,0.063,0.142,0.147,0.007,27.136,0.997,-3.280,101.780,1,0.179,1,3,25,Amp,,0.949,N,N,N
121,F1,0,,Nanog,STANDARD,FAM,NFQ-MGB,27.845,28.092,0.219,3.125,,,29.610,0.996,-3.297,101.051,1,0.249,1,3,22,Amp,,0.976,N,N,N
122,F2,0,,Nanog,STANDARD,FAM,NFQ-MGB,28.262,28.092,0.219,3.125,,,29.610,0.996,-3.297,101.051,1,0.249,1,3,23,Amp,,0.970,N,N,N
123,F3,0,,Nanog,STANDARD,FAM,NFQ-MGB,28.170,28.092,0.219,3.125,,,29.610,0.996,-3.297,101.051,1,0.249,1,3,22,Amp,,0.973,N,N,N
133,F13,0,,Oct3-4,STANDARD,FAM,NFQ-MGB,25.447,25.544,0.093,3.125,,,27.136,0.997,-3.280,101.780,1,0.179,1,3,20,Amp,,0.956,N,N,N
134,F14,0,,Oct3-4,STANDARD,FAM,NFQ-MGB,25.632,25.544,0.093,3.125,,,27.136,0.997,-3.280,101.780,1,0.179,1,3,21,Amp,,0.929,N,N,N
135,F15,0,,Oct3-4,STANDARD,FAM,NFQ-MGB,25.552,25.544,0.093,3.125,,,27.136,0.997,-3.280,101.780,1,0.179,1,3,20,Amp,,0.960,N,N,N
145,G1,0,A 3450 iPSC,Nanog,UNKNOWN,FAM,NFQ-MGB,24.449,24.627,0.161,36.744,32.601,3.724,29.610,0.996,-3.297,101.051,1,0.249,1,3,19,Amp,,0.955,N,N,N
146,G2,0,A 3450 iPSC,Nanog,UNKNOWN,FAM,NFQ-MGB,24.669,24.627,0.161,31.528,32.601,3.724,29.610,0.996,-3.297,101.051,1,0.249,1,3,19,Amp,,0.950,N,N,N
147,G3,0,A 3450 iPSC,Nanog,UNKNOWN,FAM,NFQ-MGB,24.762,24.627,0.161,29.532,32.601,3.724,29.610,0.996,-3.297,101.051,1,0.249,1,3,19,Amp,,0.954,N,N,N
148,G4,0,A 3450 MNPC,Nanog,UNKNOWN,FAM,NFQ-MGB,31.929,32.336,0.375,0.198,0.152,0.041,29.610,0.996,-3.297,101.051,1,0.249,1,3,26,Amp,,0.915,N,N,N
149,G5,0,A 3450 MNPC,Nanog,UNKNOWN,FAM,NFQ-MGB,32.668,32.336,0.375,0.118,0.152,0.041,29.610,0.996,-3.297,101.051,1,0.249,1,3,28,Amp,,0.903,N,N,N
150,G6,0,A 3450 MNPC,Nanog,UNKNOWN,FAM,NFQ-MGB,32.411,32.336,0.375,0.141,0.152,0.041,29.610,0.996,-3.297,101.051,1,0.249,1,3,27,Amp,,0.905,N,N,N
151,G7,0,A 3450 2WK,Nanog,UNKNOWN,FAM,NFQ-MGB,30.803,31.101,0.272,0.435,0.357,0.070,29.610,0.996,-3.297,101.051,1,0.249,1,3,26,Amp,,0.961,N,N,N
152,G8,0,A 3450 2WK,Nanog,UNKNOWN,FAM,NFQ-MGB,31.164,31.101,0.272,0.338,0.357,0.070,29.610,0.996,-3.297,101.051,1,0.249,1,3,24,Amp,,0.965,N,N,N
153,G9,0,A 3450 2WK,Nanog,UNKNOWN,FAM,NFQ-MGB,31.334,31.101,0.272,0.300,0.357,0.070,29.610,0.996,-3.297,101.051,1,0.249,1,3,25,Amp,,0.970,N,N,N
154,G10,0,A 3450 4WK,Nanog,UNKNOWN,FAM,NFQ-MGB,30.969,31.006,0.140,0.387,0.378,0.036,29.610,0.996,-3.297,101.051,1,0.249,1,3,25,Amp,,0.937,N,N,N
155,G11,0,A 3450 4WK,Nanog,UNKNOWN,FAM,NFQ-MGB,31.161,31.006,0.140,0.339,0.378,0.036,29.610,0.996,-3.297,101.051,1,0.249,1,3,25,Amp,,0.955,N,N,N
156,G12,0,A 3450 4WK,Nanog,UNKNOWN,FAM,NFQ-MGB,30.888,31.006,0.140,0.410,0.378,0.036,29.610,0.996,-3.297,101.051,1,0.249,1,3,26,Amp,,0.950,N,N,N
157,G13,0,A 3450 iPSC,Oct3-4,UNKNOWN,FAM,NFQ-MGB,20.203,20.301,0.116,129.989,121.555,9.753,27.136,0.997,-3.280,101.780,1,0.179,1,3,16,Amp,,0.926,N,N,N
158,G14,0,A 3450 iPSC,Oct3-4,UNKNOWN,FAM,NFQ-MGB,20.272,20.301,0.116,123.799,121.555,9.753,27.136,0.997,-3.280,101.780,1,0.179,1,3,16,Amp,,0.926,N,N,N
159,G15,0,A 3450 iPSC,Oct3-4,UNKNOWN,FAM,NFQ-MGB,20.429,20.301,0.116,110.875,121.555,9.753,27.136,0.997,-3.280,101.780,1,0.179,1,3,15,Amp,,0.949,N,N,N
160,G16,0,A 3450 MNPC,Oct3-4,UNKNOWN,FAM,NFQ-MGB,30.304,30.602,0.265,0.108,0.089,0.017,27.136,0.997,-3.280,101.780,1,0.179,1,3,25,Amp,,0.896,N,N,N
161,G17,0,A 3450 MNPC,Oct3-4,UNKNOWN,FAM,NFQ-MGB,30.691,30.602,0.265,0.082,0.089,0.017,27.136,0.997,-3.280,101.780,1,0.179,1,3,25,Amp,,0.912,N,N,N
162,G18,0,A 3450 MNPC,Oct3-4,UNKNOWN,FAM,NFQ-MGB,30.812,30.602,0.265,0.076,0.089,0.017,27.136,0.997,-3.280,101.780,1,0.179,1,3,27,Amp,,0.905,N,N,N
163,G19,0,A 3450 2WK,Oct3-4,UNKNOWN,FAM,NFQ-MGB,29.237,29.357,0.114,0.229,0.211,0.017,27.136,0.997,-3.280,101.780,1,0.179,1,3,24,Amp,,0.971,N,N,N
164,G20,0,A 3450 2WK,Oct3-4,UNKNOWN,FAM,NFQ-MGB,29.370,29.357,0.114,0.208,0.211,0.017,27.136,0.997,-3.280,101.780,1,0.179,1,3,24,Amp,,0.951,N,N,N
165,G21,0,A 3450 2WK,Oct3-4,UNKNOWN,FAM,NFQ-MGB,29.463,29.357,0.114,0.195,0.211,0.017,27.136,0.997,-3.280,101.780,1,0.179,1,3,23,Amp,,0.947,N,N,N
166,G22,0,A 3450 4WK,Oct3-4,UNKNOWN,FAM,NFQ-MGB,28.939,29.231,0.260,0.282,0.232,0.044,27.136,0.997,-3.280,101.780,1,0.179,1,3,24,Amp,,0.904,N,N,N
167,G23,0,A 3450 4WK,Oct3-4,UNKNOWN,FAM,NFQ-MGB,29.316,29.231,0.260,0.217,0.232,0.044,27.136,0.997,-3.280,101.780,1,0.179,1,3,25,Amp,,0.910,N,N,N
168,G24,0,A 3450 4WK,Oct3-4,UNKNOWN,FAM,NFQ-MGB,29.438,29.231,0.260,0.199,0.232,0.044,27.136,0.997,-3.280,101.780,1,0.179,1,3,24,Amp,,0.928,N,N,N
169,H1,0,,Nanog,STANDARD,FAM,NFQ-MGB,30.181,30.249,0.132,0.781,,,29.610,0.996,-3.297,101.051,1,0.249,1,3,26,Amp,,0.962,N,N,N
170,H2,0,,Nanog,STANDARD,FAM,NFQ-MGB,30.164,30.249,0.132,0.781,,,29.610,0.996,-3.297,101.051,1,0.249,1,3,24,Amp,,0.968,N,N,N
171,H3,0,,Nanog,STANDARD,FAM,NFQ-MGB,30.401,30.249,0.132,0.781,,,29.610,0.996,-3.297,101.051,1,0.249,1,3,23,Amp,,0.971,N,N,N
181,H13,0,,Oct3-4,STANDARD,FAM,NFQ-MGB,27.597,27.664,0.058,0.781,,,27.136,0.997,-3.280,101.780,1,0.179,1,3,23,Amp,,0.967,N,N,N
182,H14,0,,Oct3-4,STANDARD,FAM,NFQ-MGB,27.692,27.664,0.058,0.781,,,27.136,0.997,-3.280,101.780,1,0.179,1,3,23,Amp,,0.932,N,N,N
183,H15,0,,Oct3-4,STANDARD,FAM,NFQ-MGB,27.703,27.664,0.058,0.781,,,27.136,0.997,-3.280,101.780,1,0.179,1,3,23,Amp,,0.963,N,N,N
193,I1,0,B 3450 iPSC,Nanog,UNKNOWN,FAM,NFQ-MGB,24.339,24.532,0.170,39.683,34.848,4.241,29.610,0.996,-3.297,101.051,1,0.249,1,3,18,Amp,,0.945,N,N,N
194,I2,0,B 3450 iPSC,Nanog,UNKNOWN,FAM,NFQ-MGB,24.599,24.532,0.170,33.104,34.848,4.241,29.610,0.996,-3.297,101.051,1,0.249,1,3,19,Amp,,0.955,N,N,N
195,I3,0,B 3450 iPSC,Nanog,UNKNOWN,FAM,NFQ-MGB,24.658,24.532,0.170,31.757,34.848,4.241,29.610,0.996,-3.297,101.051,1,0.249,1,3,20,Amp,,0.955,N,N,N
196,I4,0,B 3450 MNPC,Nanog,UNKNOWN,FAM,NFQ-MGB,31.492,31.676,0.169,0.269,0.237,0.028,29.610,0.996,-3.297,101.051,1,0.249,1,3,26,Amp,,0.914,N,N,N
197,I5,0,B 3450 MNPC,Nanog,UNKNOWN,FAM,NFQ-MGB,31.712,31.676,0.169,0.230,0.237,0.028,29.610,0.996,-3.297,101.051,1,0.249,1,3,26,Amp,,0.924,N,N,N
198,I6,0,B 3450 MNPC,Nanog,UNKNOWN,FAM,NFQ-MGB,31.825,31.676,0.169,0.213,0.237,0.028,29.610,0.996,-3.297,101.051,1,0.249,1,3,27,Amp,,0.932,N,N,N
199,I7,0,B 3450 2WK,Nanog,UNKNOWN,FAM,NFQ-MGB,30.457,30.622,0.151,0.553,0.495,0.053,29.610,0.996,-3.297,101.051,1,0.249,1,3,25,Amp,,0.937,N,N,N
200,I8,0,B 3450 2WK,Nanog,UNKNOWN,FAM,NFQ-MGB,30.755,30.622,0.151,0.449,0.495,0.053,29.610,0.996,-3.297,101.051,1,0.249,1,3,25,Amp,,0.938,N,N,N
201,I9,0,B 3450 2WK,Nanog,UNKNOWN,FAM,NFQ-MGB,30.653,30.622,0.151,0.482,0.495,0.053,29.610,0.996,-3.297,101.051,1,0.249,1,3,26,Amp,,0.943,N,N,N
202,I10,0,B 3450 4 WK,Nanog,UNKNOWN,FAM,NFQ-MGB,30.851,30.987,0.137,0.420,0.383,0.037,29.610,0.996,-3.297,101.051,1,0.249,1,3,26,Amp,,0.946,N,N,N
203,I11,0,B 3450 4 WK,Nanog,UNKNOWN,FAM,NFQ-MGB,30.985,30.987,0.137,0.383,0.383,0.037,29.610,0.996,-3.297,101.051,1,0.249,1,3,26,Amp,,0.964,N,N,N
204,I12,0,B 3450 4 WK,Nanog,UNKNOWN,FAM,NFQ-MGB,31.126,30.987,0.137,0.347,0.383,0.037,29.610,0.996,-3.297,101.051,1,0.249,1,3,25,Amp,,0.947,N,N,N
205,I13,0,B 3450 iPSC,Oct3-4,UNKNOWN,FAM,NFQ-MGB,20.147,20.371,0.195,135.205,116.245,16.492,27.136,0.997,-3.280,101.780,1,0.179,1,3,16,Amp,,0.928,N,N,N
206,I14,0,B 3450 iPSC,Oct3-4,UNKNOWN,FAM,NFQ-MGB,20.463,20.371,0.195,108.315,116.245,16.492,27.136,0.997,-3.280,101.780,1,0.179,1,3,16,Amp,,0.920,N,N,N
207,I15,0,B 3450 iPSC,Oct3-4,UNKNOWN,FAM,NFQ-MGB,20.504,20.371,0.195,105.216,116.245,16.492,27.136,0.997,-3.280,101.780,1,0.179,1,3,16,Amp,,0.938,N,N,N
208,I16,0,B 3450 MNPC,Oct3-4,UNKNOWN,FAM,NFQ-MGB,29.927,29.967,0.049,0.141,0.137,0.005,27.136,0.997,-3.280,101.780,1,0.179,1,3,25,Amp,,0.879,N,N,N
209,I17,0,B 3450 MNPC,Oct3-4,UNKNOWN,FAM,NFQ-MGB,29.951,29.967,0.049,0.139,0.137,0.005,27.136,0.997,-3.280,101.780,1,0.179,1,3,25,Amp,,0.900,N,N,N
210,I18,0,B 3450 MNPC,Oct3-4,UNKNOWN,FAM,NFQ-MGB,30.022,29.967,0.049,0.132,0.137,0.005,27.136,0.997,-3.280,101.780,1,0.179,1,3,26,Amp,,0.923,N,N,N
211,I19,0,B 3450 2WK,Oct3-4,UNKNOWN,FAM,NFQ-MGB,29.778,30.001,0.193,0.157,0.135,0.019,27.136,0.997,-3.280,101.780,1,0.179,1,3,25,Amp,,0.902,N,N,N
212,I20,0,B 3450 2WK,Oct3-4,UNKNOWN,FAM,NFQ-MGB,30.118,30.001,0.193,0.123,0.135,0.019,27.136,0.997,-3.280,101.780,1,0.179,1,3,26,Amp,,0.907,N,N,N
213,I21,0,B 3450 2WK,Oct3-4,UNKNOWN,FAM,NFQ-MGB,30.106,30.001,0.193,0.124,0.135,0.019,27.136,0.997,-3.280,101.780,1,0.179,1,3,26,Amp,,0.918,N,N,N
214,I22,0,B 3450 4 WK,Oct3-4,UNKNOWN,FAM,NFQ-MGB,29.598,29.744,0.126,0.178,0.161,0.015,27.136,0.997,-3.280,101.780,1,0.179,1,3,25,Amp,,0.925,N,N,N
215,I23,0,B 3450 4 WK,Oct3-4,UNKNOWN,FAM,NFQ-MGB,29.814,29.744,0.126,0.153,0.161,0.015,27.136,0.997,-3.280,101.780,1,0.179,1,3,24,Amp,,0.936,N,N,N
216,I24,0,B 3450 4 WK,Oct3-4,UNKNOWN,FAM,NFQ-MGB,29.819,29.744,0.126,0.152,0.161,0.015,27.136,0.997,-3.280,101.780,1,0.179,1,3,25,Amp,,0.940,N,N,N
217,J1,0,,Nanog,STANDARD,FAM,NFQ-MGB,31.721,31.883,0.140,0.195,,,29.610,0.996,-3.297,101.051,1,0.249,1,3,25,Amp,,0.956,N,N,N
218,J2,0,,Nanog,STANDARD,FAM,NFQ-MGB,31.966,31.883,0.140,0.195,,,29.610,0.996,-3.297,101.051,1,0.249,1,3,27,Amp,,0.967,N,N,N
219,J3,0,,Nanog,STANDARD,FAM,NFQ-MGB,31.963,31.883,0.140,0.195,,,29.610,0.996,-3.297,101.051,1,0.249,1,3,27,Amp,,0.952,N,N,N
229,J13,0,,Oct3-4,STANDARD,FAM,NFQ-MGB,29.314,29.401,0.076,0.195,,,27.136,0.997,-3.280,101.780,1,0.179,1,3,25,Amp,,0.953,N,N,N
230,J14,0,,Oct3-4,STANDARD,FAM,NFQ-MGB,29.452,29.401,0.076,0.195,,,27.136,0.997,-3.280,101.780,1,0.179,1,3,25,Amp,,0.954,N,N,N
231,J15,0,,Oct3-4,STANDARD,FAM,NFQ-MGB,29.436,29.401,0.076,0.195,,,27.136,0.997,-3.280,101.780,1,0.179,1,3,24,Amp,,0.946,N,N,N
241,K1,0,C 3450 iPSC,Nanog,UNKNOWN,FAM,NFQ-MGB,24.746,24.832,0.128,29.874,28.201,2.452,29.610,0.996,-3.297,101.051,1,0.249,1,3,19,Amp,,0.953,N,N,N
242,K2,0,C 3450 iPSC,Nanog,UNKNOWN,FAM,NFQ-MGB,24.771,24.832,0.128,29.343,28.201,2.452,29.610,0.996,-3.297,101.051,1,0.249,1,3,19,Amp,,0.956,N,N,N
243,K3,0,C 3450 iPSC,Nanog,UNKNOWN,FAM,NFQ-MGB,24.979,24.832,0.128,25.386,28.201,2.452,29.610,0.996,-3.297,101.051,1,0.249,1,3,19,Amp,,0.954,N,N,N
244,K4,0,C 3450 MNPC,Nanog,UNKNOWN,FAM,NFQ-MGB,31.419,31.606,0.168,0.283,0.249,0.030,29.610,0.996,-3.297,101.051,1,0.249,1,3,25,Amp,,0.932,N,N,N
245,K5,0,C 3450 MNPC,Nanog,UNKNOWN,FAM,NFQ-MGB,31.743,31.606,0.168,0.225,0.249,0.030,29.610,0.996,-3.297,101.051,1,0.249,1,3,26,Amp,,0.929,N,N,N
246,K6,0,C 3450 MNPC,Nanog,UNKNOWN,FAM,NFQ-MGB,31.657,31.606,0.168,0.239,0.249,0.030,29.610,0.996,-3.297,101.051,1,0.249,1,3,25,Amp,,0.927,N,N,N
247,K7,0,C 3450 2WK,Nanog,UNKNOWN,FAM,NFQ-MGB,31.423,31.551,0.133,0.282,0.258,0.024,29.610,0.996,-3.297,101.051,1,0.249,1,3,25,Amp,,0.938,N,N,N
248,K8,0,C 3450 2WK,Nanog,UNKNOWN,FAM,NFQ-MGB,31.541,31.551,0.133,0.260,0.258,0.024,29.610,0.996,-3.297,101.051,1,0.249,1,3,26,Amp,,0.940,N,N,N
249,K9,0,C 3450 2WK,Nanog,UNKNOWN,FAM,NFQ-MGB,31.689,31.551,0.133,0.234,0.258,0.024,29.610,0.996,-3.297,101.051,1,0.249,1,3,25,Amp,,0.945,N,N,N
250,K10,0,C 3450 4WK,Nanog,UNKNOWN,FAM,NFQ-MGB,30.959,31.018,0.073,0.390,0.374,0.019,29.610,0.996,-3.297,101.051,1,0.249,1,3,26,Amp,,0.949,N,N,N
251,K11,0,C 3450 4WK,Nanog,UNKNOWN,FAM,NFQ-MGB,31.100,31.018,0.073,0.353,0.374,0.019,29.610,0.996,-3.297,101.051,1,0.249,1,3,26,Amp,,0.964,N,N,N
252,K12,0,C 3450 4WK,Nanog,UNKNOWN,FAM,NFQ-MGB,30.995,31.018,0.073,0.380,0.374,0.019,29.610,0.996,-3.297,101.051,1,0.249,1,3,25,Amp,,0.943,N,N,N
253,K13,0,C 3450 iPSC,Oct3-4,UNKNOWN,FAM,NFQ-MGB,20.451,20.460,0.042,109.216,108.560,3.188,27.136,0.997,-3.280,101.780,1,0.179,1,3,15,Amp,,0.924,N,N,N
254,K14,0,C 3450 iPSC,Oct3-4,UNKNOWN,FAM,NFQ-MGB,20.506,20.460,0.042,105.095,108.560,3.188,27.136,0.997,-3.280,101.780,1,0.179,1,3,15,Amp,,0.932,N,N,N
255,K15,0,C 3450 iPSC,Oct3-4,UNKNOWN,FAM,NFQ-MGB,20.423,20.460,0.042,111.369,108.560,3.188,27.136,0.997,-3.280,101.780,1,0.179,1,3,15,Amp,,0.940,N,N,N
256,K16,0,C 3450 MNPC,Oct3-4,UNKNOWN,FAM,NFQ-MGB,29.636,30.067,0.374,0.173,0.131,0.036,27.136,0.997,-3.280,101.780,1,0.179,1,3,25,Amp,,0.899,N,N,N
257,K17,0,C 3450 MNPC,Oct3-4,UNKNOWN,FAM,NFQ-MGB,30.317,30.067,0.374,0.107,0.131,0.036,27.136,0.997,-3.280,101.780,1,0.179,1,3,26,Amp,,0.898,N,N,N
258,K18,0,C 3450 MNPC,Oct3-4,UNKNOWN,FAM,NFQ-MGB,30.248,30.067,0.374,0.113,0.131,0.036,27.136,0.997,-3.280,101.780,1,0.179,1,3,26,Amp,,0.941,N,N,N
259,K19,0,C 3450 2WK,Oct3-4,UNKNOWN,FAM,NFQ-MGB,29.421,29.608,0.162,0.201,0.177,0.021,27.136,0.997,-3.280,101.780,1,0.179,1,3,25,Amp,,0.891,N,N,N
260,K20,0,C 3450 2WK,Oct3-4,UNKNOWN,FAM,NFQ-MGB,29.696,29.608,0.162,0.166,0.177,0.021,27.136,0.997,-3.280,101.780,1,0.179,1,3,25,Amp,,0.906,N,N,N
261,K21,0,C 3450 2WK,Oct3-4,UNKNOWN,FAM,NFQ-MGB,29.707,29.608,0.162,0.165,0.177,0.021,27.136,0.997,-3.280,101.780,1,0.179,1,3,24,Amp,,0.912,N,N,N
262,K22,0,C 3450 4WK,Oct3-4,UNKNOWN,FAM,NFQ-MGB,29.046,29.165,0.182,0.262,0.242,0.030,27.136,0.997,-3.280,101.780,1,0.179,1,3,25,Amp,,0.941,N,Y,N
263,K23,0,C 3450 4WK,Oct3-4,UNKNOWN,FAM,NFQ-MGB,29.074,29.165,0.182,0.257,0.242,0.030,27.136,0.997,-3.280,101.780,1,0.179,1,3,25,Amp,,0.950,N,N,N
264,K24,0,C 3450 4WK,Oct3-4,UNKNOWN,FAM,NFQ-MGB,29.374,29.165,0.182,0.208,0.242,0.030,27.136,0.997,-3.280,101.780,1,0.179,1,3,24,Amp,,0.960,N,N,N
265,L1,0,,Nanog,STANDARD,FAM,NFQ-MGB,33.771,33.755,0.170,0.049,,,29.610,0.996,-3.297,101.051,1,0.249,1,3,29,Amp,,0.947,N,N,N
266,L2,0,,Nanog,STANDARD,FAM,NFQ-MGB,33.916,33.755,0.170,0.049,,,29.610,0.996,-3.297,101.051,1,0.249,1,3,29,Amp,,0.943,N,N,N
267,L3,0,,Nanog,STANDARD,FAM,NFQ-MGB,33.576,33.755,0.170,0.049,,,29.610,0.996,-3.297,101.051,1,0.249,1,3,28,Amp,,0.947,N,N,N
277,L13,0,,Oct3-4,STANDARD,FAM,NFQ-MGB,31.160,31.273,0.129,0.049,,,27.136,0.997,-3.280,101.780,1,0.179,1,3,27,Amp,,0.949,N,N,N
278,L14,0,,Oct3-4,STANDARD,FAM,NFQ-MGB,31.413,31.273,0.129,0.049,,,27.136,0.997,-3.280,101.780,1,0.179,1,3,26,Amp,,0.951,N,N,N
279,L15,0,,Oct3-4,STANDARD,FAM,NFQ-MGB,31.245,31.273,0.129,0.049,,,27.136,0.997,-3.280,101.780,1,0.179,1,3,27,Amp,,0.924,N,N,N
289,M1,0,A G93A iPSC,Nanog,UNKNOWN,FAM,NFQ-MGB,23.922,24.112,0.184,53.118,46.770,6.031,29.610,0.996,-3.297,101.051,1,0.249,1,3,19,Amp,,0.953,N,N,N
290,M2,0,A G93A iPSC,Nanog,UNKNOWN,FAM,NFQ-MGB,24.125,24.112,0.184,46.075,46.770,6.031,29.610,0.996,-3.297,101.051,1,0.249,1,3,18,Amp,,0.953,N,N,N
291,M3,0,A G93A iPSC,Nanog,UNKNOWN,FAM,NFQ-MGB,24.288,24.112,0.184,41.116,46.770,6.031,29.610,0.996,-3.297,101.051,1,0.249,1,3,19,Amp,,0.949,N,N,N
292,M4,0,A G93A MNPC,Nanog,UNKNOWN,FAM,NFQ-MGB,30.161,30.385,0.238,0.680,0.587,0.096,29.610,0.996,-3.297,101.051,1,0.249,1,3,25,Amp,,0.940,N,N,N
293,M5,0,A G93A MNPC,Nanog,UNKNOWN,FAM,NFQ-MGB,30.358,30.385,0.238,0.593,0.587,0.096,29.610,0.996,-3.297,101.051,1,0.249,1,3,25,Amp,,0.943,N,N,N
294,M6,0,A G93A MNPC,Nanog,UNKNOWN,FAM,NFQ-MGB,30.635,30.385,0.238,0.489,0.587,0.096,29.610,0.996,-3.297,101.051,1,0.249,1,3,25,Amp,,0.953,N,N,N
295,M7,0,A G93A 2WK,Nanog,UNKNOWN,FAM,NFQ-MGB,29.815,30.004,0.250,0.867,0.767,0.128,29.610,0.996,-3.297,101.051,1,0.249,1,3,23,Amp,,0.944,N,N,N
296,M8,0,A G93A 2WK,Nanog,UNKNOWN,FAM,NFQ-MGB,29.909,30.004,0.250,0.812,0.767,0.128,29.610,0.996,-3.297,101.051,1,0.249,1,3,24,Amp,,0.953,N,N,N
297,M9,0,A G93A 2WK,Nanog,UNKNOWN,FAM,NFQ-MGB,30.287,30.004,0.250,0.623,0.767,0.128,29.610,0.996,-3.297,101.051,1,0.249,1,3,25,Amp,,0.956,N,N,N
298,M10,0,A G93A 4WK,Nanog,UNKNOWN,FAM,NFQ-MGB,30.308,30.365,0.095,0.614,0.591,0.038,29.610,0.996,-3.297,101.051,1,0.249,1,3,25,Amp,,0.949,N,N,N
299,M11,0,A G93A 4WK,Nanog,UNKNOWN,FAM,NFQ-MGB,30.475,30.365,0.095,0.547,0.591,0.038,29.610,0.996,-3.297,101.051,1,0.249,1,3,24,Amp,,0.942,N,N,N
300,M12,0,A G93A 4WK,Nanog,UNKNOWN,FAM,NFQ-MGB,30.313,30.365,0.095,0.612,0.591,0.038,29.610,0.996,-3.297,101.051,1,0.249,1,3,23,Amp,,0.957,N,N,N
301,M13,0,A G93A iPSC,Oct3-4,UNKNOWN,FAM,NFQ-MGB,19.925,20.174,0.408,158.011,136.081,35.376,27.136,0.997,-3.280,101.780,1,0.179,1,3,16,Amp,,0.922,N,N,N
302,M14,0,A G93A iPSC,Oct3-4,UNKNOWN,FAM,NFQ-MGB,19.952,20.174,0.408,154.963,136.081,35.376,27.136,0.997,-3.280,101.780,1,0.179,1,3,16,Amp,,0.923,N,N,N
303,M15,0,A G93A iPSC,Oct3-4,UNKNOWN,FAM,NFQ-MGB,20.645,20.174,0.408,95.270,136.081,35.376,27.136,0.997,-3.280,101.780,1,0.179,1,3,15,Amp,,0.940,N,N,N
304,M16,0,A G93A MNPC,Oct3-4,UNKNOWN,FAM,NFQ-MGB,29.759,29.893,0.116,0.159,0.145,0.012,27.136,0.997,-3.280,101.780,1,0.179,1,3,24,Amp,,0.905,N,N,N
305,M17,0,A G93A MNPC,Oct3-4,UNKNOWN,FAM,NFQ-MGB,29.970,29.893,0.116,0.137,0.145,0.012,27.136,0.997,-3.280,101.780,1,0.179,1,3,26,Amp,,0.907,N,N,N
306,M18,0,A G93A MNPC,Oct3-4,UNKNOWN,FAM,NFQ-MGB,29.949,29.893,0.116,0.139,0.145,0.012,27.136,0.997,-3.280,101.780,1,0.179,1,3,24,Amp,,0.939,N,N,N
307,M19,0,A G93A 2WK,Oct3-4,UNKNOWN,FAM,NFQ-MGB,29.734,30.027,0.254,0.161,0.133,0.025,27.136,0.997,-3.280,101.780,1,0.179,1,3,24,Amp,,0.948,N,N,N
308,M20,0,A G93A 2WK,Oct3-4,UNKNOWN,FAM,NFQ-MGB,30.160,30.027,0.254,0.120,0.133,0.025,27.136,0.997,-3.280,101.780,1,0.179,1,3,26,Amp,,0.909,N,N,N
309,M21,0,A G93A 2WK,Oct3-4,UNKNOWN,FAM,NFQ-MGB,30.187,30.027,0.254,0.117,0.133,0.025,27.136,0.997,-3.280,101.780,1,0.179,1,3,26,Amp,,0.906,N,N,N
310,M22,0,A G93A 4WK,Oct3-4,UNKNOWN,FAM,NFQ-MGB,29.640,29.793,0.133,0.172,0.155,0.015,27.136,0.997,-3.280,101.780,1,0.179,1,3,25,Amp,,0.906,N,N,N
311,M23,0,A G93A 4WK,Oct3-4,UNKNOWN,FAM,NFQ-MGB,29.866,29.793,0.133,0.147,0.155,0.015,27.136,0.997,-3.280,101.780,1,0.179,1,3,24,Amp,,0.900,N,N,N
312,M24,0,A G93A 4WK,Oct3-4,UNKNOWN,FAM,NFQ-MGB,29.874,29.793,0.133,0.146,0.155,0.015,27.136,0.997,-3.280,101.780,1,0.179,1,3,25,Amp,,0.913,N,N,N
325,N13,0,,Oct3-4,STANDARD,FAM,NFQ-MGB,33.007,33.474,0.486,0.012,,,27.136,0.997,-3.280,101.780,1,0.179,1,3,27,Amp,,0.921,N,N,N
326,N14,0,,Oct3-4,STANDARD,FAM,NFQ-MGB,33.977,33.474,0.486,0.012,,,27.136,0.997,-3.280,101.780,1,0.179,1,3,30,Amp,,0.941,N,N,N
327,N15,0,,Oct3-4,STANDARD,FAM,NFQ-MGB,33.438,33.474,0.486,0.012,,,27.136,0.997,-3.280,101.780,1,0.179,1,3,27,Amp,,0.944,N,N,N
