Block Type,384-Well Block,,,,,,,,,,,,,,,,,,,,,,,,,,,,,,,,,,,,,,,
Calibration Background is expired ,No,,,,,,,,,,,,,,,,,,,,,,,,,,,,,,,,,,,,,,,
Calibration Background performed on,11-12-2018,,,,,,,,,,,,,,,,,,,,,,,,,,,,,,,,,,,,,,,
Calibration Pure Dye ABY is expired,No,,,,,,,,,,,,,,,,,,,,,,,,,,,,,,,,,,,,,,,
Calibration Pure Dye ABY performed on,11-12-2018,,,,,,,,,,,,,,,,,,,,,,,,,,,,,,,,,,,,,,,
Calibration Pure Dye CY5 is expired,No,,,,,,,,,,,,,,,,,,,,,,,,,,,,,,,,,,,,,,,
Calibration Pure Dye CY5 performed on,11-12-2018,,,,,,,,,,,,,,,,,,,,,,,,,,,,,,,,,,,,,,,
Calibration Pure Dye FAM is expired,No,,,,,,,,,,,,,,,,,,,,,,,,,,,,,,,,,,,,,,,
Calibration Pure Dye FAM performed on,11-12-2018,,,,,,,,,,,,,,,,,,,,,,,,,,,,,,,,,,,,,,,
Calibration Pure Dye JUN is expired,No,,,,,,,,,,,,,,,,,,,,,,,,,,,,,,,,,,,,,,,
Calibration Pure Dye JUN performed on,11-12-2018,,,,,,,,,,,,,,,,,,,,,,,,,,,,,,,,,,,,,,,
Calibration Pure Dye MUSTANG PURPLE is expired,No,,,,,,,,,,,,,,,,,,,,,,,,,,,,,,,,,,,,,,,
Calibration Pure Dye MUSTANG PURPLE performed on,11-12-2018,,,,,,,,,,,,,,,,,,,,,,,,,,,,,,,,,,,,,,,
Calibration Pure Dye NED is expired,No,,,,,,,,,,,,,,,,,,,,,,,,,,,,,,,,,,,,,,,
Calibration Pure Dye NED performed on,11-12-2018,,,,,,,,,,,,,,,,,,,,,,,,,,,,,,,,,,,,,,,
Calibration Pure Dye ROX is expired,No,,,,,,,,,,,,,,,,,,,,,,,,,,,,,,,,,,,,,,,
Calibration Pure Dye ROX performed on,11-12-2018,,,,,,,,,,,,,,,,,,,,,,,,,,,,,,,,,,,,,,,
Calibration Pure Dye SYBR is expired,No,,,,,,,,,,,,,,,,,,,,,,,,,,,,,,,,,,,,,,,
Calibration Pure Dye SYBR performed on,11-12-2018,,,,,,,,,,,,,,,,,,,,,,,,,,,,,,,,,,,,,,,
Calibration Pure Dye TAMRA is expired,No,,,,,,,,,,,,,,,,,,,,,,,,,,,,,,,,,,,,,,,
Calibration Pure Dye TAMRA performed on,11-12-2018,,,,,,,,,,,,,,,,,,,,,,,,,,,,,,,,,,,,,,,
Calibration Pure Dye VIC is expired,No,,,,,,,,,,,,,,,,,,,,,,,,,,,,,,,,,,,,,,,
Calibration Pure Dye VIC performed on,11-12-2018,,,,,,,,,,,,,,,,,,,,,,,,,,,,,,,,,,,,,,,
Calibration ROI is expired ,No,,,,,,,,,,,,,,,,,,,,,,,,,,,,,,,,,,,,,,,
Calibration ROI performed on,11-12-2018,,,,,,,,,,,,,,,,,,,,,,,,,,,,,,,,,,,,,,,
Calibration Uniformity is expired ,No,,,,,,,,,,,,,,,,,,,,,,,,,,,,,,,,,,,,,,,
Calibration Uniformity performed on,11-12-2018,,,,,,,,,,,,,,,,,,,,,,,,,,,,,,,,,,,,,,,
Chemistry,TAQMAN,,,,,,,,,,,,,,,,,,,,,,,,,,,,,,,,,,,,,,,
Date Created,2019-05-24 06:12:44 AM PDT,,,,,,,,,,,,,,,,,,,,,,,,,,,,,,,,,,,,,,,
Experiment Barcode,,,,,,,,,,,,,,,,,,,,,,,,,,,,,,,,,,,,,,,,
Experiment Comment,,,,,,,,,,,,,,,,,,,,,,,,,,,,,,,,,,,,,,,,
Experiment File Name,D:\Users\Administrator\Experiments\Narges\2019-05-23_133411-control line-ko line.eds,,,,,,,,,,,,,,,,,,,,,,,,,,,,,,,,,,,,,,,
Experiment Name,2019-05-23_133411,,,,,,,,,,,,,,,,,,,,,,,,,,,,,,,,,,,,,,,
Experiment Run End Time,2019-05-23 15:40:00 PM PDT,,,,,,,,,,,,,,,,,,,,,,,,,,,,,,,,,,,,,,,
Experiment Type,Comparative C? (??C?) ,,,,,,,,,,,,,,,,,,,,,,,,,,,,,,,,,,,,,,,
Instrument Name,      272530975,,,,,,,,,,,,,,,,,,,,,,,,,,,,,,,,,,,,,,,
Instrument Serial Number,272530975,,,,,,,,,,,,,,,,,,,,,,,,,,,,,,,,,,,,,,,
Instrument Type,QuantStudio™ 5 System,,,,,,,,,,,,,,,,,,,,,,,,,,,,,,,,,,,,,,,
Passive Reference,ROX,,,,,,,,,,,,,,,,,,,,,,,,,,,,,,,,,,,,,,,
Post-read Stage/Step,,,,,,,,,,,,,,,,,,,,,,,,,,,,,,,,,,,,,,,,
Pre-read Stage/Step,,,,,,,,,,,,,,,,,,,,,,,,,,,,,,,,,,,,,,,,
Quantification Cycle Method,Ct,,,,,,,,,,,,,,,,,,,,,,,,,,,,,,,,,,,,,,,
Signal Smoothing On,true,,,,,,,,,,,,,,,,,,,,,,,,,,,,,,,,,,,,,,,
Stage/ Cycle where Ct Analysis is performed,"Stage2, Step2",,,,,,,,,,,,,,,,,,,,,,,,,,,,,,,,,,,,,,,
User Name,,,,,,,,,,,,,,,,,,,,,,,,,,,,,,,,,,,,,,,,
,,,,,,,,,,,,,,,,,,,,,,,,,,,,,,,,,,,,,,,,
Well,Well Position,Omit,Sample Name,Target Name,Task,Reporter,Quencher,Quantity,Quantity Mean,Quantity SD,RQ,RQ Min,RQ Max,CT,Ct Mean,Ct SD,Delta Ct,Delta Ct Mean,Delta Ct SD,Delta Ct SE,Delta Delta Ct,Automatic Ct Threshold,Ct Threshold,Automatic Baseline,Baseline Start,Baseline End,Amp Status,Comments,Cq Conf,CQCONF,EXPFAIL,PRFDROP,HIGHSD,DRNMIN,CTFAIL,OUTLIERRG,PRFLOW,NOISE,SPIKE,BADROX
1,A1,FALSE,H9,NANOG,UNKNOWN,FAM,NFQ-MGB,,,,1.000,0.648,1.542,26.175,25.859,0.326,,4.819,0.458,0.264,0.000,TRUE,0.394,TRUE,3,20,Amp,,0.857,N,N,N,N,N,N,N,N,N,N,N
2,A2,FALSE,H9,NANOG,UNKNOWN,FAM,NFQ-MGB,,,,1.000,0.648,1.542,25.876,25.859,0.326,,4.819,0.458,0.264,0.000,TRUE,0.394,TRUE,3,19,Amp,,0.861,N,N,N,N,N,N,N,N,N,N,N
3,A3,FALSE,H9,NANOG,UNKNOWN,FAM,NFQ-MGB,,,,1.000,0.648,1.542,25.524,25.859,0.326,,4.819,0.458,0.264,0.000,TRUE,0.394,TRUE,3,19,Amp,,0.893,N,N,N,N,N,N,N,N,N,N,N
4,A4,FALSE,AIW001-02,NANOG,UNKNOWN,FAM,NFQ-MGB,,,,0.967,0.897,1.043,25.768,25.812,0.051,,4.867,0.080,0.046,0.049,TRUE,0.394,TRUE,3,20,Amp,,0.859,N,N,N,N,N,N,N,N,N,N,N
5,A5,FALSE,AIW001-02,NANOG,UNKNOWN,FAM,NFQ-MGB,,,,0.967,0.897,1.043,25.868,25.812,0.051,,4.867,0.080,0.046,0.049,TRUE,0.394,TRUE,3,20,Amp,,0.864,N,N,N,N,N,N,N,N,N,N,N
6,A6,FALSE,AIW001-02,NANOG,UNKNOWN,FAM,NFQ-MGB,,,,0.967,0.897,1.043,25.802,25.812,0.051,,4.867,0.080,0.046,0.049,TRUE,0.394,TRUE,3,20,Amp,,0.873,N,N,N,N,N,N,N,N,N,N,N
7,A7,FALSE,AIW002-2,NANOG,UNKNOWN,FAM,NFQ-MGB,,,,0.720,0.435,1.190,25.959,25.518,0.447,,5.294,0.532,0.307,0.475,TRUE,0.394,TRUE,3,20,Amp,,0.868,N,N,N,N,N,N,N,N,N,N,N
8,A8,FALSE,AIW002-2,NANOG,UNKNOWN,FAM,NFQ-MGB,,,,0.720,0.435,1.190,25.532,25.518,0.447,,5.294,0.532,0.307,0.475,TRUE,0.394,TRUE,3,19,Amp,,0.877,N,N,N,N,N,N,N,N,N,N,N
9,A9,FALSE,AIW002-2,NANOG,UNKNOWN,FAM,NFQ-MGB,,,,0.720,0.435,1.190,25.064,25.518,0.447,,5.294,0.532,0.307,0.475,TRUE,0.394,TRUE,3,19,Amp,,0.887,N,N,N,N,N,N,N,N,N,N,N
10,A10,FALSE,AJC001-5,NANOG,UNKNOWN,FAM,NFQ-MGB,,,,1.080,0.978,1.193,25.959,25.973,0.062,,4.708,0.105,0.061,-0.111,TRUE,0.394,TRUE,3,20,Amp,,0.879,N,N,N,N,N,N,N,N,N,N,N
11,A11,FALSE,AJC001-5,NANOG,UNKNOWN,FAM,NFQ-MGB,,,,1.080,0.978,1.193,26.041,25.973,0.062,,4.708,0.105,0.061,-0.111,TRUE,0.394,TRUE,3,21,Amp,,0.875,N,N,N,N,N,N,N,N,N,N,N
12,A12,FALSE,AJC001-5,NANOG,UNKNOWN,FAM,NFQ-MGB,,,,1.080,0.978,1.193,25.920,25.973,0.062,,4.708,0.105,0.061,-0.111,TRUE,0.394,TRUE,3,20,Amp,,0.872,N,N,N,N,N,N,N,N,N,N,N
13,A13,FALSE,AJD002-3,NANOG,UNKNOWN,FAM,NFQ-MGB,,,,1.339,1.170,1.532,26.008,25.944,0.080,,4.398,0.142,0.082,-0.421,TRUE,0.394,TRUE,3,20,Amp,,0.908,N,N,N,N,N,N,N,N,N,N,N
14,A14,FALSE,AJD002-3,NANOG,UNKNOWN,FAM,NFQ-MGB,,,,1.339,1.170,1.532,25.970,25.944,0.080,,4.398,0.142,0.082,-0.421,TRUE,0.394,TRUE,3,20,Amp,,0.921,N,N,N,N,N,N,N,N,N,N,N
15,A15,FALSE,AJD002-3,NANOG,UNKNOWN,FAM,NFQ-MGB,,,,1.339,1.170,1.532,25.854,25.944,0.080,,4.398,0.142,0.082,-0.421,TRUE,0.394,TRUE,3,20,Amp,,0.918,N,N,N,N,N,N,N,N,N,N,N
16,A16,FALSE,AJG001-C4,NANOG,UNKNOWN,FAM,NFQ-MGB,,,,1.056,0.908,1.230,25.537,25.456,0.092,,4.740,0.160,0.093,-0.079,TRUE,0.394,TRUE,3,18,Amp,,0.970,N,N,N,N,N,N,N,N,N,N,N
17,A17,FALSE,AJG001-C4,NANOG,UNKNOWN,FAM,NFQ-MGB,,,,1.056,0.908,1.230,25.477,25.456,0.092,,4.740,0.160,0.093,-0.079,TRUE,0.394,TRUE,3,19,Amp,,0.960,N,N,N,N,N,N,N,N,N,N,N
18,A18,FALSE,AJG001-C4,NANOG,UNKNOWN,FAM,NFQ-MGB,,,,1.056,0.908,1.230,25.355,25.456,0.092,,4.740,0.160,0.093,-0.079,TRUE,0.394,TRUE,3,20,Amp,,0.932,N,N,N,N,N,N,N,N,N,N,N
19,A19,FALSE,#3448,NANOG,UNKNOWN,FAM,NFQ-MGB,,,,1.279,1.152,1.419,26.435,26.352,0.076,,4.464,0.110,0.064,-0.355,TRUE,0.394,TRUE,3,20,Amp,,0.916,N,N,N,N,N,N,N,N,N,N,N
20,A20,FALSE,#3448,NANOG,UNKNOWN,FAM,NFQ-MGB,,,,1.279,1.152,1.419,26.336,26.352,0.076,,4.464,0.110,0.064,-0.355,TRUE,0.394,TRUE,3,20,Amp,,0.877,N,N,N,N,N,N,N,N,N,N,N
21,A21,FALSE,#3448,NANOG,UNKNOWN,FAM,NFQ-MGB,,,,1.279,1.152,1.419,26.284,26.352,0.076,,4.464,0.110,0.064,-0.355,TRUE,0.394,TRUE,3,21,Amp,,0.875,N,N,N,N,N,N,N,N,N,N,N
22,A22,FALSE,#3450,NANOG,UNKNOWN,FAM,NFQ-MGB,,,,1.337,0.875,2.043,26.525,26.183,0.296,,4.400,0.448,0.259,-0.419,TRUE,0.394,TRUE,3,20,Amp,,0.799,Y,N,N,N,N,N,Y,N,N,N,N
23,A23,FALSE,#3450,NANOG,UNKNOWN,FAM,NFQ-MGB,,,,1.337,0.875,2.043,26.011,26.183,0.296,,4.400,0.448,0.259,-0.419,TRUE,0.394,TRUE,3,20,Amp,,0.869,N,N,N,N,N,N,N,N,N,N,N
24,A24,FALSE,#3450,NANOG,UNKNOWN,FAM,NFQ-MGB,,,,1.337,0.875,2.043,26.014,26.183,0.296,,4.400,0.448,0.259,-0.419,TRUE,0.394,TRUE,3,20,Amp,,0.867,N,N,N,N,N,N,N,N,N,N,N
25,B1,FALSE,H9,C-MYC,UNKNOWN,FAM,NFQ-MGB,,,,1.000,0.679,1.472,26.099,25.828,0.252,,4.789,0.409,0.236,0.000,TRUE,0.388,TRUE,3,21,Amp,,0.840,N,N,N,N,N,N,N,N,N,N,N
26,B2,FALSE,H9,C-MYC,UNKNOWN,FAM,NFQ-MGB,,,,1.000,0.679,1.472,25.787,25.828,0.252,,4.789,0.409,0.236,0.000,TRUE,0.388,TRUE,3,20,Amp,,0.846,N,N,N,N,N,N,N,N,N,N,N
27,B3,FALSE,H9,C-MYC,UNKNOWN,FAM,NFQ-MGB,,,,1.000,0.679,1.472,25.599,25.828,0.252,,4.789,0.409,0.236,0.000,TRUE,0.388,TRUE,3,19,Amp,,0.868,N,N,N,N,N,N,N,N,N,N,N
28,B4,FALSE,AIW001-02,C-MYC,UNKNOWN,FAM,NFQ-MGB,,,,0.852,0.798,0.909,25.939,25.964,0.031,,5.019,0.069,0.040,0.231,TRUE,0.388,TRUE,3,20,Amp,,0.855,N,N,N,N,N,N,N,N,N,N,N
29,B5,FALSE,AIW001-02,C-MYC,UNKNOWN,FAM,NFQ-MGB,,,,0.852,0.798,0.909,25.956,25.964,0.031,,5.019,0.069,0.040,0.231,TRUE,0.388,TRUE,3,19,Amp,,0.891,N,N,N,N,N,N,N,N,N,N,N
30,B6,FALSE,AIW001-02,C-MYC,UNKNOWN,FAM,NFQ-MGB,,,,0.852,0.798,0.909,25.999,25.964,0.031,,5.019,0.069,0.040,0.231,TRUE,0.388,TRUE,3,20,Amp,,0.887,N,N,N,N,N,N,N,N,N,N,N
31,B7,FALSE,AIW002-2,C-MYC,UNKNOWN,FAM,NFQ-MGB,,,,0.916,0.631,1.330,25.444,25.140,0.269,,4.915,0.394,0.227,0.126,TRUE,0.388,TRUE,3,19,Amp,,0.920,N,N,N,N,N,N,N,N,N,N,N
32,B8,FALSE,AIW002-2,C-MYC,UNKNOWN,FAM,NFQ-MGB,,,,0.916,0.631,1.330,25.043,25.140,0.269,,4.915,0.394,0.227,0.126,TRUE,0.388,TRUE,3,19,Amp,,0.905,N,N,N,N,N,N,N,N,N,N,N
33,B9,FALSE,AIW002-2,C-MYC,UNKNOWN,FAM,NFQ-MGB,,,,0.916,0.631,1.330,24.932,25.140,0.269,,4.915,0.394,0.227,0.126,TRUE,0.388,TRUE,3,19,Amp,,0.885,N,N,N,N,N,N,N,N,N,N,N
34,B10,FALSE,AJC001-5,C-MYC,UNKNOWN,FAM,NFQ-MGB,,,,1.481,1.340,1.636,25.456,25.488,0.063,,4.222,0.105,0.061,-0.566,TRUE,0.388,TRUE,3,20,Amp,,0.939,N,N,N,N,N,N,N,N,N,N,N
35,B11,FALSE,AJC001-5,C-MYC,UNKNOWN,FAM,NFQ-MGB,,,,1.481,1.340,1.636,25.560,25.488,0.063,,4.222,0.105,0.061,-0.566,TRUE,0.388,TRUE,3,20,Amp,,0.899,N,N,N,N,N,N,N,N,N,N,N
36,B12,FALSE,AJC001-5,C-MYC,UNKNOWN,FAM,NFQ-MGB,,,,1.481,1.340,1.636,25.448,25.488,0.063,,4.222,0.105,0.061,-0.566,TRUE,0.388,TRUE,3,20,Amp,,0.909,N,N,N,N,N,N,N,N,N,N,N
37,B13,FALSE,AJD002-3,C-MYC,UNKNOWN,FAM,NFQ-MGB,,,,1.466,1.279,1.681,25.792,25.783,0.084,,4.237,0.144,0.083,-0.552,TRUE,0.388,TRUE,3,19,Amp,,0.934,N,N,N,N,N,N,N,N,N,N,N
38,B14,FALSE,AJD002-3,C-MYC,UNKNOWN,FAM,NFQ-MGB,,,,1.466,1.279,1.681,25.862,25.783,0.084,,4.237,0.144,0.083,-0.552,TRUE,0.388,TRUE,3,19,Amp,,0.944,N,N,N,N,N,N,N,N,N,N,N
39,B15,FALSE,AJD002-3,C-MYC,UNKNOWN,FAM,NFQ-MGB,,,,1.466,1.279,1.681,25.696,25.783,0.084,,4.237,0.144,0.083,-0.552,TRUE,0.388,TRUE,3,19,Amp,,0.925,N,N,N,N,N,N,N,N,N,N,N
40,B16,FALSE,AJG001-C4,C-MYC,UNKNOWN,FAM,NFQ-MGB,,,,1.049,0.838,1.313,25.630,25.436,0.198,,4.720,0.237,0.137,-0.069,TRUE,0.388,TRUE,3,19,Amp,,0.906,N,N,N,N,N,N,N,N,N,N,N
41,B17,FALSE,AJG001-C4,C-MYC,UNKNOWN,FAM,NFQ-MGB,,,,1.049,0.838,1.313,25.443,25.436,0.198,,4.720,0.237,0.137,-0.069,TRUE,0.388,TRUE,3,19,Amp,,0.919,N,N,N,N,N,N,N,N,N,N,N
42,B18,FALSE,AJG001-C4,C-MYC,UNKNOWN,FAM,NFQ-MGB,,,,1.049,0.838,1.313,25.235,25.436,0.198,,4.720,0.237,0.137,-0.069,TRUE,0.388,TRUE,3,19,Amp,,0.911,N,N,N,N,N,N,N,N,N,N,N
43,B19,FALSE,#3448,C-MYC,UNKNOWN,FAM,NFQ-MGB,,,,1.711,1.569,1.866,25.953,25.902,0.046,,4.014,0.091,0.053,-0.775,TRUE,0.388,TRUE,3,20,Amp,,0.901,N,N,N,N,N,N,N,N,N,N,N
44,B20,FALSE,#3448,C-MYC,UNKNOWN,FAM,NFQ-MGB,,,,1.711,1.569,1.866,25.865,25.902,0.046,,4.014,0.091,0.053,-0.775,TRUE,0.388,TRUE,3,20,Amp,,0.892,N,N,N,N,N,N,N,N,N,N,N
45,B21,FALSE,#3448,C-MYC,UNKNOWN,FAM,NFQ-MGB,,,,1.711,1.569,1.866,25.887,25.902,0.046,,4.014,0.091,0.053,-0.775,TRUE,0.388,TRUE,3,19,Amp,,0.896,N,N,N,N,N,N,N,N,N,N,N
46,B22,FALSE,#3450,C-MYC,UNKNOWN,FAM,NFQ-MGB,,,,2.216,1.203,4.082,26.056,25.424,0.551,,3.641,0.645,0.373,-1.148,TRUE,0.388,TRUE,3,20,Amp,,0.797,Y,N,N,Y,N,N,N,N,N,N,N
47,B23,FALSE,#3450,C-MYC,UNKNOWN,FAM,NFQ-MGB,,,,2.216,1.203,4.082,25.171,25.424,0.551,,3.641,0.645,0.373,-1.148,TRUE,0.388,TRUE,3,19,Amp,,0.874,N,N,N,Y,N,N,N,N,N,N,N
48,B24,FALSE,#3450,C-MYC,UNKNOWN,FAM,NFQ-MGB,,,,2.216,1.203,4.082,25.046,25.424,0.551,,3.641,0.645,0.373,-1.148,TRUE,0.388,TRUE,3,19,Amp,,0.897,N,N,N,Y,N,N,N,N,N,N,N
49,C1,FALSE,H9,SOX2,UNKNOWN,FAM,NFQ-MGB,,,,1.000,0.651,1.535,24.582,24.359,0.319,,3.319,0.453,0.262,0.000,TRUE,0.226,TRUE,3,19,Amp,,0.889,N,N,N,N,N,N,N,N,N,N,N
50,C2,FALSE,H9,SOX2,UNKNOWN,FAM,NFQ-MGB,,,,1.000,0.651,1.535,24.503,24.359,0.319,,3.319,0.453,0.262,0.000,TRUE,0.226,TRUE,3,19,Amp,,0.871,N,N,N,N,N,N,N,N,N,N,N
51,C3,FALSE,H9,SOX2,UNKNOWN,FAM,NFQ-MGB,,,,1.000,0.651,1.535,23.993,24.359,0.319,,3.319,0.453,0.262,0.000,TRUE,0.226,TRUE,3,18,Amp,,0.877,N,N,N,N,N,N,N,N,N,N,N
52,C4,FALSE,AIW001-02,SOX2,UNKNOWN,FAM,NFQ-MGB,,,,1.008,0.908,1.119,24.163,24.253,0.092,,3.308,0.110,0.064,-0.011,TRUE,0.226,TRUE,3,19,Amp,,0.884,N,N,N,N,N,N,N,N,N,N,N
53,C5,FALSE,AIW001-02,SOX2,UNKNOWN,FAM,NFQ-MGB,,,,1.008,0.908,1.119,24.346,24.253,0.092,,3.308,0.110,0.064,-0.011,TRUE,0.226,TRUE,3,19,Amp,,0.896,N,N,N,N,N,N,N,N,N,N,N
54,C6,FALSE,AIW001-02,SOX2,UNKNOWN,FAM,NFQ-MGB,,,,1.008,0.908,1.119,24.250,24.253,0.092,,3.308,0.110,0.064,-0.011,TRUE,0.226,TRUE,3,19,Amp,,0.896,N,N,N,N,N,N,N,N,N,N,N
55,C7,FALSE,AIW002-2,SOX2,UNKNOWN,FAM,NFQ-MGB,,,,0.952,0.644,1.408,23.929,23.614,0.297,,3.390,0.413,0.238,0.070,TRUE,0.226,TRUE,3,19,Amp,,0.862,N,N,N,N,N,N,N,N,N,N,N
56,C8,FALSE,AIW002-2,SOX2,UNKNOWN,FAM,NFQ-MGB,,,,0.952,0.644,1.408,23.575,23.614,0.297,,3.390,0.413,0.238,0.070,TRUE,0.226,TRUE,3,19,Amp,,0.849,N,N,N,N,N,N,N,N,N,N,N
57,C9,FALSE,AIW002-2,SOX2,UNKNOWN,FAM,NFQ-MGB,,,,0.952,0.644,1.408,23.339,23.614,0.297,,3.390,0.413,0.238,0.070,TRUE,0.226,TRUE,3,18,Amp,,0.844,N,N,N,N,N,N,N,N,N,N,N
58,C10,FALSE,AJC001-5,SOX2,UNKNOWN,FAM,NFQ-MGB,,,,1.217,1.071,1.383,24.390,24.301,0.105,,3.036,0.135,0.078,-0.284,TRUE,0.226,TRUE,3,19,Amp,,0.886,N,N,N,N,N,N,N,N,N,N,N
59,C11,FALSE,AJC001-5,SOX2,UNKNOWN,FAM,NFQ-MGB,,,,1.217,1.071,1.383,24.329,24.301,0.105,,3.036,0.135,0.078,-0.284,TRUE,0.226,TRUE,3,19,Amp,,0.873,N,N,N,N,N,N,N,N,N,N,N
60,C12,FALSE,AJC001-5,SOX2,UNKNOWN,FAM,NFQ-MGB,,,,1.217,1.071,1.383,24.185,24.301,0.105,,3.036,0.135,0.078,-0.284,TRUE,0.226,TRUE,3,18,Amp,,0.874,N,N,N,N,N,N,N,N,N,N,N
61,C13,FALSE,AJD002-3,SOX2,UNKNOWN,FAM,NFQ-MGB,,,,1.300,1.100,1.535,24.551,24.488,0.131,,2.941,0.176,0.102,-0.378,TRUE,0.226,TRUE,3,20,Amp,,0.893,N,N,N,N,N,N,N,N,N,N,N
62,C14,FALSE,AJD002-3,SOX2,UNKNOWN,FAM,NFQ-MGB,,,,1.300,1.100,1.535,24.575,24.488,0.131,,2.941,0.176,0.102,-0.378,TRUE,0.226,TRUE,3,19,Amp,,0.918,N,N,N,N,N,N,N,N,N,N,N
63,C15,FALSE,AJD002-3,SOX2,UNKNOWN,FAM,NFQ-MGB,,,,1.300,1.100,1.535,24.338,24.488,0.131,,2.941,0.176,0.102,-0.378,TRUE,0.226,TRUE,3,19,Amp,,0.875,N,N,N,N,N,N,N,N,N,N,N
64,C16,FALSE,AJG001-C4,SOX2,UNKNOWN,FAM,NFQ-MGB,,,,0.903,0.784,1.040,24.253,24.183,0.072,,3.467,0.150,0.086,0.147,TRUE,0.226,TRUE,3,20,Amp,,0.858,N,N,N,N,N,N,N,N,N,N,N
65,C17,FALSE,AJG001-C4,SOX2,UNKNOWN,FAM,NFQ-MGB,,,,0.903,0.784,1.040,24.109,24.183,0.072,,3.467,0.150,0.086,0.147,TRUE,0.226,TRUE,3,19,Amp,,0.893,N,N,N,N,N,N,N,N,N,N,N
66,C18,FALSE,AJG001-C4,SOX2,UNKNOWN,FAM,NFQ-MGB,,,,0.903,0.784,1.040,24.187,24.183,0.072,,3.467,0.150,0.086,0.147,TRUE,0.226,TRUE,3,19,Amp,,0.906,N,N,N,N,N,N,N,N,N,N,N
67,C19,FALSE,#3448,SOX2,UNKNOWN,FAM,NFQ-MGB,,,,1.127,1.035,1.227,25.082,25.035,0.042,,3.147,0.090,0.052,-0.172,TRUE,0.226,TRUE,3,21,Amp,,0.909,N,N,N,N,N,N,N,N,N,N,N
68,C20,FALSE,#3448,SOX2,UNKNOWN,FAM,NFQ-MGB,,,,1.127,1.035,1.227,25.020,25.035,0.042,,3.147,0.090,0.052,-0.172,TRUE,0.226,TRUE,3,19,Amp,,0.906,N,N,N,N,N,N,N,N,N,N,N
69,C21,FALSE,#3448,SOX2,UNKNOWN,FAM,NFQ-MGB,,,,1.127,1.035,1.227,25.002,25.035,0.042,,3.147,0.090,0.052,-0.172,TRUE,0.226,TRUE,3,21,Amp,,0.901,N,N,N,N,N,N,N,N,N,N,N
70,C22,FALSE,#3450,SOX2,UNKNOWN,FAM,NFQ-MGB,,,,1.002,0.640,1.567,25.479,25.101,0.332,,3.317,0.473,0.273,-0.002,TRUE,0.226,TRUE,3,21,Amp,,0.769,Y,N,N,N,N,N,N,N,N,N,N
71,C23,FALSE,#3450,SOX2,UNKNOWN,FAM,NFQ-MGB,,,,1.002,0.640,1.567,24.965,25.101,0.332,,3.317,0.473,0.273,-0.002,TRUE,0.226,TRUE,3,20,Amp,,0.876,N,N,N,N,N,N,N,N,N,N,N
72,C24,FALSE,#3450,SOX2,UNKNOWN,FAM,NFQ-MGB,,,,1.002,0.640,1.567,24.858,25.101,0.332,,3.317,0.473,0.273,-0.002,TRUE,0.226,TRUE,3,20,Amp,,0.897,N,N,N,N,N,N,N,N,N,N,N
73,D1,FALSE,H9,ZFP42,UNKNOWN,FAM,NFQ-MGB,,,,1.000,0.652,1.534,26.108,25.793,0.318,,4.753,0.452,0.261,0.000,TRUE,0.215,TRUE,3,21,Amp,,0.856,N,N,N,N,N,N,N,N,N,N,N
74,D2,FALSE,H9,ZFP42,UNKNOWN,FAM,NFQ-MGB,,,,1.000,0.652,1.534,25.799,25.793,0.318,,4.753,0.452,0.261,0.000,TRUE,0.215,TRUE,3,21,Amp,,0.864,N,N,N,N,N,N,N,N,N,N,N
75,D3,FALSE,H9,ZFP42,UNKNOWN,FAM,NFQ-MGB,,,,1.000,0.652,1.534,25.471,25.793,0.318,,4.753,0.452,0.261,0.000,TRUE,0.215,TRUE,3,21,Amp,,0.895,N,N,N,N,N,N,N,N,N,N,N
76,D4,FALSE,AIW001-02,ZFP42,UNKNOWN,FAM,NFQ-MGB,,,,0.771,0.713,0.835,26.033,26.072,0.057,,5.127,0.084,0.048,0.375,TRUE,0.215,TRUE,3,21,Amp,,0.881,N,N,N,N,N,N,N,N,N,N,N
77,D5,FALSE,AIW001-02,ZFP42,UNKNOWN,FAM,NFQ-MGB,,,,0.771,0.713,0.835,26.138,26.072,0.057,,5.127,0.084,0.048,0.375,TRUE,0.215,TRUE,3,22,Amp,,0.924,N,N,N,N,N,N,N,N,N,N,N
78,D6,FALSE,AIW001-02,ZFP42,UNKNOWN,FAM,NFQ-MGB,,,,0.771,0.713,0.835,26.046,26.072,0.057,,5.127,0.084,0.048,0.375,TRUE,0.215,TRUE,3,21,Amp,,0.907,N,N,N,N,N,N,N,N,N,N,N
79,D7,FALSE,AIW002-2,ZFP42,UNKNOWN,FAM,NFQ-MGB,,,,0.438,0.304,0.632,26.424,26.168,0.260,,5.944,0.388,0.224,1.191,TRUE,0.215,TRUE,3,21,Amp,,0.905,N,N,N,N,N,N,N,N,N,N,N
80,D8,FALSE,AIW002-2,ZFP42,UNKNOWN,FAM,NFQ-MGB,,,,0.438,0.304,0.632,26.176,26.168,0.260,,5.944,0.388,0.224,1.191,TRUE,0.215,TRUE,3,20,Amp,,0.914,N,N,N,N,N,N,N,N,N,N,N
81,D9,FALSE,AIW002-2,ZFP42,UNKNOWN,FAM,NFQ-MGB,,,,0.438,0.304,0.632,25.904,26.168,0.260,,5.944,0.388,0.224,1.191,TRUE,0.215,TRUE,3,21,Amp,,0.939,N,N,N,N,N,N,N,N,N,N,N
82,D10,FALSE,AJC001-5,ZFP42,UNKNOWN,FAM,NFQ-MGB,,,,1.204,1.046,1.385,25.720,25.751,0.122,,4.485,0.148,0.086,-0.268,TRUE,0.215,TRUE,3,20,Amp,,0.949,N,N,N,N,N,N,N,N,N,N,N
83,D11,FALSE,AJC001-5,ZFP42,UNKNOWN,FAM,NFQ-MGB,,,,1.204,1.046,1.385,25.885,25.751,0.122,,4.485,0.148,0.086,-0.268,TRUE,0.215,TRUE,3,21,Amp,,0.911,N,N,N,N,N,N,N,N,N,N,N
84,D12,FALSE,AJC001-5,ZFP42,UNKNOWN,FAM,NFQ-MGB,,,,1.204,1.046,1.385,25.647,25.751,0.122,,4.485,0.148,0.086,-0.268,TRUE,0.215,TRUE,3,21,Amp,,0.919,N,N,N,N,N,N,N,N,N,N,N
85,D13,FALSE,AJD002-3,ZFP42,UNKNOWN,FAM,NFQ-MGB,,,,1.279,1.084,1.509,25.844,25.944,0.129,,4.397,0.175,0.101,-0.355,TRUE,0.215,TRUE,3,21,Amp,,0.959,N,N,N,N,N,N,N,N,N,N,N
86,D14,FALSE,AJD002-3,ZFP42,UNKNOWN,FAM,NFQ-MGB,,,,1.279,1.084,1.509,26.090,25.944,0.129,,4.397,0.175,0.101,-0.355,TRUE,0.215,TRUE,3,21,Amp,,0.909,N,N,N,N,N,N,N,N,N,N,N
87,D15,FALSE,AJD002-3,ZFP42,UNKNOWN,FAM,NFQ-MGB,,,,1.279,1.084,1.509,25.898,25.944,0.129,,4.397,0.175,0.101,-0.355,TRUE,0.215,TRUE,3,21,Amp,,0.909,N,N,N,N,N,N,N,N,N,N,N
88,D16,FALSE,AJG001-C4,ZFP42,UNKNOWN,FAM,NFQ-MGB,,,,0.545,0.440,0.676,26.536,26.344,0.186,,5.627,0.227,0.131,0.875,TRUE,0.215,TRUE,3,21,Amp,,0.900,N,N,N,N,N,N,N,N,N,N,N
89,D17,FALSE,AJG001-C4,ZFP42,UNKNOWN,FAM,NFQ-MGB,,,,0.545,0.440,0.676,26.330,26.344,0.186,,5.627,0.227,0.131,0.875,TRUE,0.215,TRUE,3,22,Amp,,0.908,N,N,N,N,N,N,N,N,N,N,N
90,D18,FALSE,AJG001-C4,ZFP42,UNKNOWN,FAM,NFQ-MGB,,,,0.545,0.440,0.676,26.165,26.344,0.186,,5.627,0.227,0.131,0.875,TRUE,0.215,TRUE,3,22,Amp,,0.906,N,N,N,N,N,N,N,N,N,N,N
91,D19,FALSE,#3448,ZFP42,UNKNOWN,FAM,NFQ-MGB,,,,1.520,1.330,1.738,26.133,26.036,0.117,,4.148,0.141,0.082,-0.604,TRUE,0.215,TRUE,3,21,Amp,,0.925,N,N,N,N,N,N,N,N,N,N,N
92,D20,FALSE,#3448,ZFP42,UNKNOWN,FAM,NFQ-MGB,,,,1.520,1.330,1.738,26.071,26.036,0.117,,4.148,0.141,0.082,-0.604,TRUE,0.215,TRUE,3,21,Amp,,0.905,N,N,N,N,N,N,N,N,N,N,N
93,D21,FALSE,#3448,ZFP42,UNKNOWN,FAM,NFQ-MGB,,,,1.520,1.330,1.738,25.906,26.036,0.117,,4.148,0.141,0.082,-0.604,TRUE,0.215,TRUE,3,21,Amp,,0.894,N,N,N,N,N,N,N,N,N,N,N
94,D22,FALSE,#3450,ZFP42,UNKNOWN,FAM,NFQ-MGB,,,,1.647,0.987,2.750,26.305,25.816,0.424,,4.033,0.542,0.313,-0.720,TRUE,0.215,TRUE,3,21,Amp,,0.802,N,N,N,N,N,N,N,N,N,N,N
95,D23,FALSE,#3450,ZFP42,UNKNOWN,FAM,NFQ-MGB,,,,1.647,0.987,2.750,25.609,25.816,0.424,,4.033,0.542,0.313,-0.720,TRUE,0.215,TRUE,3,21,Amp,,0.888,N,N,N,N,N,N,N,N,N,N,N
96,D24,FALSE,#3450,ZFP42,UNKNOWN,FAM,NFQ-MGB,,,,1.647,0.987,2.750,25.536,25.816,0.424,,4.033,0.542,0.313,-0.720,TRUE,0.215,TRUE,3,20,Amp,,0.886,N,N,N,N,N,N,N,N,N,N,N
97,E1,FALSE,H9,OCT3/4,UNKNOWN,FAM,NFQ-MGB,,,,1.000,0.634,1.577,20.610,20.247,0.358,,-0.793,0.481,0.278,0.000,TRUE,0.167,TRUE,3,16,Amp,,0.829,N,N,N,N,N,N,N,N,N,N,N
98,E2,FALSE,H9,OCT3/4,UNKNOWN,FAM,NFQ-MGB,,,,1.000,0.634,1.577,20.237,20.247,0.358,,-0.793,0.481,0.278,0.000,TRUE,0.167,TRUE,3,16,Amp,,0.875,N,N,N,N,N,N,N,N,N,N,N
99,E3,FALSE,H9,OCT3/4,UNKNOWN,FAM,NFQ-MGB,,,,1.000,0.634,1.577,19.894,20.247,0.358,,-0.793,0.481,0.278,0.000,TRUE,0.167,TRUE,3,15,Amp,,0.840,N,N,N,N,N,N,N,N,N,N,N
100,E4,FALSE,AIW001-02,OCT3/4,UNKNOWN,FAM,NFQ-MGB,,,,1.040,0.819,1.320,20.021,20.096,0.245,,-0.849,0.252,0.146,-0.056,TRUE,0.167,TRUE,3,15,Amp,,0.822,N,N,N,N,N,N,N,N,N,N,N
101,E5,FALSE,AIW001-02,OCT3/4,UNKNOWN,FAM,NFQ-MGB,,,,1.040,0.819,1.320,19.897,20.096,0.245,,-0.849,0.252,0.146,-0.056,TRUE,0.167,TRUE,3,15,Amp,,0.845,N,N,N,N,N,N,N,N,N,N,N
102,E6,FALSE,AIW001-02,OCT3/4,UNKNOWN,FAM,NFQ-MGB,,,,1.040,0.819,1.320,20.370,20.096,0.245,,-0.849,0.252,0.146,-0.056,TRUE,0.167,TRUE,3,15,Amp,,0.824,N,N,N,N,N,N,N,N,N,N,N
103,E7,FALSE,AIW002-2,OCT3/4,UNKNOWN,FAM,NFQ-MGB,,,,0.689,0.400,1.187,20.346,19.970,0.498,,-0.254,0.575,0.332,0.538,TRUE,0.167,TRUE,3,16,Amp,,0.846,N,N,N,N,N,N,N,N,N,N,N
104,E8,FALSE,AIW002-2,OCT3/4,UNKNOWN,FAM,NFQ-MGB,,,,0.689,0.400,1.187,20.160,19.970,0.498,,-0.254,0.575,0.332,0.538,TRUE,0.167,TRUE,3,16,Amp,,0.899,N,N,N,N,N,N,N,N,N,N,N
105,E9,FALSE,AIW002-2,OCT3/4,UNKNOWN,FAM,NFQ-MGB,,,,0.689,0.400,1.187,19.405,19.970,0.498,,-0.254,0.575,0.332,0.538,TRUE,0.167,TRUE,3,16,Amp,,0.858,N,N,N,N,N,N,N,N,N,N,N
106,E10,FALSE,AJC001-5,OCT3/4,UNKNOWN,FAM,NFQ-MGB,,,,1.526,1.217,1.912,20.071,19.863,0.223,,-1.402,0.239,0.138,-0.609,TRUE,0.167,TRUE,3,15,Amp,,0.833,N,N,N,N,N,N,N,N,N,N,N
107,E11,FALSE,AJC001-5,OCT3/4,UNKNOWN,FAM,NFQ-MGB,,,,1.526,1.217,1.912,19.892,19.863,0.223,,-1.402,0.239,0.138,-0.609,TRUE,0.167,TRUE,3,15,Amp,,0.871,N,N,N,N,N,N,N,N,N,N,N
108,E12,FALSE,AJC001-5,OCT3/4,UNKNOWN,FAM,NFQ-MGB,,,,1.526,1.217,1.912,19.627,19.863,0.223,,-1.402,0.239,0.138,-0.609,TRUE,0.167,TRUE,3,16,Amp,,0.891,N,N,N,N,N,N,N,N,N,N,N
109,E13,FALSE,AJD002-3,OCT3/4,UNKNOWN,FAM,NFQ-MGB,,,,1.563,1.271,1.922,20.322,20.109,0.184,,-1.437,0.219,0.126,-0.644,TRUE,0.167,TRUE,3,16,Amp,,0.864,N,N,N,N,N,N,N,N,N,N,N
110,E14,FALSE,AJD002-3,OCT3/4,UNKNOWN,FAM,NFQ-MGB,,,,1.563,1.271,1.922,20.011,20.109,0.184,,-1.437,0.219,0.126,-0.644,TRUE,0.167,TRUE,3,16,Amp,,0.882,N,N,N,N,N,N,N,N,N,N,N
111,E15,FALSE,AJD002-3,OCT3/4,UNKNOWN,FAM,NFQ-MGB,,,,1.563,1.271,1.922,19.995,20.109,0.184,,-1.437,0.219,0.126,-0.644,TRUE,0.167,TRUE,3,15,Amp,,0.835,N,N,N,N,N,N,N,N,N,N,N
112,E16,FALSE,AJG001-C4,OCT3/4,UNKNOWN,FAM,NFQ-MGB,,,,0.901,0.754,1.076,20.076,20.074,0.135,,-0.642,0.188,0.109,0.151,TRUE,0.167,TRUE,3,16,Amp,,0.843,N,N,N,N,N,N,N,N,N,N,N
113,E17,FALSE,AJG001-C4,OCT3/4,UNKNOWN,FAM,NFQ-MGB,,,,0.901,0.754,1.076,19.939,20.074,0.135,,-0.642,0.188,0.109,0.151,TRUE,0.167,TRUE,3,16,Amp,,0.829,N,N,N,N,N,N,N,N,N,N,N
114,E18,FALSE,AJG001-C4,OCT3/4,UNKNOWN,FAM,NFQ-MGB,,,,0.901,0.754,1.076,20.208,20.074,0.135,,-0.642,0.188,0.109,0.151,TRUE,0.167,TRUE,3,15,Amp,,0.818,N,N,N,N,N,N,N,N,N,N,N
115,E19,FALSE,#3448,OCT3/4,UNKNOWN,FAM,NFQ-MGB,,,,1.375,1.240,1.524,20.669,20.636,0.075,,-1.252,0.109,0.063,-0.459,TRUE,0.167,TRUE,3,16,Amp,,0.815,N,N,N,N,N,N,N,N,N,N,N
116,E20,FALSE,#3448,OCT3/4,UNKNOWN,FAM,NFQ-MGB,,,,1.375,1.240,1.524,20.550,20.636,0.075,,-1.252,0.109,0.063,-0.459,TRUE,0.167,TRUE,3,17,Amp,,0.817,N,N,N,N,N,N,N,N,N,N,N
117,E21,FALSE,#3448,OCT3/4,UNKNOWN,FAM,NFQ-MGB,,,,1.375,1.240,1.524,20.689,20.636,0.075,,-1.252,0.109,0.063,-0.459,TRUE,0.167,TRUE,3,16,Amp,,0.837,N,N,N,N,N,N,N,N,N,N,N
118,E22,FALSE,#3450,OCT3/4,UNKNOWN,FAM,NFQ-MGB,,,,1.202,0.406,3.555,21.983,20.725,1.095,,-1.058,1.146,0.662,-0.266,TRUE,0.167,TRUE,3,17,Amp,,0.817,N,N,N,Y,N,N,N,N,N,N,N
119,E23,FALSE,#3450,OCT3/4,UNKNOWN,FAM,NFQ-MGB,,,,1.202,0.406,3.555,20.214,20.725,1.095,,-1.058,1.146,0.662,-0.266,TRUE,0.167,TRUE,3,15,Amp,,0.823,N,N,N,Y,N,N,N,N,N,N,N
120,E24,FALSE,#3450,OCT3/4,UNKNOWN,FAM,NFQ-MGB,,,,1.202,0.406,3.555,19.979,20.725,1.095,,-1.058,1.146,0.662,-0.266,TRUE,0.167,TRUE,3,16,Amp,,0.865,N,N,N,Y,N,N,N,N,N,N,N
121,F1,FALSE,H9,KLF4,UNKNOWN,FAM,NFQ-MGB,,,,1.000,0.380,2.629,34.201,35.091,0.969,,14.051,1.021,0.590,0.000,TRUE,0.298,TRUE,3,29,Amp,,0.885,N,N,N,Y,N,N,N,N,N,N,N
122,F2,FALSE,H9,KLF4,UNKNOWN,FAM,NFQ-MGB,,,,1.000,0.380,2.629,36.124,35.091,0.969,,14.051,1.021,0.590,0.000,TRUE,0.298,TRUE,3,29,Amp,,0.813,N,N,N,Y,N,N,N,N,N,N,N
123,F3,FALSE,H9,KLF4,UNKNOWN,FAM,NFQ-MGB,,,,1.000,0.380,2.629,34.949,35.091,0.969,,14.051,1.021,0.590,0.000,TRUE,0.298,TRUE,3,29,Amp,,0.893,N,N,N,Y,N,N,N,N,N,N,N
124,F4,FALSE,AIW001-02,KLF4,UNKNOWN,FAM,NFQ-MGB,,,,0.697,0.536,0.905,35.826,35.518,0.270,,14.573,0.277,0.160,0.522,TRUE,0.298,TRUE,3,30,Amp,,0.870,N,N,N,N,N,N,N,N,N,N,N
125,F5,FALSE,AIW001-02,KLF4,UNKNOWN,FAM,NFQ-MGB,,,,0.697,0.536,0.905,35.405,35.518,0.270,,14.573,0.277,0.160,0.522,TRUE,0.298,TRUE,3,29,Amp,,0.884,N,N,N,N,N,N,N,N,N,N,N
126,F6,FALSE,AIW001-02,KLF4,UNKNOWN,FAM,NFQ-MGB,,,,0.697,0.536,0.905,35.323,35.518,0.270,,14.573,0.277,0.160,0.522,TRUE,0.298,TRUE,3,29,Amp,,0.902,N,N,N,N,N,N,N,N,N,N,N
127,F7,FALSE,AIW002-2,KLF4,UNKNOWN,FAM,NFQ-MGB,,,,1.631,1.012,2.629,33.763,33.570,0.414,,13.345,0.504,0.291,-0.706,TRUE,0.298,TRUE,3,27,Amp,,0.932,N,N,N,N,N,N,N,N,N,N,N
128,F8,FALSE,AIW002-2,KLF4,UNKNOWN,FAM,NFQ-MGB,,,,1.631,1.012,2.629,33.094,33.570,0.414,,13.345,0.504,0.291,-0.706,TRUE,0.298,TRUE,3,28,Amp,,0.947,N,N,N,N,N,N,N,N,N,N,N
129,F9,FALSE,AIW002-2,KLF4,UNKNOWN,FAM,NFQ-MGB,,,,1.631,1.012,2.629,33.852,33.570,0.414,,13.345,0.504,0.291,-0.706,TRUE,0.298,TRUE,3,29,Amp,,0.933,N,N,N,N,N,N,N,N,N,N,N
130,F10,FALSE,AJC001-5,KLF4,UNKNOWN,FAM,NFQ-MGB,,,,3.642,2.641,5.023,33.706,33.452,0.329,,12.187,0.340,0.196,-1.865,TRUE,0.298,TRUE,3,27,Amp,,0.936,N,N,N,N,N,N,N,N,N,N,N
131,F11,FALSE,AJC001-5,KLF4,UNKNOWN,FAM,NFQ-MGB,,,,3.642,2.641,5.023,33.570,33.452,0.329,,12.187,0.340,0.196,-1.865,TRUE,0.298,TRUE,3,28,Amp,,0.949,N,N,N,N,N,N,N,N,N,N,N
132,F12,FALSE,AJC001-5,KLF4,UNKNOWN,FAM,NFQ-MGB,,,,3.642,2.641,5.023,33.081,33.452,0.329,,12.187,0.340,0.196,-1.865,TRUE,0.298,TRUE,3,28,Amp,,0.944,N,N,N,N,N,N,N,N,N,N,N
133,F13,FALSE,AJD002-3,KLF4,UNKNOWN,FAM,NFQ-MGB,,,,1.593,0.558,4.551,35.135,34.926,1.103,,13.380,1.109,0.640,-0.672,TRUE,0.298,TRUE,3,29,Amp,,0.930,N,N,N,Y,N,N,N,N,N,N,N
134,F14,FALSE,AJD002-3,KLF4,UNKNOWN,FAM,NFQ-MGB,,,,1.593,0.558,4.551,35.909,34.926,1.103,,13.380,1.109,0.640,-0.672,TRUE,0.298,TRUE,3,30,Amp,,0.965,N,N,N,Y,N,N,N,N,N,N,N
135,F15,FALSE,AJD002-3,KLF4,UNKNOWN,FAM,NFQ-MGB,,,,1.593,0.558,4.551,33.734,34.926,1.103,,13.380,1.109,0.640,-0.672,TRUE,0.298,TRUE,3,29,Amp,,0.920,N,N,N,Y,N,N,N,N,N,N,N
136,F16,FALSE,AJG001-C4,KLF4,UNKNOWN,FAM,NFQ-MGB,,,,1.905,1.265,2.867,33.729,33.838,0.412,,13.122,0.432,0.250,-0.930,TRUE,0.298,TRUE,3,27,Amp,,0.926,N,N,N,N,N,N,N,N,N,N,N
137,F17,FALSE,AJG001-C4,KLF4,UNKNOWN,FAM,NFQ-MGB,,,,1.905,1.265,2.867,33.492,33.838,0.412,,13.122,0.432,0.250,-0.930,TRUE,0.298,TRUE,3,27,Amp,,0.919,N,N,N,N,N,N,N,N,N,N,N
138,F18,FALSE,AJG001-C4,KLF4,UNKNOWN,FAM,NFQ-MGB,,,,1.905,1.265,2.867,34.294,33.838,0.412,,13.122,0.432,0.250,-0.930,TRUE,0.298,TRUE,3,29,Amp,,0.911,N,N,N,N,N,N,N,N,N,N,N
139,F19,FALSE,#3448,KLF4,UNKNOWN,FAM,NFQ-MGB,,,,1.297,0.428,3.934,36.057,35.564,1.170,,13.676,1.173,0.677,-0.375,TRUE,0.298,TRUE,3,30,Amp,,0.860,N,N,N,Y,N,N,N,N,N,N,N
140,F20,FALSE,#3448,KLF4,UNKNOWN,FAM,NFQ-MGB,,,,1.297,0.428,3.934,34.229,35.564,1.170,,13.676,1.173,0.677,-0.375,TRUE,0.298,TRUE,3,28,Amp,,0.905,N,N,N,Y,N,N,N,N,N,N,N
141,F21,FALSE,#3448,KLF4,UNKNOWN,FAM,NFQ-MGB,,,,1.297,0.428,3.934,36.408,35.564,1.170,,13.676,1.173,0.677,-0.375,TRUE,0.298,TRUE,3,30,Amp,,0.832,N,N,N,Y,N,N,N,N,N,N,N
142,F22,FALSE,#3450,KLF4,UNKNOWN,FAM,NFQ-MGB,,,,1.880,0.909,3.889,34.420,34.924,0.690,,13.140,0.768,0.443,-0.911,TRUE,0.298,TRUE,3,29,Amp,,0.765,Y,N,N,Y,N,N,N,N,N,N,N
143,F23,FALSE,#3450,KLF4,UNKNOWN,FAM,NFQ-MGB,,,,1.880,0.909,3.889,35.711,34.924,0.690,,13.140,0.768,0.443,-0.911,TRUE,0.298,TRUE,3,30,Amp,,0.860,N,N,N,Y,N,N,N,N,N,N,N
144,F24,FALSE,#3450,KLF4,UNKNOWN,FAM,NFQ-MGB,,,,1.880,0.909,3.889,34.641,34.924,0.690,,13.140,0.768,0.443,-0.911,TRUE,0.298,TRUE,3,29,Amp,,0.897,N,N,N,Y,N,N,N,N,N,N,N
145,G1,FALSE,H9,GAPDH,UNKNOWN,VIC,NFQ-MGB,,,,,,,22.001,21.684,0.354,,,,,,TRUE,0.115,TRUE,3,17,Amp,,0.737,Y,N,N,N,N,N,N,N,N,N,N
146,G2,FALSE,H9,GAPDH,UNKNOWN,VIC,NFQ-MGB,,,,,,,21.748,21.684,0.354,,,,,,TRUE,0.115,TRUE,3,17,Amp,,0.733,Y,N,N,N,N,N,N,N,N,N,N
147,G3,FALSE,H9,GAPDH,UNKNOWN,VIC,NFQ-MGB,,,,,,,21.303,21.684,0.354,,,,,,TRUE,0.115,TRUE,3,17,Amp,,0.701,Y,N,N,N,N,N,N,N,N,N,N
148,G4,FALSE,AIW001-02,GAPDH,UNKNOWN,VIC,NFQ-MGB,,,,,,,21.533,21.475,0.064,,,,,,TRUE,0.115,TRUE,3,17,Amp,,0.716,Y,N,N,N,N,N,N,N,N,N,N
149,G5,FALSE,AIW001-02,GAPDH,UNKNOWN,VIC,NFQ-MGB,,,,,,,21.485,21.475,0.064,,,,,,TRUE,0.115,TRUE,3,17,Amp,,0.749,Y,N,N,N,N,N,N,N,N,N,N
150,G6,FALSE,AIW001-02,GAPDH,UNKNOWN,VIC,NFQ-MGB,,,,,,,21.406,21.475,0.064,,,,,,TRUE,0.115,TRUE,3,17,Amp,,0.717,Y,N,N,N,N,N,N,N,N,N,N
151,G7,FALSE,AIW002-2,GAPDH,UNKNOWN,VIC,NFQ-MGB,,,,,,,21.363,21.026,0.314,,,,,,TRUE,0.115,TRUE,3,17,Amp,,0.704,Y,N,N,N,N,N,N,N,N,N,N
152,G8,FALSE,AIW002-2,GAPDH,UNKNOWN,VIC,NFQ-MGB,,,,,,,20.971,21.026,0.314,,,,,,TRUE,0.115,TRUE,3,17,Amp,,0.686,Y,N,N,N,N,N,N,N,N,N,N
153,G9,FALSE,AIW002-2,GAPDH,UNKNOWN,VIC,NFQ-MGB,,,,,,,20.743,21.026,0.314,,,,,,TRUE,0.115,TRUE,3,16,Amp,,0.670,Y,N,N,N,N,N,N,N,N,N,N
154,G10,FALSE,AJC001-5,GAPDH,UNKNOWN,VIC,NFQ-MGB,,,,,,,21.806,21.773,0.073,,,,,,TRUE,0.115,TRUE,3,17,Amp,,0.732,Y,N,N,N,N,N,N,N,N,N,N
155,G11,FALSE,AJC001-5,GAPDH,UNKNOWN,VIC,NFQ-MGB,,,,,,,21.823,21.773,0.073,,,,,,TRUE,0.115,TRUE,3,17,Amp,,0.720,Y,N,N,N,N,N,N,N,N,N,N
156,G12,FALSE,AJC001-5,GAPDH,UNKNOWN,VIC,NFQ-MGB,,,,,,,21.689,21.773,0.073,,,,,,TRUE,0.115,TRUE,3,17,Amp,,0.729,Y,N,N,N,N,N,N,N,N,N,N
157,G13,FALSE,AJD002-3,GAPDH,UNKNOWN,VIC,NFQ-MGB,,,,,,,22.114,22.097,0.133,,,,,,TRUE,0.115,TRUE,3,17,Amp,,0.770,Y,N,N,N,N,N,N,N,N,N,N
158,G14,FALSE,AJD002-3,GAPDH,UNKNOWN,VIC,NFQ-MGB,,,,,,,22.220,22.097,0.133,,,,,,TRUE,0.115,TRUE,3,17,Amp,,0.791,Y,N,N,N,N,N,N,N,N,N,N
159,G15,FALSE,AJD002-3,GAPDH,UNKNOWN,VIC,NFQ-MGB,,,,,,,21.957,22.097,0.133,,,,,,TRUE,0.115,TRUE,3,17,Amp,,0.745,Y,N,N,N,N,N,N,N,N,N,N
160,G16,FALSE,AJG001-C4,GAPDH,UNKNOWN,VIC,NFQ-MGB,,,,,,,21.136,21.233,0.122,,,,,,TRUE,0.115,TRUE,3,16,Amp,,0.767,Y,N,N,N,N,N,N,N,N,N,N
161,G17,FALSE,AJG001-C4,GAPDH,UNKNOWN,VIC,NFQ-MGB,,,,,,,21.370,21.233,0.122,,,,,,TRUE,0.115,TRUE,3,16,Amp,,0.744,Y,N,N,N,N,N,N,N,N,N,N
162,G18,FALSE,AJG001-C4,GAPDH,UNKNOWN,VIC,NFQ-MGB,,,,,,,21.193,21.233,0.122,,,,,,TRUE,0.115,TRUE,3,17,Amp,,0.731,Y,N,N,N,N,N,N,N,N,N,N
163,G19,FALSE,#3448,GAPDH,UNKNOWN,VIC,NFQ-MGB,,,,,,,22.582,22.568,0.013,,,,,,TRUE,0.115,TRUE,3,18,Amp,,0.773,Y,N,N,N,N,N,N,N,N,N,N
164,G20,FALSE,#3448,GAPDH,UNKNOWN,VIC,NFQ-MGB,,,,,,,22.557,22.568,0.013,,,,,,TRUE,0.115,TRUE,3,18,Amp,,0.754,Y,N,N,N,N,N,N,N,N,N,N
165,G21,FALSE,#3448,GAPDH,UNKNOWN,VIC,NFQ-MGB,,,,,,,22.566,22.568,0.013,,,,,,TRUE,0.115,TRUE,3,17,Amp,,0.750,Y,N,N,N,N,N,N,N,N,N,N
166,G22,FALSE,#3450,GAPDH,UNKNOWN,VIC,NFQ-MGB,,,,,,,22.687,22.278,0.410,,,,,,TRUE,0.115,TRUE,3,18,Amp,,0.607,Y,N,N,N,N,N,N,N,N,N,N
167,G23,FALSE,#3450,GAPDH,UNKNOWN,VIC,NFQ-MGB,,,,,,,22.279,22.278,0.410,,,,,,TRUE,0.115,TRUE,3,17,Amp,,0.713,Y,N,N,N,N,N,N,N,N,N,N
168,G24,FALSE,#3450,GAPDH,UNKNOWN,VIC,NFQ-MGB,,,,,,,21.867,22.278,0.410,,,,,,TRUE,0.115,TRUE,3,17,Amp,,0.705,Y,N,N,N,N,N,N,N,N,N,N
169,H1,FALSE,H9,ACTB,UNKNOWN,VIC,NFQ-MGB,,,,,,,20.682,20.396,0.286,,,,,,TRUE,0.120,TRUE,3,16,Amp,,0.869,N,N,N,N,N,N,N,N,N,N,N
170,H2,FALSE,H9,ACTB,UNKNOWN,VIC,NFQ-MGB,,,,,,,20.396,20.396,0.286,,,,,,TRUE,0.120,TRUE,3,16,Amp,,0.853,N,N,N,N,N,N,N,N,N,N,N
171,H3,FALSE,H9,ACTB,UNKNOWN,VIC,NFQ-MGB,,,,,,,20.110,20.396,0.286,,,,,,TRUE,0.120,TRUE,3,16,Amp,,0.840,N,N,N,N,N,N,N,N,N,N,N
172,H4,FALSE,AIW001-02,ACTB,UNKNOWN,VIC,NFQ-MGB,,,,,,,20.375,20.415,0.059,,,,,,TRUE,0.120,TRUE,3,15,Amp,,0.875,N,N,N,N,N,N,N,N,N,N,N
173,H5,FALSE,AIW001-02,ACTB,UNKNOWN,VIC,NFQ-MGB,,,,,,,20.483,20.415,0.059,,,,,,TRUE,0.120,TRUE,3,16,Amp,,0.891,N,N,N,N,N,N,N,N,N,N,N
174,H6,FALSE,AIW001-02,ACTB,UNKNOWN,VIC,NFQ-MGB,,,,,,,20.387,20.415,0.059,,,,,,TRUE,0.120,TRUE,3,16,Amp,,0.859,N,N,N,N,N,N,N,N,N,N,N
175,H7,FALSE,AIW002-2,ACTB,UNKNOWN,VIC,NFQ-MGB,,,,,,,19.721,19.424,0.258,,,,,,TRUE,0.120,TRUE,3,15,Amp,,0.898,N,N,N,N,N,N,N,N,N,N,N
176,H8,FALSE,AIW002-2,ACTB,UNKNOWN,VIC,NFQ-MGB,,,,,,,19.292,19.424,0.258,,,,,,TRUE,0.120,TRUE,3,14,Amp,,0.893,N,N,N,N,N,N,N,N,N,N,N
177,H9,FALSE,AIW002-2,ACTB,UNKNOWN,VIC,NFQ-MGB,,,,,,,19.258,19.424,0.258,,,,,,TRUE,0.120,TRUE,3,14,Amp,,0.885,N,N,N,N,N,N,N,N,N,N,N
178,H10,FALSE,AJC001-5,ACTB,UNKNOWN,VIC,NFQ-MGB,,,,,,,20.826,20.759,0.095,,,,,,TRUE,0.120,TRUE,3,16,Amp,,0.918,N,N,N,N,N,N,N,N,N,N,N
179,H11,FALSE,AJC001-5,ACTB,UNKNOWN,VIC,NFQ-MGB,,,,,,,20.800,20.759,0.095,,,,,,TRUE,0.120,TRUE,3,16,Amp,,0.918,N,N,N,N,N,N,N,N,N,N,N
180,H12,FALSE,AJC001-5,ACTB,UNKNOWN,VIC,NFQ-MGB,,,,,,,20.650,20.759,0.095,,,,,,TRUE,0.120,TRUE,3,16,Amp,,0.897,N,N,N,N,N,N,N,N,N,N,N
181,H13,FALSE,AJD002-3,ACTB,UNKNOWN,VIC,NFQ-MGB,,,,,,,21.011,20.996,0.100,,,,,,TRUE,0.120,TRUE,3,17,Amp,,0.933,N,N,N,N,N,N,N,N,N,N,N
182,H14,FALSE,AJD002-3,ACTB,UNKNOWN,VIC,NFQ-MGB,,,,,,,21.088,20.996,0.100,,,,,,TRUE,0.120,TRUE,3,17,Amp,,0.928,N,N,N,N,N,N,N,N,N,N,N
183,H15,FALSE,AJD002-3,ACTB,UNKNOWN,VIC,NFQ-MGB,,,,,,,20.889,20.996,0.100,,,,,,TRUE,0.120,TRUE,3,17,Amp,,0.926,N,N,N,N,N,N,N,N,N,N,N
184,H16,FALSE,AJG001-C4,ACTB,UNKNOWN,VIC,NFQ-MGB,,,,,,,20.064,20.200,0.140,,,,,,TRUE,0.120,TRUE,3,16,Amp,,0.916,N,N,N,N,N,N,N,N,N,N,N
185,H17,FALSE,AJG001-C4,ACTB,UNKNOWN,VIC,NFQ-MGB,,,,,,,20.343,20.200,0.140,,,,,,TRUE,0.120,TRUE,3,16,Amp,,0.890,N,N,N,N,N,N,N,N,N,N,N
186,H18,FALSE,AJG001-C4,ACTB,UNKNOWN,VIC,NFQ-MGB,,,,,,,20.193,20.200,0.140,,,,,,TRUE,0.120,TRUE,3,16,Amp,,0.876,N,N,N,N,N,N,N,N,N,N,N
187,H19,FALSE,#3448,ACTB,UNKNOWN,VIC,NFQ-MGB,,,,,,,21.285,21.208,0.111,,,,,,TRUE,0.120,TRUE,3,16,Amp,,0.904,N,N,N,N,N,N,N,N,N,N,N
188,H20,FALSE,#3448,ACTB,UNKNOWN,VIC,NFQ-MGB,,,,,,,21.081,21.208,0.111,,,,,,TRUE,0.120,TRUE,3,17,Amp,,0.911,N,N,N,N,N,N,N,N,N,N,N
189,H21,FALSE,#3448,ACTB,UNKNOWN,VIC,NFQ-MGB,,,,,,,21.259,21.208,0.111,,,,,,TRUE,0.120,TRUE,3,16,Amp,,0.893,N,N,N,N,N,N,N,N,N,N,N
190,H22,FALSE,#3450,ACTB,UNKNOWN,VIC,NFQ-MGB,,,,,,,21.564,21.289,0.242,,,,,,TRUE,0.120,TRUE,3,18,Amp,,0.763,Y,N,N,N,N,N,N,N,N,N,N
191,H23,FALSE,#3450,ACTB,UNKNOWN,VIC,NFQ-MGB,,,,,,,21.199,21.289,0.242,,,,,,TRUE,0.120,TRUE,3,17,Amp,,0.890,N,N,N,N,N,N,N,N,N,N,N
192,H24,FALSE,#3450,ACTB,UNKNOWN,VIC,NFQ-MGB,,,,,,,21.105,21.289,0.242,,,,,,TRUE,0.120,TRUE,3,17,Amp,,0.876,N,N,N,N,N,N,N,N,N,N,N
193,I1,FALSE,TD02,NANOG,UNKNOWN,FAM,NFQ-MGB,,,,1.669,1.236,2.253,26.782,26.502,0.272,,4.080,0.317,0.183,-0.739,TRUE,0.394,TRUE,3,19,Amp,,0.875,N,N,N,N,N,N,N,N,N,N,N
194,I2,FALSE,TD02,NANOG,UNKNOWN,FAM,NFQ-MGB,,,,1.669,1.236,2.253,26.485,26.502,0.272,,4.080,0.317,0.183,-0.739,TRUE,0.394,TRUE,3,21,Amp,,0.901,N,N,N,N,N,N,N,N,N,N,N
195,I3,FALSE,TD02,NANOG,UNKNOWN,FAM,NFQ-MGB,,,,1.669,1.236,2.253,26.239,26.502,0.272,,4.080,0.317,0.183,-0.739,TRUE,0.394,TRUE,3,21,Amp,,0.906,N,N,N,N,N,N,N,N,N,N,N
196,I4,FALSE,TD03,NANOG,UNKNOWN,FAM,NFQ-MGB,,,,1.727,1.331,2.242,25.861,25.626,0.214,,4.030,0.276,0.159,-0.788,TRUE,0.394,TRUE,3,18,Amp,,0.913,N,N,N,N,N,N,N,N,N,N,N
197,I5,FALSE,TD03,NANOG,UNKNOWN,FAM,NFQ-MGB,,,,1.727,1.331,2.242,25.573,25.626,0.214,,4.030,0.276,0.159,-0.788,TRUE,0.394,TRUE,3,20,Amp,,0.910,N,N,N,N,N,N,N,N,N,N,N
198,I6,FALSE,TD03,NANOG,UNKNOWN,FAM,NFQ-MGB,,,,1.727,1.331,2.242,25.444,25.626,0.214,,4.030,0.276,0.159,-0.788,TRUE,0.394,TRUE,3,19,Amp,,0.906,N,N,N,N,N,N,N,N,N,N,N
199,I7,FALSE,TD10,NANOG,UNKNOWN,FAM,NFQ-MGB,,,,0.888,0.702,1.124,25.631,25.594,0.070,,4.990,0.249,0.144,0.172,TRUE,0.394,TRUE,3,20,Amp,,0.920,N,N,N,N,N,N,N,N,N,N,N
200,I8,FALSE,TD10,NANOG,UNKNOWN,FAM,NFQ-MGB,,,,0.888,0.702,1.124,25.638,25.594,0.070,,4.990,0.249,0.144,0.172,TRUE,0.394,TRUE,3,19,Amp,,0.935,N,N,N,N,N,N,N,N,N,N,N
201,I9,FALSE,TD10,NANOG,UNKNOWN,FAM,NFQ-MGB,,,,0.888,0.702,1.124,25.513,25.594,0.070,,4.990,0.249,0.144,0.172,TRUE,0.394,TRUE,3,18,Amp,,0.938,N,N,N,N,N,N,N,N,N,N,N
202,I10,FALSE,TD22,NANOG,UNKNOWN,FAM,NFQ-MGB,,,,1.809,1.609,2.033,25.837,25.893,0.052,,3.964,0.124,0.071,-0.855,TRUE,0.394,TRUE,3,20,Amp,,0.947,N,N,N,N,N,N,N,N,N,N,N
203,I11,FALSE,TD22,NANOG,UNKNOWN,FAM,NFQ-MGB,,,,1.809,1.609,2.033,25.940,25.893,0.052,,3.964,0.124,0.071,-0.855,TRUE,0.394,TRUE,3,20,Amp,,0.940,N,N,N,N,N,N,N,N,N,N,N
204,I12,FALSE,TD22,NANOG,UNKNOWN,FAM,NFQ-MGB,,,,1.809,1.609,2.033,25.901,25.893,0.052,,3.964,0.124,0.071,-0.855,TRUE,0.394,TRUE,3,20,Amp,,0.943,N,N,N,N,N,N,N,N,N,N,N
205,I13,FALSE,GBA-KO,NANOG,UNKNOWN,FAM,NFQ-MGB,,,,1.909,1.171,3.112,26.210,25.793,0.368,,3.886,0.516,0.298,-0.933,TRUE,0.394,TRUE,3,21,Amp,,0.926,N,N,N,N,N,N,N,N,N,N,N
206,I14,FALSE,GBA-KO,NANOG,UNKNOWN,FAM,NFQ-MGB,,,,1.909,1.171,3.112,25.653,25.793,0.368,,3.886,0.516,0.298,-0.933,TRUE,0.394,TRUE,3,20,Amp,,0.950,N,N,N,N,N,N,N,N,N,N,N
207,I15,FALSE,GBA-KO,NANOG,UNKNOWN,FAM,NFQ-MGB,,,,1.909,1.171,3.112,25.515,25.793,0.368,,3.886,0.516,0.298,-0.933,TRUE,0.394,TRUE,3,20,Amp,,0.953,N,N,N,N,N,N,N,N,N,N,N
208,I16,FALSE,PARKIN-KO,NANOG,UNKNOWN,FAM,NFQ-MGB,,,,1.280,1.003,1.634,26.366,26.504,0.184,,4.462,0.258,0.149,-0.356,TRUE,0.394,TRUE,3,21,Amp,,0.940,N,N,N,N,N,N,N,N,N,N,N
209,I17,FALSE,PARKIN-KO,NANOG,UNKNOWN,FAM,NFQ-MGB,,,,1.280,1.003,1.634,26.713,26.504,0.184,,4.462,0.258,0.149,-0.356,TRUE,0.394,TRUE,3,21,Amp,,0.902,N,N,N,N,N,N,N,N,N,N,N
210,I18,FALSE,PARKIN-KO,NANOG,UNKNOWN,FAM,NFQ-MGB,,,,1.280,1.003,1.634,26.434,26.504,0.184,,4.462,0.258,0.149,-0.356,TRUE,0.394,TRUE,3,20,Amp,,0.910,N,N,N,N,N,N,N,N,N,N,N
211,I19,FALSE,SYN-KO,NANOG,UNKNOWN,FAM,NFQ-MGB,,,,1.088,0.990,1.196,26.844,26.844,0.010,,4.697,0.100,0.057,-0.122,TRUE,0.394,TRUE,3,21,Amp,,0.902,N,N,N,N,N,N,N,N,N,N,N
212,I20,FALSE,SYN-KO,NANOG,UNKNOWN,FAM,NFQ-MGB,,,,1.088,0.990,1.196,26.834,26.844,0.010,,4.697,0.100,0.057,-0.122,TRUE,0.394,TRUE,3,21,Amp,,0.889,N,N,N,N,N,N,N,N,N,N,N
213,I21,FALSE,SYN-KO,NANOG,UNKNOWN,FAM,NFQ-MGB,,,,1.088,0.990,1.196,26.854,26.844,0.010,,4.697,0.100,0.057,-0.122,TRUE,0.394,TRUE,3,21,Amp,,0.885,N,N,N,N,N,N,N,N,N,N,N
214,I22,FALSE,,NANOG,UNKNOWN,FAM,NFQ-MGB,,,,,,,Undetermined,27.529,8.103,,,,,,TRUE,0.394,TRUE,3,39,No Amp,,0.000,Y,Y,N,N,N,N,N,Y,N,Y,Y
215,I23,FALSE,,NANOG,UNKNOWN,FAM,NFQ-MGB,,,,,,,21.799,27.529,8.103,,,,,,TRUE,0.394,TRUE,3,19,No Amp,,0.000,Y,N,Y,Y,N,N,N,Y,N,Y,Y
216,I24,FALSE,,NANOG,UNKNOWN,FAM,NFQ-MGB,,,,,,,33.259,27.529,8.103,,,,,,TRUE,0.394,TRUE,3,31,No Amp,,0.000,Y,N,Y,Y,Y,N,N,Y,N,Y,N
217,J1,FALSE,TD02,C-MYC,UNKNOWN,FAM,NFQ-MGB,,,,1.564,1.261,1.940,26.602,26.565,0.158,,4.143,0.227,0.131,-0.646,TRUE,0.388,TRUE,3,21,Amp,,0.863,N,N,N,N,N,N,N,N,N,N,N
218,J2,FALSE,TD02,C-MYC,UNKNOWN,FAM,NFQ-MGB,,,,1.564,1.261,1.940,26.700,26.565,0.158,,4.143,0.227,0.131,-0.646,TRUE,0.388,TRUE,3,21,Amp,,0.874,N,N,N,N,N,N,N,N,N,N,N
219,J3,FALSE,TD02,C-MYC,UNKNOWN,FAM,NFQ-MGB,,,,1.564,1.261,1.940,26.392,26.565,0.158,,4.143,0.227,0.131,-0.646,TRUE,0.388,TRUE,3,20,Amp,,0.919,N,N,N,N,N,N,N,N,N,N,N
220,J4,FALSE,TD03,C-MYC,UNKNOWN,FAM,NFQ-MGB,,,,1.900,1.559,2.314,25.583,25.459,0.115,,3.863,0.209,0.120,-0.926,TRUE,0.388,TRUE,3,20,Amp,,0.897,N,N,N,N,N,N,N,N,N,N,N
221,J5,FALSE,TD03,C-MYC,UNKNOWN,FAM,NFQ-MGB,,,,1.900,1.559,2.314,25.357,25.459,0.115,,3.863,0.209,0.120,-0.926,TRUE,0.388,TRUE,3,20,Amp,,0.937,N,N,N,N,N,N,N,N,N,N,N
222,J6,FALSE,TD03,C-MYC,UNKNOWN,FAM,NFQ-MGB,,,,1.900,1.559,2.314,25.437,25.459,0.115,,3.863,0.209,0.120,-0.926,TRUE,0.388,TRUE,3,20,Amp,,0.909,N,N,N,N,N,N,N,N,N,N,N
223,J7,FALSE,TD10,C-MYC,UNKNOWN,FAM,NFQ-MGB,,,,0.978,0.773,1.237,25.357,25.425,0.068,,4.821,0.248,0.143,0.032,TRUE,0.388,TRUE,3,19,Amp,,0.939,N,N,N,N,N,N,N,N,N,N,N
224,J8,FALSE,TD10,C-MYC,UNKNOWN,FAM,NFQ-MGB,,,,0.978,0.773,1.237,25.492,25.425,0.068,,4.821,0.248,0.143,0.032,TRUE,0.388,TRUE,3,19,Amp,,0.919,N,N,N,N,N,N,N,N,N,N,N
225,J9,FALSE,TD10,C-MYC,UNKNOWN,FAM,NFQ-MGB,,,,0.978,0.773,1.237,25.425,25.425,0.068,,4.821,0.248,0.143,0.032,TRUE,0.388,TRUE,3,20,Amp,,0.929,N,N,N,N,N,N,N,N,N,N,N
226,J10,FALSE,TD22,C-MYC,UNKNOWN,FAM,NFQ-MGB,,,,1.332,1.187,1.495,26.286,26.304,0.048,,4.375,0.122,0.070,-0.413,TRUE,0.388,TRUE,3,20,Amp,,0.945,N,N,N,N,N,N,N,N,N,N,N
227,J11,FALSE,TD22,C-MYC,UNKNOWN,FAM,NFQ-MGB,,,,1.332,1.187,1.495,26.268,26.304,0.048,,4.375,0.122,0.070,-0.413,TRUE,0.388,TRUE,3,20,Amp,,0.953,N,N,N,N,N,N,N,N,N,N,N
228,J12,FALSE,TD22,C-MYC,UNKNOWN,FAM,NFQ-MGB,,,,1.332,1.187,1.495,26.358,26.304,0.048,,4.375,0.122,0.070,-0.413,TRUE,0.388,TRUE,3,21,Amp,,0.939,N,N,N,N,N,N,N,N,N,N,N
229,J13,FALSE,GBA-KO,C-MYC,UNKNOWN,FAM,NFQ-MGB,,,,1.423,0.892,2.269,26.546,26.186,0.334,,4.280,0.493,0.285,-0.509,TRUE,0.388,TRUE,3,20,Amp,,0.928,N,N,N,N,N,N,N,N,N,N,N
230,J14,FALSE,GBA-KO,C-MYC,UNKNOWN,FAM,NFQ-MGB,,,,1.423,0.892,2.269,26.126,26.186,0.334,,4.280,0.493,0.285,-0.509,TRUE,0.388,TRUE,3,20,Amp,,0.945,N,N,N,N,N,N,N,N,N,N,N
231,J15,FALSE,GBA-KO,C-MYC,UNKNOWN,FAM,NFQ-MGB,,,,1.423,0.892,2.269,25.887,26.186,0.334,,4.280,0.493,0.285,-0.509,TRUE,0.388,TRUE,3,20,Amp,,0.956,N,N,N,N,N,N,N,N,N,N,N
232,J16,FALSE,PARKIN-KO,C-MYC,UNKNOWN,FAM,NFQ-MGB,,,,1.312,1.044,1.649,26.582,26.439,0.161,,4.397,0.242,0.140,-0.391,TRUE,0.388,TRUE,3,21,Amp,,0.904,N,N,N,N,N,N,N,N,N,N,N
233,J17,FALSE,PARKIN-KO,C-MYC,UNKNOWN,FAM,NFQ-MGB,,,,1.312,1.044,1.649,26.470,26.439,0.161,,4.397,0.242,0.140,-0.391,TRUE,0.388,TRUE,3,20,Amp,,0.902,N,N,N,N,N,N,N,N,N,N,N
234,J18,FALSE,PARKIN-KO,C-MYC,UNKNOWN,FAM,NFQ-MGB,,,,1.312,1.044,1.649,26.265,26.439,0.161,,4.397,0.242,0.140,-0.391,TRUE,0.388,TRUE,3,20,Amp,,0.908,N,N,N,N,N,N,N,N,N,N,N
235,J19,FALSE,SYN-KO,C-MYC,UNKNOWN,FAM,NFQ-MGB,,,,1.154,1.019,1.307,26.752,26.729,0.086,,4.582,0.131,0.076,-0.206,TRUE,0.388,TRUE,3,20,Amp,,0.921,N,N,N,N,N,N,N,N,N,N,N
236,J20,FALSE,SYN-KO,C-MYC,UNKNOWN,FAM,NFQ-MGB,,,,1.154,1.019,1.307,26.802,26.729,0.086,,4.582,0.131,0.076,-0.206,TRUE,0.388,TRUE,3,21,Amp,,0.908,N,N,N,N,N,N,N,N,N,N,N
237,J21,FALSE,SYN-KO,C-MYC,UNKNOWN,FAM,NFQ-MGB,,,,1.154,1.019,1.307,26.634,26.729,0.086,,4.582,0.131,0.076,-0.206,TRUE,0.388,TRUE,3,21,Amp,,0.902,N,N,N,N,N,N,N,N,N,N,N
238,J22,FALSE,,C-MYC,UNKNOWN,FAM,NFQ-MGB,,,,,,,Undetermined,29.180,4.415,,,,,,TRUE,0.388,TRUE,3,39,No Amp,,0.000,Y,Y,N,N,N,N,N,Y,N,Y,Y
239,J23,FALSE,,C-MYC,UNKNOWN,FAM,NFQ-MGB,,,,,,,26.058,29.180,4.415,,,,,,TRUE,0.388,TRUE,3,23,No Amp,,0.000,Y,N,Y,Y,N,N,N,Y,N,Y,Y
240,J24,FALSE,,C-MYC,UNKNOWN,FAM,NFQ-MGB,,,,,,,32.302,29.180,4.415,,,,,,TRUE,0.388,TRUE,3,24,No Amp,,0.000,Y,N,Y,Y,Y,N,N,Y,N,Y,Y
241,K1,FALSE,TD02,SOX2,UNKNOWN,FAM,NFQ-MGB,,,,1.738,1.307,2.312,25.137,24.944,0.253,,2.522,0.301,0.174,-0.798,TRUE,0.226,TRUE,3,19,Amp,,0.885,N,N,N,N,N,N,N,N,N,N,N
242,K2,FALSE,TD02,SOX2,UNKNOWN,FAM,NFQ-MGB,,,,1.738,1.307,2.312,25.036,24.944,0.253,,2.522,0.301,0.174,-0.798,TRUE,0.226,TRUE,3,19,Amp,,0.905,N,N,N,N,N,N,N,N,N,N,N
243,K3,FALSE,TD02,SOX2,UNKNOWN,FAM,NFQ-MGB,,,,1.738,1.307,2.312,24.658,24.944,0.253,,2.522,0.301,0.174,-0.798,TRUE,0.226,TRUE,3,19,Amp,,0.917,N,N,N,N,N,N,N,N,N,N,N
244,K4,FALSE,TD03,SOX2,UNKNOWN,FAM,NFQ-MGB,,,,1.253,0.946,1.661,24.844,24.590,0.241,,2.994,0.297,0.172,-0.326,TRUE,0.226,TRUE,3,19,Amp,,0.915,N,N,N,N,N,N,N,N,N,N,N
245,K5,FALSE,TD03,SOX2,UNKNOWN,FAM,NFQ-MGB,,,,1.253,0.946,1.661,24.560,24.590,0.241,,2.994,0.297,0.172,-0.326,TRUE,0.226,TRUE,3,19,Amp,,0.917,N,N,N,N,N,N,N,N,N,N,N
246,K6,FALSE,TD03,SOX2,UNKNOWN,FAM,NFQ-MGB,,,,1.253,0.946,1.661,24.365,24.590,0.241,,2.994,0.297,0.172,-0.326,TRUE,0.226,TRUE,3,19,Amp,,0.917,N,N,N,N,N,N,N,N,N,N,N
247,K7,FALSE,TD10,SOX2,UNKNOWN,FAM,NFQ-MGB,,,,0.970,0.752,1.252,24.044,23.967,0.125,,3.363,0.269,0.156,0.044,TRUE,0.226,TRUE,3,19,Amp,,0.930,N,N,N,N,N,N,N,N,N,N,N
248,K8,FALSE,TD10,SOX2,UNKNOWN,FAM,NFQ-MGB,,,,0.970,0.752,1.252,23.823,23.967,0.125,,3.363,0.269,0.156,0.044,TRUE,0.226,TRUE,3,18,Amp,,0.930,N,N,N,N,N,N,N,N,N,N,N
249,K9,FALSE,TD10,SOX2,UNKNOWN,FAM,NFQ-MGB,,,,0.970,0.752,1.252,24.034,23.967,0.125,,3.363,0.269,0.156,0.044,TRUE,0.226,TRUE,3,19,Amp,,0.867,N,N,N,N,N,N,N,N,N,N,N
250,K10,FALSE,TD22,SOX2,UNKNOWN,FAM,NFQ-MGB,,,,1.988,1.771,2.231,24.235,24.257,0.048,,2.328,0.122,0.070,-0.991,TRUE,0.226,TRUE,3,19,Amp,,0.938,N,N,N,N,N,N,N,N,N,N,N
251,K11,FALSE,TD22,SOX2,UNKNOWN,FAM,NFQ-MGB,,,,1.988,1.771,2.231,24.313,24.257,0.048,,2.328,0.122,0.070,-0.991,TRUE,0.226,TRUE,3,19,Amp,,0.952,N,N,N,N,N,N,N,N,N,N,N
252,K12,FALSE,TD22,SOX2,UNKNOWN,FAM,NFQ-MGB,,,,1.988,1.771,2.231,24.224,24.257,0.048,,2.328,0.122,0.070,-0.991,TRUE,0.226,TRUE,3,19,Amp,,0.933,N,N,N,N,N,N,N,N,N,N,N
253,K13,FALSE,GBA-KO,SOX2,UNKNOWN,FAM,NFQ-MGB,,,,1.824,1.130,2.946,24.739,24.359,0.353,,2.452,0.506,0.292,-0.867,TRUE,0.226,TRUE,3,20,Amp,,0.902,N,N,N,N,N,N,N,N,N,N,N
254,K14,FALSE,GBA-KO,SOX2,UNKNOWN,FAM,NFQ-MGB,,,,1.824,1.130,2.946,24.297,24.359,0.353,,2.452,0.506,0.292,-0.867,TRUE,0.226,TRUE,3,19,Amp,,0.904,N,N,N,N,N,N,N,N,N,N,N
255,K15,FALSE,GBA-KO,SOX2,UNKNOWN,FAM,NFQ-MGB,,,,1.824,1.130,2.946,24.041,24.359,0.353,,2.452,0.506,0.292,-0.867,TRUE,0.226,TRUE,3,18,Amp,,0.930,N,N,N,N,N,N,N,N,N,N,N
256,K16,FALSE,PARKIN-KO,SOX2,UNKNOWN,FAM,NFQ-MGB,,,,1.560,1.229,1.979,24.884,24.720,0.176,,2.678,0.252,0.145,-0.641,TRUE,0.226,TRUE,3,20,Amp,,0.901,N,N,N,N,N,N,N,N,N,N,N
257,K17,FALSE,PARKIN-KO,SOX2,UNKNOWN,FAM,NFQ-MGB,,,,1.560,1.229,1.979,24.741,24.720,0.176,,2.678,0.252,0.145,-0.641,TRUE,0.226,TRUE,3,18,Amp,,0.890,N,N,N,N,N,N,N,N,N,N,N
258,K18,FALSE,PARKIN-KO,SOX2,UNKNOWN,FAM,NFQ-MGB,,,,1.560,1.229,1.979,24.534,24.720,0.176,,2.678,0.252,0.145,-0.641,TRUE,0.226,TRUE,3,19,Amp,,0.919,N,N,N,N,N,N,N,N,N,N,N
259,K19,FALSE,SYN-KO,SOX2,UNKNOWN,FAM,NFQ-MGB,,,,1.475,1.287,1.690,24.790,24.906,0.104,,2.759,0.144,0.083,-0.561,TRUE,0.226,TRUE,3,19,Amp,,0.902,N,N,N,N,N,N,N,N,N,N,N
260,K20,FALSE,SYN-KO,SOX2,UNKNOWN,FAM,NFQ-MGB,,,,1.475,1.287,1.690,24.992,24.906,0.104,,2.759,0.144,0.083,-0.561,TRUE,0.226,TRUE,3,19,Amp,,0.893,N,N,N,N,N,N,N,N,N,N,N
261,K21,FALSE,SYN-KO,SOX2,UNKNOWN,FAM,NFQ-MGB,,,,1.475,1.287,1.690,24.935,24.906,0.104,,2.759,0.144,0.083,-0.561,TRUE,0.226,TRUE,3,19,Amp,,0.890,N,N,N,N,N,N,N,N,N,N,N
262,K22,FALSE,,SOX2,UNKNOWN,FAM,NFQ-MGB,,,,,,,7.022,6.757,0.375,,,,,,TRUE,0.226,TRUE,3,6,No Amp,,0.356,Y,N,Y,N,N,N,N,Y,N,Y,Y
263,K23,FALSE,,SOX2,UNKNOWN,FAM,NFQ-MGB,,,,,,,6.492,6.757,0.375,,,,,,TRUE,0.226,TRUE,3,6,No Amp,,0.484,Y,N,Y,N,N,N,N,Y,N,Y,Y
264,K24,FALSE,,SOX2,UNKNOWN,FAM,NFQ-MGB,,,,,,,Undetermined,6.757,0.375,,,,,,TRUE,0.226,TRUE,3,39,No Amp,,0.000,Y,Y,N,N,N,N,N,Y,N,Y,N
265,L1,FALSE,TD02,ZFP42,UNKNOWN,FAM,NFQ-MGB,,,,1.158,0.955,1.405,27.086,26.963,0.121,,4.541,0.204,0.118,-0.212,TRUE,0.215,TRUE,3,21,Amp,,0.880,N,N,N,N,N,N,N,N,N,N,N
266,L2,FALSE,TD02,ZFP42,UNKNOWN,FAM,NFQ-MGB,,,,1.158,0.955,1.405,26.958,26.963,0.121,,4.541,0.204,0.118,-0.212,TRUE,0.215,TRUE,3,21,Amp,,0.901,N,N,N,N,N,N,N,N,N,N,N
267,L3,FALSE,TD02,ZFP42,UNKNOWN,FAM,NFQ-MGB,,,,1.158,0.955,1.405,26.844,26.963,0.121,,4.541,0.204,0.118,-0.212,TRUE,0.215,TRUE,3,22,Amp,,0.899,N,N,N,N,N,N,N,N,N,N,N
268,L4,FALSE,TD03,ZFP42,UNKNOWN,FAM,NFQ-MGB,,,,1.180,0.936,1.487,26.306,26.110,0.171,,4.514,0.244,0.141,-0.239,TRUE,0.215,TRUE,3,21,Amp,,0.899,N,N,N,N,N,N,N,N,N,N,N
269,L5,FALSE,TD03,ZFP42,UNKNOWN,FAM,NFQ-MGB,,,,1.180,0.936,1.487,26.036,26.110,0.171,,4.514,0.244,0.141,-0.239,TRUE,0.215,TRUE,3,21,Amp,,0.933,N,N,N,N,N,N,N,N,N,N,N
270,L6,FALSE,TD03,ZFP42,UNKNOWN,FAM,NFQ-MGB,,,,1.180,0.936,1.487,25.988,26.110,0.171,,4.514,0.244,0.141,-0.239,TRUE,0.215,TRUE,3,21,Amp,,0.905,N,N,N,N,N,N,N,N,N,N,N
271,L7,FALSE,TD10,ZFP42,UNKNOWN,FAM,NFQ-MGB,,,,0.843,0.659,1.078,25.723,25.604,0.103,,5.000,0.260,0.150,0.247,TRUE,0.215,TRUE,3,20,Amp,,0.955,N,N,N,N,N,N,N,N,N,N,N
272,L8,FALSE,TD10,ZFP42,UNKNOWN,FAM,NFQ-MGB,,,,0.843,0.659,1.078,25.539,25.604,0.103,,5.000,0.260,0.150,0.247,TRUE,0.215,TRUE,3,19,Amp,,0.960,N,N,N,N,N,N,N,N,N,N,N
273,L9,FALSE,TD10,ZFP42,UNKNOWN,FAM,NFQ-MGB,,,,0.843,0.659,1.078,25.549,25.604,0.103,,5.000,0.260,0.150,0.247,TRUE,0.215,TRUE,3,21,Amp,,0.972,N,N,N,N,N,N,N,N,N,N,N
274,L10,FALSE,TD22,ZFP42,UNKNOWN,FAM,NFQ-MGB,,,,1.016,0.879,1.175,26.569,26.658,0.104,,4.729,0.153,0.088,-0.023,TRUE,0.215,TRUE,3,21,Amp,,0.931,N,N,N,N,N,N,N,N,N,N,N
275,L11,FALSE,TD22,ZFP42,UNKNOWN,FAM,NFQ-MGB,,,,1.016,0.879,1.175,26.773,26.658,0.104,,4.729,0.153,0.088,-0.023,TRUE,0.215,TRUE,3,20,Amp,,0.911,N,N,N,N,N,N,N,N,N,N,N
276,L12,FALSE,TD22,ZFP42,UNKNOWN,FAM,NFQ-MGB,,,,1.016,0.879,1.175,26.633,26.658,0.104,,4.729,0.153,0.088,-0.023,TRUE,0.215,TRUE,3,22,Amp,,0.897,N,N,N,N,N,N,N,N,N,N,N
277,L13,FALSE,GBA-KO,ZFP42,UNKNOWN,FAM,NFQ-MGB,,,,1.718,1.213,2.431,25.907,25.879,0.058,,3.972,0.367,0.212,-0.780,TRUE,0.215,TRUE,3,21,Amp,,0.914,N,N,N,N,N,N,N,N,N,N,N
278,L14,FALSE,GBA-KO,ZFP42,UNKNOWN,FAM,NFQ-MGB,,,,1.718,1.213,2.431,25.918,25.879,0.058,,3.972,0.367,0.212,-0.780,TRUE,0.215,TRUE,3,21,Amp,,0.912,N,N,N,N,N,N,N,N,N,N,N
279,L15,FALSE,GBA-KO,ZFP42,UNKNOWN,FAM,NFQ-MGB,,,,1.718,1.213,2.431,25.812,25.879,0.058,,3.972,0.367,0.212,-0.780,TRUE,0.215,TRUE,3,20,Amp,,0.904,N,N,N,N,N,N,N,N,N,N,N
280,L16,FALSE,PARKIN-KO,ZFP42,UNKNOWN,FAM,NFQ-MGB,,,,1.424,1.116,1.818,26.395,26.284,0.185,,4.243,0.258,0.149,-0.510,TRUE,0.215,TRUE,3,21,Amp,,0.908,N,N,N,N,N,N,N,N,N,N,N
281,L17,FALSE,PARKIN-KO,ZFP42,UNKNOWN,FAM,NFQ-MGB,,,,1.424,1.116,1.818,26.387,26.284,0.185,,4.243,0.258,0.149,-0.510,TRUE,0.215,TRUE,3,20,Amp,,0.905,N,N,N,N,N,N,N,N,N,N,N
282,L18,FALSE,PARKIN-KO,ZFP42,UNKNOWN,FAM,NFQ-MGB,,,,1.424,1.116,1.818,26.071,26.284,0.185,,4.243,0.258,0.149,-0.510,TRUE,0.215,TRUE,3,20,Amp,,0.919,N,N,N,N,N,N,N,N,N,N,N
283,L19,FALSE,SYN-KO,ZFP42,UNKNOWN,FAM,NFQ-MGB,,,,1.205,1.061,1.369,26.547,26.631,0.091,,4.484,0.135,0.078,-0.269,TRUE,0.215,TRUE,3,21,Amp,,0.912,N,N,N,N,N,N,N,N,N,N,N
284,L20,FALSE,SYN-KO,ZFP42,UNKNOWN,FAM,NFQ-MGB,,,,1.205,1.061,1.369,26.618,26.631,0.091,,4.484,0.135,0.078,-0.269,TRUE,0.215,TRUE,3,22,Amp,,0.885,N,N,N,N,N,N,N,N,N,N,N
285,L21,FALSE,SYN-KO,ZFP42,UNKNOWN,FAM,NFQ-MGB,,,,1.205,1.061,1.369,26.728,26.631,0.091,,4.484,0.135,0.078,-0.269,TRUE,0.215,TRUE,3,19,Amp,,0.896,N,N,N,N,N,N,N,N,N,N,N
286,L22,FALSE,,ZFP42,UNKNOWN,FAM,NFQ-MGB,,,,,,,6.705,15.336,12.206,,,,,,TRUE,0.215,TRUE,3,6,No Amp,,0.566,Y,N,Y,Y,N,N,N,Y,N,Y,Y
287,L23,FALSE,,ZFP42,UNKNOWN,FAM,NFQ-MGB,,,,,,,23.966,15.336,12.206,,,,,,TRUE,0.215,TRUE,3,21,No Amp,,0.439,Y,N,Y,Y,Y,N,N,Y,N,Y,Y
288,L24,FALSE,,ZFP42,UNKNOWN,FAM,NFQ-MGB,,,,,,,Undetermined,15.336,12.206,,,,,,TRUE,0.215,TRUE,3,39,No Amp,,0.000,Y,Y,N,N,N,N,N,Y,N,Y,Y
289,M1,FALSE,TD02,OCT3/4,UNKNOWN,FAM,NFQ-MGB,,,,1.747,1.393,2.191,21.014,20.824,0.174,,-1.598,0.239,0.138,-0.805,TRUE,0.167,TRUE,3,17,Amp,,0.784,Y,N,N,N,N,N,N,N,N,N,N
290,M2,FALSE,TD02,OCT3/4,UNKNOWN,FAM,NFQ-MGB,,,,1.747,1.393,2.191,20.671,20.824,0.174,,-1.598,0.239,0.138,-0.805,TRUE,0.167,TRUE,3,17,Amp,,0.773,Y,N,N,N,N,N,N,N,N,N,N
291,M3,FALSE,TD02,OCT3/4,UNKNOWN,FAM,NFQ-MGB,,,,1.747,1.393,2.191,20.787,20.824,0.174,,-1.598,0.239,0.138,-0.805,TRUE,0.167,TRUE,3,16,Amp,,0.812,N,N,N,N,N,N,N,N,N,N,N
292,M4,FALSE,TD03,OCT3/4,UNKNOWN,FAM,NFQ-MGB,,,,1.503,1.141,1.980,20.482,20.215,0.234,,-1.380,0.291,0.168,-0.588,TRUE,0.167,TRUE,3,16,Amp,,0.870,N,N,N,N,N,N,N,N,N,N,N
293,M5,FALSE,TD03,OCT3/4,UNKNOWN,FAM,NFQ-MGB,,,,1.503,1.141,1.980,20.118,20.215,0.234,,-1.380,0.291,0.168,-0.588,TRUE,0.167,TRUE,3,16,Amp,,0.808,N,N,N,N,N,N,N,N,N,N,N
294,M6,FALSE,TD03,OCT3/4,UNKNOWN,FAM,NFQ-MGB,,,,1.503,1.141,1.980,20.046,20.215,0.234,,-1.380,0.291,0.168,-0.588,TRUE,0.167,TRUE,3,15,Amp,,0.841,N,N,N,N,N,N,N,N,N,N,N
295,M7,FALSE,TD10,OCT3/4,UNKNOWN,FAM,NFQ-MGB,,,,1.063,0.706,1.601,19.770,19.723,0.361,,-0.881,0.433,0.250,-0.088,TRUE,0.167,TRUE,3,16,Amp,,0.810,N,N,N,N,N,N,N,N,N,N,N
296,M8,FALSE,TD10,OCT3/4,UNKNOWN,FAM,NFQ-MGB,,,,1.063,0.706,1.601,20.058,19.723,0.361,,-0.881,0.433,0.250,-0.088,TRUE,0.167,TRUE,3,15,Amp,,0.871,N,N,N,N,N,N,N,N,N,N,N
297,M9,FALSE,TD10,OCT3/4,UNKNOWN,FAM,NFQ-MGB,,,,1.063,0.706,1.601,19.341,19.723,0.361,,-0.881,0.433,0.250,-0.088,TRUE,0.167,TRUE,3,15,Amp,,0.889,N,N,N,N,N,N,N,N,N,N,N
298,M10,FALSE,TD22,OCT3/4,UNKNOWN,FAM,NFQ-MGB,,,,2.415,1.876,3.108,20.128,19.864,0.242,,-2.065,0.267,0.154,-1.272,TRUE,0.167,TRUE,3,14,Amp,,0.787,Y,N,N,N,N,N,N,N,N,N,N
299,M11,FALSE,TD22,OCT3/4,UNKNOWN,FAM,NFQ-MGB,,,,2.415,1.876,3.108,19.652,19.864,0.242,,-2.065,0.267,0.154,-1.272,TRUE,0.167,TRUE,3,15,Amp,,0.827,N,N,N,N,N,N,N,N,N,N,N
300,M12,FALSE,TD22,OCT3/4,UNKNOWN,FAM,NFQ-MGB,,,,2.415,1.876,3.108,19.813,19.864,0.242,,-2.065,0.267,0.154,-1.272,TRUE,0.167,TRUE,3,15,Amp,,0.807,N,N,N,N,N,N,N,N,N,N,N
301,M13,FALSE,GBA-KO,OCT3/4,UNKNOWN,FAM,NFQ-MGB,,,,1.782,1.238,2.565,20.137,20.281,0.129,,-1.626,0.385,0.222,-0.833,TRUE,0.167,TRUE,3,17,Amp,,0.806,N,N,N,N,N,N,N,N,N,N,N
302,M14,FALSE,GBA-KO,OCT3/4,UNKNOWN,FAM,NFQ-MGB,,,,1.782,1.238,2.565,20.317,20.281,0.129,,-1.626,0.385,0.222,-0.833,TRUE,0.167,TRUE,3,16,Amp,,0.784,Y,N,N,N,N,N,N,N,N,N,N
303,M15,FALSE,GBA-KO,OCT3/4,UNKNOWN,FAM,NFQ-MGB,,,,1.782,1.238,2.565,20.388,20.281,0.129,,-1.626,0.385,0.222,-0.833,TRUE,0.167,TRUE,3,16,Amp,,0.842,N,N,N,N,N,N,N,N,N,N,N
304,M16,FALSE,PARKIN-KO,OCT3/4,UNKNOWN,FAM,NFQ-MGB,,,,1.555,1.257,1.924,20.767,20.612,0.134,,-1.430,0.225,0.130,-0.637,TRUE,0.167,TRUE,3,17,Amp,,0.826,N,N,N,N,N,N,N,N,N,N,N
305,M17,FALSE,PARKIN-KO,OCT3/4,UNKNOWN,FAM,NFQ-MGB,,,,1.555,1.257,1.924,20.537,20.612,0.134,,-1.430,0.225,0.130,-0.637,TRUE,0.167,TRUE,3,17,Amp,,0.843,N,N,N,N,N,N,N,N,N,N,N
306,M18,FALSE,PARKIN-KO,OCT3/4,UNKNOWN,FAM,NFQ-MGB,,,,1.555,1.257,1.924,20.532,20.612,0.134,,-1.430,0.225,0.130,-0.637,TRUE,0.167,TRUE,3,16,Amp,,0.839,N,N,N,N,N,N,N,N,N,N,N
307,M19,FALSE,SYN-KO,OCT3/4,UNKNOWN,FAM,NFQ-MGB,,,,1.106,0.853,1.436,20.948,21.208,0.257,,-0.939,0.275,0.159,-0.146,TRUE,0.167,TRUE,3,17,Amp,,0.848,N,N,N,N,N,N,N,N,N,N,N
308,M20,FALSE,SYN-KO,OCT3/4,UNKNOWN,FAM,NFQ-MGB,,,,1.106,0.853,1.436,21.216,21.208,0.257,,-0.939,0.275,0.159,-0.146,TRUE,0.167,TRUE,3,17,Amp,,0.817,N,N,N,N,N,N,N,N,N,N,N
309,M21,FALSE,SYN-KO,OCT3/4,UNKNOWN,FAM,NFQ-MGB,,,,1.106,0.853,1.436,21.461,21.208,0.257,,-0.939,0.275,0.159,-0.146,TRUE,0.167,TRUE,3,16,Amp,,0.841,N,N,N,N,N,N,N,N,N,N,N
310,M22,FALSE,,OCT3/4,UNKNOWN,FAM,NFQ-MGB,,,,,,,Undetermined,32.281,,,,,,,TRUE,0.167,TRUE,3,39,No Amp,,0.000,Y,Y,N,N,N,N,N,Y,N,Y,Y
311,M23,FALSE,,OCT3/4,UNKNOWN,FAM,NFQ-MGB,,,,,,,32.281,32.281,,,,,,,TRUE,0.167,TRUE,3,28,No Amp,,0.000,Y,N,Y,N,Y,N,N,Y,Y,Y,Y
312,M24,FALSE,,OCT3/4,UNKNOWN,FAM,NFQ-MGB,,,,,,,Undetermined,32.281,,,,,,,TRUE,0.167,TRUE,3,11,No Amp,,0.000,Y,N,N,N,N,Y,N,Y,N,Y,N
313,N1,FALSE,TD02,KLF4,UNKNOWN,FAM,NFQ-MGB,,,,2.107,1.746,2.544,35.517,35.398,0.112,,12.976,0.199,0.115,-1.075,TRUE,0.298,TRUE,3,30,Amp,,0.864,N,N,N,N,N,N,N,N,N,N,N
314,N2,FALSE,TD02,KLF4,UNKNOWN,FAM,NFQ-MGB,,,,2.107,1.746,2.544,35.294,35.398,0.112,,12.976,0.199,0.115,-1.075,TRUE,0.298,TRUE,3,28,Amp,,0.870,N,N,N,N,N,N,N,N,N,N,N
315,N3,FALSE,TD02,KLF4,UNKNOWN,FAM,NFQ-MGB,,,,2.107,1.746,2.544,35.383,35.398,0.112,,12.976,0.199,0.115,-1.075,TRUE,0.298,TRUE,3,29,Amp,,0.869,N,N,N,N,N,N,N,N,N,N,N
316,N4,FALSE,TD03,KLF4,UNKNOWN,FAM,NFQ-MGB,,,,2.782,1.401,5.525,33.773,34.171,0.704,,12.575,0.725,0.419,-1.476,TRUE,0.298,TRUE,3,27,Amp,,0.921,N,N,N,Y,N,N,N,N,N,N,N
317,N5,FALSE,TD03,KLF4,UNKNOWN,FAM,NFQ-MGB,,,,2.782,1.401,5.525,33.756,34.171,0.704,,12.575,0.725,0.419,-1.476,TRUE,0.298,TRUE,3,27,Amp,,0.919,N,N,N,Y,N,N,N,N,N,N,N
318,N6,FALSE,TD03,KLF4,UNKNOWN,FAM,NFQ-MGB,,,,2.782,1.401,5.525,34.983,34.171,0.704,,12.575,0.725,0.419,-1.476,TRUE,0.298,TRUE,3,29,Amp,,0.892,N,N,N,Y,N,N,Y,N,N,N,N
319,N7,FALSE,TD10,KLF4,UNKNOWN,FAM,NFQ-MGB,,,,1.575,0.781,3.179,34.173,34.000,0.703,,13.396,0.742,0.428,-0.656,TRUE,0.298,TRUE,3,29,Amp,,0.927,N,N,N,Y,N,N,N,N,N,N,N
320,N8,FALSE,TD10,KLF4,UNKNOWN,FAM,NFQ-MGB,,,,1.575,0.781,3.179,34.599,34.000,0.703,,13.396,0.742,0.428,-0.656,TRUE,0.298,TRUE,3,29,Amp,,0.929,N,N,N,Y,N,N,N,N,N,N,N
321,N9,FALSE,TD10,KLF4,UNKNOWN,FAM,NFQ-MGB,,,,1.575,0.781,3.179,33.227,34.000,0.703,,13.396,0.742,0.428,-0.656,TRUE,0.298,TRUE,3,27,Amp,,0.936,N,N,N,Y,N,N,N,N,N,N,N
322,N10,FALSE,TD22,KLF4,UNKNOWN,FAM,NFQ-MGB,,,,2.892,1.819,4.600,34.985,34.448,0.477,,12.519,0.490,0.283,-1.532,TRUE,0.298,TRUE,3,29,Amp,,0.917,N,N,N,N,N,N,N,N,N,N,N
323,N11,FALSE,TD22,KLF4,UNKNOWN,FAM,NFQ-MGB,,,,2.892,1.819,4.600,34.071,34.448,0.477,,12.519,0.490,0.283,-1.532,TRUE,0.298,TRUE,3,27,Amp,,0.902,N,N,N,N,N,N,N,N,N,N,N
324,N12,FALSE,TD22,KLF4,UNKNOWN,FAM,NFQ-MGB,,,,2.892,1.819,4.600,34.288,34.448,0.477,,12.519,0.490,0.283,-1.532,TRUE,0.298,TRUE,3,29,Amp,,0.928,N,N,N,N,N,N,N,N,N,N,N
325,N13,FALSE,GBA-KO,KLF4,UNKNOWN,FAM,NFQ-MGB,,,,3.032,1.421,6.469,33.985,34.358,0.714,,12.451,0.801,0.462,-1.600,TRUE,0.298,TRUE,3,29,Amp,,0.894,N,N,N,Y,N,N,N,N,N,N,N
326,N14,FALSE,GBA-KO,KLF4,UNKNOWN,FAM,NFQ-MGB,,,,3.032,1.421,6.469,33.908,34.358,0.714,,12.451,0.801,0.462,-1.600,TRUE,0.298,TRUE,3,29,Amp,,0.921,N,N,N,Y,N,N,N,N,N,N,N
327,N15,FALSE,GBA-KO,KLF4,UNKNOWN,FAM,NFQ-MGB,,,,3.032,1.421,6.469,35.181,34.358,0.714,,12.451,0.801,0.462,-1.600,TRUE,0.298,TRUE,3,29,Amp,,0.887,N,N,N,Y,N,N,N,N,N,N,N
328,N16,FALSE,PARKIN-KO,KLF4,UNKNOWN,FAM,NFQ-MGB,,,,3.025,1.916,4.776,34.771,34.496,0.448,,12.455,0.483,0.279,-1.597,TRUE,0.298,TRUE,3,27,Amp,,0.888,N,N,N,N,N,N,N,N,N,N,N
329,N17,FALSE,PARKIN-KO,KLF4,UNKNOWN,FAM,NFQ-MGB,,,,3.025,1.916,4.776,33.980,34.496,0.448,,12.455,0.483,0.279,-1.597,TRUE,0.298,TRUE,3,29,Amp,,0.913,N,N,N,N,N,N,N,N,N,N,N
330,N18,FALSE,PARKIN-KO,KLF4,UNKNOWN,FAM,NFQ-MGB,,,,3.025,1.916,4.776,34.739,34.496,0.448,,12.455,0.483,0.279,-1.597,TRUE,0.298,TRUE,3,28,Amp,,0.918,N,N,N,N,N,N,N,N,N,N,N
331,N19,FALSE,SYN-KO,KLF4,UNKNOWN,FAM,NFQ-MGB,,,,3.001,2.515,3.581,34.517,34.613,0.158,,12.466,0.187,0.108,-1.585,TRUE,0.298,TRUE,3,30,Amp,,0.904,N,N,N,N,N,N,N,N,N,N,N
332,N20,FALSE,SYN-KO,KLF4,UNKNOWN,FAM,NFQ-MGB,,,,3.001,2.515,3.581,34.526,34.613,0.158,,12.466,0.187,0.108,-1.585,TRUE,0.298,TRUE,3,28,Amp,,0.891,N,N,N,N,N,N,N,N,N,N,N
333,N21,FALSE,SYN-KO,KLF4,UNKNOWN,FAM,NFQ-MGB,,,,3.001,2.515,3.581,34.796,34.613,0.158,,12.466,0.187,0.108,-1.585,TRUE,0.298,TRUE,3,29,Amp,,0.892,N,N,N,N,N,N,N,N,N,N,N
334,N22,FALSE,,KLF4,UNKNOWN,FAM,NFQ-MGB,,,,,,,Undetermined,30.111,,,,,,,TRUE,0.298,TRUE,3,39,No Amp,,0.000,Y,Y,N,N,N,N,N,Y,N,Y,Y
335,N23,FALSE,,KLF4,UNKNOWN,FAM,NFQ-MGB,,,,,,,30.111,30.111,,,,,,,TRUE,0.298,TRUE,3,27,No Amp,,0.000,Y,N,Y,N,N,N,N,Y,N,Y,N
336,N24,FALSE,,KLF4,UNKNOWN,FAM,NFQ-MGB,,,,,,,Undetermined,30.111,,,,,,,TRUE,0.298,TRUE,3,39,No Amp,,0.000,Y,Y,N,N,N,N,N,Y,N,Y,N
337,O1,FALSE,TD02,GAPDH,UNKNOWN,VIC,NFQ-MGB,,,,,,,23.130,23.078,0.167,,,,,,TRUE,0.115,TRUE,3,18,Amp,,0.741,Y,N,N,N,N,N,N,N,N,N,N
338,O2,FALSE,TD02,GAPDH,UNKNOWN,VIC,NFQ-MGB,,,,,,,23.212,23.078,0.167,,,,,,TRUE,0.115,TRUE,3,18,Amp,,0.768,Y,N,N,N,N,N,N,N,N,N,N
339,O3,FALSE,TD02,GAPDH,UNKNOWN,VIC,NFQ-MGB,,,,,,,22.891,23.078,0.167,,,,,,TRUE,0.115,TRUE,3,18,Amp,,0.781,Y,N,N,N,N,N,N,N,N,N,N
340,O4,FALSE,TD03,GAPDH,UNKNOWN,VIC,NFQ-MGB,,,,,,,22.389,22.132,0.224,,,,,,TRUE,0.115,TRUE,3,17,Amp,,0.771,Y,N,N,N,N,N,N,N,N,N,N
341,O5,FALSE,TD03,GAPDH,UNKNOWN,VIC,NFQ-MGB,,,,,,,22.023,22.132,0.224,,,,,,TRUE,0.115,TRUE,3,18,Amp,,0.753,Y,N,N,N,N,N,N,N,N,N,N
342,O6,FALSE,TD03,GAPDH,UNKNOWN,VIC,NFQ-MGB,,,,,,,21.982,22.132,0.224,,,,,,TRUE,0.115,TRUE,3,17,Amp,,0.746,Y,N,N,N,N,N,N,N,N,N,N
343,O7,FALSE,TD10,GAPDH,UNKNOWN,VIC,NFQ-MGB,,,,,,,21.302,21.269,0.081,,,,,,TRUE,0.115,TRUE,3,16,Amp,,0.757,Y,N,N,N,N,N,N,N,N,N,N
344,O8,FALSE,TD10,GAPDH,UNKNOWN,VIC,NFQ-MGB,,,,,,,21.328,21.269,0.081,,,,,,TRUE,0.115,TRUE,3,17,Amp,,0.743,Y,N,N,N,N,N,N,N,N,N,N
345,O9,FALSE,TD10,GAPDH,UNKNOWN,VIC,NFQ-MGB,,,,,,,21.176,21.269,0.081,,,,,,TRUE,0.115,TRUE,3,16,Amp,,0.724,Y,N,N,N,N,N,N,N,N,N,N
346,O10,FALSE,TD22,GAPDH,UNKNOWN,VIC,NFQ-MGB,,,,,,,22.516,22.611,0.123,,,,,,TRUE,0.115,TRUE,3,18,Amp,,0.779,Y,N,N,N,N,N,N,N,N,N,N
347,O11,FALSE,TD22,GAPDH,UNKNOWN,VIC,NFQ-MGB,,,,,,,22.751,22.611,0.123,,,,,,TRUE,0.115,TRUE,3,18,Amp,,0.812,N,N,N,N,N,N,N,N,N,N,N
348,O12,FALSE,TD22,GAPDH,UNKNOWN,VIC,NFQ-MGB,,,,,,,22.566,22.611,0.123,,,,,,TRUE,0.115,TRUE,3,18,Amp,,0.806,N,N,N,N,N,N,N,N,N,N,N
349,O13,FALSE,GBA-KO,GAPDH,UNKNOWN,VIC,NFQ-MGB,,,,,,,22.957,22.542,0.388,,,,,,TRUE,0.115,TRUE,3,18,Amp,,0.750,Y,N,N,N,N,N,N,N,N,N,N
350,O14,FALSE,GBA-KO,GAPDH,UNKNOWN,VIC,NFQ-MGB,,,,,,,22.483,22.542,0.388,,,,,,TRUE,0.115,TRUE,3,18,Amp,,0.791,Y,N,N,N,N,N,N,N,N,N,N
351,O15,FALSE,GBA-KO,GAPDH,UNKNOWN,VIC,NFQ-MGB,,,,,,,22.187,22.542,0.388,,,,,,TRUE,0.115,TRUE,3,17,Amp,,0.765,Y,N,N,N,N,N,N,N,N,N,N
352,O16,FALSE,PARKIN-KO,GAPDH,UNKNOWN,VIC,NFQ-MGB,,,,,,,22.693,22.606,0.089,,,,,,TRUE,0.115,TRUE,3,18,Amp,,0.766,Y,N,N,N,N,N,N,N,N,N,N
353,O17,FALSE,PARKIN-KO,GAPDH,UNKNOWN,VIC,NFQ-MGB,,,,,,,22.516,22.606,0.089,,,,,,TRUE,0.115,TRUE,3,18,Amp,,0.747,Y,N,N,N,N,N,N,N,N,N,N
354,O18,FALSE,PARKIN-KO,GAPDH,UNKNOWN,VIC,NFQ-MGB,,,,,,,22.610,22.606,0.089,,,,,,TRUE,0.115,TRUE,3,18,Amp,,0.763,Y,N,N,N,N,N,N,N,N,N,N
355,O19,FALSE,SYN-KO,GAPDH,UNKNOWN,VIC,NFQ-MGB,,,,,,,22.666,22.812,0.138,,,,,,TRUE,0.115,TRUE,3,18,Amp,,0.792,Y,N,N,N,N,N,N,N,N,N,N
356,O20,FALSE,SYN-KO,GAPDH,UNKNOWN,VIC,NFQ-MGB,,,,,,,22.941,22.812,0.138,,,,,,TRUE,0.115,TRUE,3,18,Amp,,0.776,Y,N,N,N,N,N,N,N,N,N,N
357,O21,FALSE,SYN-KO,GAPDH,UNKNOWN,VIC,NFQ-MGB,,,,,,,22.831,22.812,0.138,,,,,,TRUE,0.115,TRUE,3,18,Amp,,0.770,Y,N,N,N,N,N,N,N,N,N,N
358,O22,FALSE,,GAPDH,UNKNOWN,VIC,NFQ-MGB,,,,,,,30.581,22.498,11.431,,,,,,TRUE,0.115,TRUE,3,29,No Amp,,0.000,Y,N,Y,Y,N,N,N,Y,N,Y,Y
359,O23,FALSE,,GAPDH,UNKNOWN,VIC,NFQ-MGB,,,,,,,14.416,22.498,11.431,,,,,,TRUE,0.115,TRUE,3,12,No Amp,,0.428,Y,N,Y,Y,N,N,N,Y,N,N,Y
360,O24,FALSE,,GAPDH,UNKNOWN,VIC,NFQ-MGB,,,,,,,Undetermined,22.498,11.431,,,,,,TRUE,0.115,TRUE,3,39,No Amp,,0.000,Y,Y,N,N,N,N,N,Y,Y,Y,Y
361,P1,FALSE,TD02,ACTB,UNKNOWN,VIC,NFQ-MGB,,,,,,,21.854,21.766,0.161,,,,,,TRUE,0.120,TRUE,3,17,Amp,,0.870,N,N,N,N,N,N,N,N,N,N,N
362,P2,FALSE,TD02,ACTB,UNKNOWN,VIC,NFQ-MGB,,,,,,,21.864,21.766,0.161,,,,,,TRUE,0.120,TRUE,3,16,Amp,,0.904,N,N,N,N,N,N,N,N,N,N,N
363,P3,FALSE,TD02,ACTB,UNKNOWN,VIC,NFQ-MGB,,,,,,,21.579,21.766,0.161,,,,,,TRUE,0.120,TRUE,3,17,Amp,,0.895,N,N,N,N,N,N,N,N,N,N,N
364,P4,FALSE,TD03,ACTB,UNKNOWN,VIC,NFQ-MGB,,,,,,,21.159,21.060,0.103,,,,,,TRUE,0.120,TRUE,3,17,Amp,,0.893,N,N,N,N,N,N,N,N,N,N,N
365,P5,FALSE,TD03,ACTB,UNKNOWN,VIC,NFQ-MGB,,,,,,,21.068,21.060,0.103,,,,,,TRUE,0.120,TRUE,3,17,Amp,,0.906,N,N,N,N,N,N,N,N,N,N,N
366,P6,FALSE,TD03,ACTB,UNKNOWN,VIC,NFQ-MGB,,,,,,,20.954,21.060,0.103,,,,,,TRUE,0.120,TRUE,3,16,Amp,,0.873,N,N,N,N,N,N,N,N,N,N,N
367,P7,FALSE,TD10,ACTB,UNKNOWN,VIC,NFQ-MGB,,,,,,,20.188,19.939,0.328,,,,,,TRUE,0.120,TRUE,3,16,Amp,,0.907,N,N,N,N,N,N,N,N,N,N,N
368,P8,FALSE,TD10,ACTB,UNKNOWN,VIC,NFQ-MGB,,,,,,,20.061,19.939,0.328,,,,,,TRUE,0.120,TRUE,3,16,Amp,,0.873,N,N,N,N,N,N,N,N,N,N,N
369,P9,FALSE,TD10,ACTB,UNKNOWN,VIC,NFQ-MGB,,,,,,,19.568,19.939,0.328,,,,,,TRUE,0.120,TRUE,3,15,Amp,,0.902,N,N,N,N,N,N,N,N,N,N,N
370,P10,FALSE,TD22,ACTB,UNKNOWN,VIC,NFQ-MGB,,,,,,,21.356,21.247,0.099,,,,,,TRUE,0.120,TRUE,3,17,Amp,,0.926,N,N,N,N,N,N,N,N,N,N,N
371,P11,FALSE,TD22,ACTB,UNKNOWN,VIC,NFQ-MGB,,,,,,,21.163,21.247,0.099,,,,,,TRUE,0.120,TRUE,3,16,Amp,,0.957,N,N,N,N,N,N,N,N,N,N,N
372,P12,FALSE,TD22,ACTB,UNKNOWN,VIC,NFQ-MGB,,,,,,,21.220,21.247,0.099,,,,,,TRUE,0.120,TRUE,3,17,Amp,,0.920,N,N,N,N,N,N,N,N,N,N,N
373,P13,FALSE,GBA-KO,ACTB,UNKNOWN,VIC,NFQ-MGB,,,,,,,21.631,21.271,0.335,,,,,,TRUE,0.120,TRUE,3,17,Amp,,0.887,N,N,N,N,N,N,N,N,N,N,N
374,P14,FALSE,GBA-KO,ACTB,UNKNOWN,VIC,NFQ-MGB,,,,,,,21.215,21.271,0.335,,,,,,TRUE,0.120,TRUE,3,17,Amp,,0.899,N,N,N,N,N,N,N,N,N,N,N
375,P15,FALSE,GBA-KO,ACTB,UNKNOWN,VIC,NFQ-MGB,,,,,,,20.968,21.271,0.335,,,,,,TRUE,0.120,TRUE,3,16,Amp,,0.945,N,N,N,N,N,N,N,N,N,N,N
376,P16,FALSE,PARKIN-KO,ACTB,UNKNOWN,VIC,NFQ-MGB,,,,,,,21.569,21.477,0.239,,,,,,TRUE,0.120,TRUE,3,17,Amp,,0.888,N,N,N,N,N,N,N,N,N,N,N
377,P17,FALSE,PARKIN-KO,ACTB,UNKNOWN,VIC,NFQ-MGB,,,,,,,21.657,21.477,0.239,,,,,,TRUE,0.120,TRUE,3,17,Amp,,0.899,N,N,N,N,N,N,N,N,N,N,N
378,P18,FALSE,PARKIN-KO,ACTB,UNKNOWN,VIC,NFQ-MGB,,,,,,,21.206,21.477,0.239,,,,,,TRUE,0.120,TRUE,3,17,Amp,,0.887,N,N,N,N,N,N,N,N,N,N,N
379,P19,FALSE,SYN-KO,ACTB,UNKNOWN,VIC,NFQ-MGB,,,,,,,21.485,21.482,0.022,,,,,,TRUE,0.120,TRUE,3,17,Amp,,0.899,N,N,N,N,N,N,N,N,N,N,N
380,P20,FALSE,SYN-KO,ACTB,UNKNOWN,VIC,NFQ-MGB,,,,,,,21.502,21.482,0.022,,,,,,TRUE,0.120,TRUE,3,17,Amp,,0.919,N,N,N,N,N,N,N,N,N,N,N
381,P21,FALSE,SYN-KO,ACTB,UNKNOWN,VIC,NFQ-MGB,,,,,,,21.459,21.482,0.022,,,,,,TRUE,0.120,TRUE,3,17,Amp,,0.910,N,N,N,N,N,N,N,N,N,N,N
382,P22,FALSE,,ACTB,UNKNOWN,VIC,NFQ-MGB,,,,,,,Undetermined,24.225,,,,,,,TRUE,0.120,TRUE,3,39,No Amp,,0.000,Y,Y,N,N,N,N,N,Y,N,Y,Y
383,P23,FALSE,,ACTB,UNKNOWN,VIC,NFQ-MGB,,,,,,,Undetermined,24.225,,,,,,,TRUE,0.120,TRUE,3,39,No Amp,,0.000,Y,Y,N,N,N,N,N,Y,N,Y,Y
384,P24,FALSE,,ACTB,UNKNOWN,VIC,NFQ-MGB,,,,,,,24.225,24.225,,,,,,,TRUE,0.120,TRUE,3,23,No Amp,,0.438,Y,N,Y,N,N,N,N,Y,N,Y,N
,,,,,,,,,,,,,,,,,,,,,,,,,,,,,,,,,,,,,,,,
Analysis Type,Singleplex,,,,,,,,,,,,,,,,,,,,,,,,,,,,,,,,,,,,,,,
Endogenous Control,"ACTB, GAPDH",,,,,,,,,,,,,,,,,,,,,,,,,,,,,,,,,,,,,,,
RQ Min/Max Confidence Level,95.0,,,,,,,,,,,,,,,,,,,,,,,,,,,,,,,,,,,,,,,
Reference Sample,H9,,,,,,,,,,,,,,,,,,,,,,,,,,,,,,,,,,,,,,,
