Block Type,384-Well Block,,,,,,,,,,,,,,,,,,,,,,,,,,,,,,,,,,
Calibration Background is expired ,No,,,,,,,,,,,,,,,,,,,,,,,,,,,,,,,,,,
Calibration Background performed on,11-12-2018,,,,,,,,,,,,,,,,,,,,,,,,,,,,,,,,,,
Calibration Pure Dye ABY is expired,No,,,,,,,,,,,,,,,,,,,,,,,,,,,,,,,,,,
Calibration Pure Dye ABY performed on,11-12-2018,,,,,,,,,,,,,,,,,,,,,,,,,,,,,,,,,,
Calibration Pure Dye CY5 is expired,No,,,,,,,,,,,,,,,,,,,,,,,,,,,,,,,,,,
Calibration Pure Dye CY5 performed on,11-12-2018,,,,,,,,,,,,,,,,,,,,,,,,,,,,,,,,,,
Calibration Pure Dye FAM is expired,No,,,,,,,,,,,,,,,,,,,,,,,,,,,,,,,,,,
Calibration Pure Dye FAM performed on,11-12-2018,,,,,,,,,,,,,,,,,,,,,,,,,,,,,,,,,,
Calibration Pure Dye JUN is expired,No,,,,,,,,,,,,,,,,,,,,,,,,,,,,,,,,,,
Calibration Pure Dye JUN performed on,11-12-2018,,,,,,,,,,,,,,,,,,,,,,,,,,,,,,,,,,
Calibration Pure Dye MUSTANG PURPLE is expired,No,,,,,,,,,,,,,,,,,,,,,,,,,,,,,,,,,,
Calibration Pure Dye MUSTANG PURPLE performed on,11-12-2018,,,,,,,,,,,,,,,,,,,,,,,,,,,,,,,,,,
Calibration Pure Dye NED is expired,No,,,,,,,,,,,,,,,,,,,,,,,,,,,,,,,,,,
Calibration Pure Dye NED performed on,11-12-2018,,,,,,,,,,,,,,,,,,,,,,,,,,,,,,,,,,
Calibration Pure Dye ROX is expired,No,,,,,,,,,,,,,,,,,,,,,,,,,,,,,,,,,,
Calibration Pure Dye ROX performed on,11-12-2018,,,,,,,,,,,,,,,,,,,,,,,,,,,,,,,,,,
Calibration Pure Dye SYBR is expired,No,,,,,,,,,,,,,,,,,,,,,,,,,,,,,,,,,,
Calibration Pure Dye SYBR performed on,11-12-2018,,,,,,,,,,,,,,,,,,,,,,,,,,,,,,,,,,
Calibration Pure Dye TAMRA is expired,No,,,,,,,,,,,,,,,,,,,,,,,,,,,,,,,,,,
Calibration Pure Dye TAMRA performed on,11-12-2018,,,,,,,,,,,,,,,,,,,,,,,,,,,,,,,,,,
Calibration Pure Dye VIC is expired,No,,,,,,,,,,,,,,,,,,,,,,,,,,,,,,,,,,
Calibration Pure Dye VIC performed on,11-12-2018,,,,,,,,,,,,,,,,,,,,,,,,,,,,,,,,,,
Calibration ROI is expired ,No,,,,,,,,,,,,,,,,,,,,,,,,,,,,,,,,,,
Calibration ROI performed on,11-12-2018,,,,,,,,,,,,,,,,,,,,,,,,,,,,,,,,,,
Calibration Uniformity is expired ,No,,,,,,,,,,,,,,,,,,,,,,,,,,,,,,,,,,
Calibration Uniformity performed on,11-12-2018,,,,,,,,,,,,,,,,,,,,,,,,,,,,,,,,,,
Chemistry,TAQMAN,,,,,,,,,,,,,,,,,,,,,,,,,,,,,,,,,,
Date Created,2019-09-11 14:18:36 PM PDT,,,,,,,,,,,,,,,,,,,,,,,,,,,,,,,,,,
Experiment Barcode,,,,,,,,,,,,,,,,,,,,,,,,,,,,,,,,,,,
Experiment Comment,,,,,,,,,,,,,,,,,,,,,,,,,,,,,,,,,,,
Experiment File Name,D:\Users\Administrator\Experiments\Gilles\2019-09-10_120614FXCellLinesExpProfile2.eds,,,,,,,,,,,,,,,,,,,,,,,,,,,,,,,,,,
Experiment Name,2019-09-10_120614,,,,,,,,,,,,,,,,,,,,,,,,,,,,,,,,,,
Experiment Run End Time,2019-09-11 11:04:11 AM PDT,,,,,,,,,,,,,,,,,,,,,,,,,,,,,,,,,,
Experiment Type,Comparative Cт (ΔΔCт) ,,,,,,,,,,,,,,,,,,,,,,,,,,,,,,,,,,
Instrument Name,      272530975,,,,,,,,,,,,,,,,,,,,,,,,,,,,,,,,,,
Instrument Serial Number,272530975,,,,,,,,,,,,,,,,,,,,,,,,,,,,,,,,,,
Instrument Type,QuantStudio™ 5 System,,,,,,,,,,,,,,,,,,,,,,,,,,,,,,,,,,
Passive Reference,ROX,,,,,,,,,,,,,,,,,,,,,,,,,,,,,,,,,,
Post-read Stage/Step,,,,,,,,,,,,,,,,,,,,,,,,,,,,,,,,,,,
Pre-read Stage/Step,,,,,,,,,,,,,,,,,,,,,,,,,,,,,,,,,,,
Quantification Cycle Method,Ct,,,,,,,,,,,,,,,,,,,,,,,,,,,,,,,,,,
Signal Smoothing On,true,,,,,,,,,,,,,,,,,,,,,,,,,,,,,,,,,,
Stage/ Cycle where Ct Analysis is performed,"Stage2, Step2",,,,,,,,,,,,,,,,,,,,,,,,,,,,,,,,,,
User Name,,,,,,,,,,,,,,,,,,,,,,,,,,,,,,,,,,,
,,,,,,,,,,,,,,,,,,,,,,,,,,,,,,,,,,,
Well,Well Position,Omit,Sample Name,Target Name,Task,Reporter,Quencher,Quantity,Quantity Mean,Quantity SD,RQ,RQ Min,RQ Max,CT,Ct Mean,Ct SD,Delta Ct,Delta Ct Mean,Delta Ct SD,Delta Ct SE,Delta Delta Ct,Automatic Ct Threshold,Ct Threshold,Automatic Baseline,Baseline Start,Baseline End,Amp Status,Comments,Cq Conf,CQCONF,EXPFAIL,PRFLOW,HIGHSD,BADROX,PRFDROP
1,A1,FALSE,AiW002-2-D0,NEUROG1,UNKNOWN,FAM,NFQ-MGB,,,,1.000,0.858,1.166,26.944,27.015,0.082,,6.498,0.162,0.094,0.000,TRUE,0.335,TRUE,3,21,Amp,,0.937,N,N,N,N,N,N
2,A2,FALSE,AiW002-2-D0,NEUROG1,UNKNOWN,FAM,NFQ-MGB,,,,1.000,0.858,1.166,27.105,27.015,0.082,,6.498,0.162,0.094,0.000,TRUE,0.335,TRUE,3,21,Amp,,0.937,N,N,N,N,N,N
3,A3,FALSE,AiW002-2-D0,NEUROG1,UNKNOWN,FAM,NFQ-MGB,,,,1.000,0.858,1.166,26.995,27.015,0.082,,6.498,0.162,0.094,0.000,TRUE,0.335,TRUE,3,21,Amp,,0.949,N,N,N,N,N,N
4,A4,FALSE,AiW002-2-D0,NEUROG2,UNKNOWN,FAM,NFQ-MGB,,,,1.000,0.847,1.181,30.281,30.332,0.106,,9.815,0.176,0.101,0.000,TRUE,0.398,TRUE,3,24,Amp,,0.943,N,N,N,N,N,N
5,A5,FALSE,AiW002-2-D0,NEUROG2,UNKNOWN,FAM,NFQ-MGB,,,,1.000,0.847,1.181,30.260,30.332,0.106,,9.815,0.176,0.101,0.000,TRUE,0.398,TRUE,3,24,Amp,,0.951,N,N,N,N,N,N
6,A6,FALSE,AiW002-2-D0,NEUROG2,UNKNOWN,FAM,NFQ-MGB,,,,1.000,0.847,1.181,30.454,30.332,0.106,,9.815,0.176,0.101,0.000,TRUE,0.398,TRUE,3,23,Amp,,0.956,N,N,N,N,N,N
7,A7,FALSE,AiW002-2-D0,NESTIN,UNKNOWN,FAM,NFQ-MGB,,,,1.000,0.841,1.189,21.325,21.390,0.118,,0.874,0.183,0.106,0.000,TRUE,0.379,TRUE,3,16,Amp,,0.950,N,N,N,N,N,N
8,A8,FALSE,AiW002-2-D0,NESTIN,UNKNOWN,FAM,NFQ-MGB,,,,1.000,0.841,1.189,21.320,21.390,0.118,,0.874,0.183,0.106,0.000,TRUE,0.379,TRUE,3,15,Amp,,0.944,N,N,N,N,N,N
9,A9,FALSE,AiW002-2-D0,NESTIN,UNKNOWN,FAM,NFQ-MGB,,,,1.000,0.841,1.189,21.526,21.390,0.118,,0.874,0.183,0.106,0.000,TRUE,0.379,TRUE,3,16,Amp,,0.935,N,N,N,N,N,N
10,A10,FALSE,AiW002-2-D0,PAX6,UNKNOWN,FAM,NFQ-MGB,,,,1.000,0.784,1.275,26.258,26.013,0.215,,5.497,0.256,0.148,0.000,TRUE,0.178,TRUE,3,22,Amp,,0.889,N,N,N,N,N,N
11,A11,FALSE,AiW002-2-D0,PAX6,UNKNOWN,FAM,NFQ-MGB,,,,1.000,0.784,1.275,25.852,26.013,0.215,,5.497,0.256,0.148,0.000,TRUE,0.178,TRUE,3,21,Amp,,0.961,N,N,N,N,N,N
12,A12,FALSE,AiW002-2-D0,PAX6,UNKNOWN,FAM,NFQ-MGB,,,,1.000,0.784,1.275,25.930,26.013,0.215,,5.497,0.256,0.148,0.000,TRUE,0.178,TRUE,3,21,Amp,,0.928,N,N,N,N,N,N
13,A13,FALSE,AiW002-2-D0,SOX1,UNKNOWN,FAM,NFQ-MGB,,,,1.000,0.866,1.155,28.188,28.141,0.060,,7.625,0.152,0.088,0.000,TRUE,0.436,TRUE,3,20,Amp,,0.971,N,N,N,N,N,N
14,A14,FALSE,AiW002-2-D0,SOX1,UNKNOWN,FAM,NFQ-MGB,,,,1.000,0.866,1.155,28.074,28.141,0.060,,7.625,0.152,0.088,0.000,TRUE,0.436,TRUE,3,22,Amp,,0.971,N,N,N,N,N,N
15,A15,FALSE,AiW002-2-D0,SOX1,UNKNOWN,FAM,NFQ-MGB,,,,1.000,0.866,1.155,28.161,28.141,0.060,,7.625,0.152,0.088,0.000,TRUE,0.436,TRUE,3,22,Amp,,0.957,N,N,N,N,N,N
16,A16,FALSE,AiW002-2-D0,NEUN,UNKNOWN,FAM,NFQ-MGB,,,,1.000,0.856,1.168,28.712,28.674,0.087,,8.157,0.165,0.095,0.000,TRUE,0.306,TRUE,3,23,Amp,,0.931,N,N,N,N,N,N
17,A17,FALSE,AiW002-2-D0,NEUN,UNKNOWN,FAM,NFQ-MGB,,,,1.000,0.856,1.168,28.735,28.674,0.087,,8.157,0.165,0.095,0.000,TRUE,0.306,TRUE,3,23,Amp,,0.964,N,N,N,N,N,N
18,A18,FALSE,AiW002-2-D0,NEUN,UNKNOWN,FAM,NFQ-MGB,,,,1.000,0.856,1.168,28.574,28.674,0.087,,8.157,0.165,0.095,0.000,TRUE,0.306,TRUE,3,23,Amp,,0.942,N,N,N,N,N,N
19,A19,FALSE,AiW002-2-D0,ACTB,UNKNOWN,VIC,NFQ-MGB,,,,,,,18.937,19.014,0.073,,,,,,TRUE,0.156,TRUE,3,14,Amp,,0.917,N,N,N,N,N,N
20,A20,FALSE,AiW002-2-D0,ACTB,UNKNOWN,VIC,NFQ-MGB,,,,,,,19.081,19.014,0.073,,,,,,TRUE,0.156,TRUE,3,14,Amp,,0.910,N,N,N,N,N,N
21,A21,FALSE,AiW002-2-D0,ACTB,UNKNOWN,VIC,NFQ-MGB,,,,,,,19.022,19.014,0.073,,,,,,TRUE,0.156,TRUE,3,14,Amp,,0.917,N,N,N,N,N,N
22,A22,FALSE,AiW002-2-D0,GAPDH,UNKNOWN,VIC,NFQ-MGB,,,,,,,21.857,22.019,0.184,,,,,,TRUE,0.115,TRUE,3,16,Amp,,0.882,N,N,N,N,N,N
23,A23,FALSE,AiW002-2-D0,GAPDH,UNKNOWN,VIC,NFQ-MGB,,,,,,,21.982,22.019,0.184,,,,,,TRUE,0.115,TRUE,3,17,Amp,,0.901,N,N,N,N,N,N
24,A24,FALSE,AiW002-2-D0,GAPDH,UNKNOWN,VIC,NFQ-MGB,,,,,,,22.219,22.019,0.184,,,,,,TRUE,0.115,TRUE,3,17,Amp,,0.905,N,N,N,N,N,N
25,B1,FALSE,AiW002-2-D0,GRIN1,UNKNOWN,FAM,NFQ-MGB,,,,1.000,0.817,1.224,29.220,29.181,0.161,,8.665,0.213,0.123,0.000,TRUE,0.391,TRUE,3,24,Amp,,0.942,N,N,N,N,Y,N
26,B2,FALSE,AiW002-2-D0,GRIN1,UNKNOWN,FAM,NFQ-MGB,,,,1.000,0.817,1.224,29.005,29.181,0.161,,8.665,0.213,0.123,0.000,TRUE,0.391,TRUE,3,23,Amp,,0.933,N,N,N,N,Y,N
27,B3,FALSE,AiW002-2-D0,GRIN1,UNKNOWN,FAM,NFQ-MGB,,,,1.000,0.817,1.224,29.320,29.181,0.161,,8.665,0.213,0.123,0.000,TRUE,0.391,TRUE,3,24,Amp,,0.935,N,N,N,N,N,N
28,B4,FALSE,AiW002-2-D0,MAP2,UNKNOWN,FAM,NFQ-MGB,,,,1.000,0.874,1.144,23.028,22.998,0.026,,2.481,0.142,0.082,0.000,TRUE,0.408,TRUE,3,17,Amp,,0.972,N,N,N,N,N,N
29,B5,FALSE,AiW002-2-D0,MAP2,UNKNOWN,FAM,NFQ-MGB,,,,1.000,0.874,1.144,22.981,22.998,0.026,,2.481,0.142,0.082,0.000,TRUE,0.408,TRUE,3,16,Amp,,0.953,N,N,N,N,N,N
30,B6,FALSE,AiW002-2-D0,MAP2,UNKNOWN,FAM,NFQ-MGB,,,,1.000,0.874,1.144,22.984,22.998,0.026,,2.481,0.142,0.082,0.000,TRUE,0.408,TRUE,3,17,Amp,,0.973,N,N,N,N,N,N
31,B7,FALSE,AiW002-2-D0,TUBB3,UNKNOWN,FAM,NFQ-MGB,,,,1.000,0.519,1.929,21.158,20.395,0.680,,-0.121,0.694,0.401,0.000,TRUE,0.429,TRUE,3,16,Amp,,0.939,N,N,N,Y,N,N
32,B8,FALSE,AiW002-2-D0,TUBB3,UNKNOWN,FAM,NFQ-MGB,,,,1.000,0.519,1.929,19.853,20.395,0.680,,-0.121,0.694,0.401,0.000,TRUE,0.429,TRUE,3,14,Amp,,0.984,N,N,N,Y,Y,Y
33,B9,FALSE,AiW002-2-D0,TUBB3,UNKNOWN,FAM,NFQ-MGB,,,,1.000,0.519,1.929,20.174,20.395,0.680,,-0.121,0.694,0.401,0.000,TRUE,0.429,TRUE,3,13,Amp,,0.970,N,N,N,Y,N,Y
34,B10,FALSE,AiW002-2-D0,CAMK2A,UNKNOWN,FAM,NFQ-MGB,,,,1.000,0.866,1.154,26.822,26.859,0.059,,6.343,0.152,0.088,0.000,TRUE,0.399,TRUE,3,21,Amp,,0.960,N,N,N,N,N,N
35,B11,FALSE,AiW002-2-D0,CAMK2A,UNKNOWN,FAM,NFQ-MGB,,,,1.000,0.866,1.154,26.927,26.859,0.059,,6.343,0.152,0.088,0.000,TRUE,0.399,TRUE,3,20,Amp,,0.966,N,N,N,N,Y,N
36,B12,FALSE,AiW002-2-D0,CAMK2A,UNKNOWN,FAM,NFQ-MGB,,,,1.000,0.866,1.154,26.828,26.859,0.059,,6.343,0.152,0.088,0.000,TRUE,0.399,TRUE,3,20,Amp,,0.954,N,N,N,N,N,N
49,C1,FALSE,AiW002-2-D7,NEUROG1,UNKNOWN,FAM,NFQ-MGB,,,,0.591,0.524,0.666,27.971,27.982,0.014,,7.258,0.127,0.073,0.760,TRUE,0.335,TRUE,3,21,Amp,,0.943,N,N,N,N,N,N
50,C2,FALSE,AiW002-2-D7,NEUROG1,UNKNOWN,FAM,NFQ-MGB,,,,0.591,0.524,0.666,27.977,27.982,0.014,,7.258,0.127,0.073,0.760,TRUE,0.335,TRUE,3,22,Amp,,0.941,N,N,N,N,N,N
51,C3,FALSE,AiW002-2-D7,NEUROG1,UNKNOWN,FAM,NFQ-MGB,,,,0.591,0.524,0.666,27.998,27.982,0.014,,7.258,0.127,0.073,0.760,TRUE,0.335,TRUE,3,21,Amp,,0.942,N,N,N,N,N,N
52,C4,FALSE,AiW002-2-D7,NEUROG2,UNKNOWN,FAM,NFQ-MGB,,,,0.336,0.230,0.492,31.956,32.111,0.382,,11.387,0.402,0.232,1.572,TRUE,0.398,TRUE,3,27,Amp,,0.939,N,N,N,N,N,N
53,C5,FALSE,AiW002-2-D7,NEUROG2,UNKNOWN,FAM,NFQ-MGB,,,,0.336,0.230,0.492,31.831,32.111,0.382,,11.387,0.402,0.232,1.572,TRUE,0.398,TRUE,3,26,Amp,,0.940,N,N,N,N,N,N
54,C6,FALSE,AiW002-2-D7,NEUROG2,UNKNOWN,FAM,NFQ-MGB,,,,0.336,0.230,0.492,32.546,32.111,0.382,,11.387,0.402,0.232,1.572,TRUE,0.398,TRUE,3,27,Amp,,0.899,N,N,N,N,N,N
55,C7,FALSE,AiW002-2-D7,NESTIN,UNKNOWN,FAM,NFQ-MGB,,,,0.328,0.289,0.372,23.174,23.206,0.041,,2.482,0.132,0.076,1.609,TRUE,0.379,TRUE,3,18,Amp,,0.950,N,N,N,N,N,N
56,C8,FALSE,AiW002-2-D7,NESTIN,UNKNOWN,FAM,NFQ-MGB,,,,0.328,0.289,0.372,23.193,23.206,0.041,,2.482,0.132,0.076,1.609,TRUE,0.379,TRUE,3,17,Amp,,0.953,N,N,N,N,N,N
57,C9,FALSE,AiW002-2-D7,NESTIN,UNKNOWN,FAM,NFQ-MGB,,,,0.328,0.289,0.372,23.252,23.206,0.041,,2.482,0.132,0.076,1.609,TRUE,0.379,TRUE,3,17,Amp,,0.950,N,N,N,N,N,N
58,C10,FALSE,AiW002-2-D7,PAX6,UNKNOWN,FAM,NFQ-MGB,,,,0.328,0.285,0.377,27.839,27.830,0.077,,7.106,0.148,0.085,1.609,TRUE,0.178,TRUE,3,23,Amp,,0.933,N,N,N,N,N,N
59,C11,FALSE,AiW002-2-D7,PAX6,UNKNOWN,FAM,NFQ-MGB,,,,0.328,0.285,0.377,27.903,27.830,0.077,,7.106,0.148,0.085,1.609,TRUE,0.178,TRUE,3,22,Amp,,0.934,N,N,N,N,N,N
60,C12,FALSE,AiW002-2-D7,PAX6,UNKNOWN,FAM,NFQ-MGB,,,,0.328,0.285,0.377,27.748,27.830,0.077,,7.106,0.148,0.085,1.609,TRUE,0.178,TRUE,3,22,Amp,,0.947,N,N,N,N,N,N
61,C13,FALSE,AiW002-2-D7,SOX1,UNKNOWN,FAM,NFQ-MGB,,,,0.453,0.382,0.538,29.413,29.490,0.129,,8.766,0.180,0.104,1.141,TRUE,0.436,TRUE,3,24,Amp,,0.963,N,N,N,N,N,N
62,C14,FALSE,AiW002-2-D7,SOX1,UNKNOWN,FAM,NFQ-MGB,,,,0.453,0.382,0.538,29.418,29.490,0.129,,8.766,0.180,0.104,1.141,TRUE,0.436,TRUE,3,24,Amp,,0.990,N,N,N,N,N,N
63,C15,FALSE,AiW002-2-D7,SOX1,UNKNOWN,FAM,NFQ-MGB,,,,0.453,0.382,0.538,29.639,29.490,0.129,,8.766,0.180,0.104,1.141,TRUE,0.436,TRUE,3,24,Amp,,0.960,N,N,N,N,N,N
64,C16,FALSE,AiW002-2-D7,NEUN,UNKNOWN,FAM,NFQ-MGB,,,,0.722,0.555,0.939,29.096,29.351,0.248,,8.627,0.278,0.161,0.470,TRUE,0.306,TRUE,3,23,Amp,,0.948,N,N,N,N,N,N
65,C17,FALSE,AiW002-2-D7,NEUN,UNKNOWN,FAM,NFQ-MGB,,,,0.722,0.555,0.939,29.366,29.351,0.248,,8.627,0.278,0.161,0.470,TRUE,0.306,TRUE,3,24,Amp,,0.949,N,N,N,N,Y,N
66,C18,FALSE,AiW002-2-D7,NEUN,UNKNOWN,FAM,NFQ-MGB,,,,0.722,0.555,0.939,29.591,29.351,0.248,,8.627,0.278,0.161,0.470,TRUE,0.306,TRUE,3,24,Amp,,0.927,N,N,N,N,N,N
67,C19,FALSE,AiW002-2-D7,ACTB,UNKNOWN,VIC,NFQ-MGB,,,,,,,19.128,19.169,0.068,,,,,,TRUE,0.156,TRUE,3,14,Amp,,0.907,N,N,N,N,N,N
68,C20,FALSE,AiW002-2-D7,ACTB,UNKNOWN,VIC,NFQ-MGB,,,,,,,19.248,19.169,0.068,,,,,,TRUE,0.156,TRUE,3,14,Amp,,0.929,N,N,N,N,N,N
69,C21,FALSE,AiW002-2-D7,ACTB,UNKNOWN,VIC,NFQ-MGB,,,,,,,19.131,19.169,0.068,,,,,,TRUE,0.156,TRUE,3,14,Amp,,0.903,N,N,N,N,N,N
70,C22,FALSE,AiW002-2-D7,GAPDH,UNKNOWN,VIC,NFQ-MGB,,,,,,,22.352,22.279,0.165,,,,,,TRUE,0.115,TRUE,3,17,Amp,,0.889,N,N,N,N,N,N
71,C23,FALSE,AiW002-2-D7,GAPDH,UNKNOWN,VIC,NFQ-MGB,,,,,,,22.090,22.279,0.165,,,,,,TRUE,0.115,TRUE,3,17,Amp,,0.874,N,N,N,N,N,N
72,C24,FALSE,AiW002-2-D7,GAPDH,UNKNOWN,VIC,NFQ-MGB,,,,,,,22.394,22.279,0.165,,,,,,TRUE,0.115,TRUE,3,17,Amp,,0.899,N,N,N,N,Y,N
73,D1,FALSE,AiW002-2-D7,GRIN1,UNKNOWN,FAM,NFQ-MGB,,,,3.466,2.834,4.239,27.572,27.596,0.171,,6.872,0.213,0.123,-1.793,TRUE,0.391,TRUE,3,21,Amp,,0.962,N,N,N,N,Y,N
74,D2,FALSE,AiW002-2-D7,GRIN1,UNKNOWN,FAM,NFQ-MGB,,,,3.466,2.834,4.239,27.437,27.596,0.171,,6.872,0.213,0.123,-1.793,TRUE,0.391,TRUE,3,21,Amp,,0.970,N,N,N,N,N,N
75,D3,FALSE,AiW002-2-D7,GRIN1,UNKNOWN,FAM,NFQ-MGB,,,,3.466,2.834,4.239,27.777,27.596,0.171,,6.872,0.213,0.123,-1.793,TRUE,0.391,TRUE,3,21,Amp,,0.941,N,N,N,N,N,N
76,D4,FALSE,AiW002-2-D7,MAP2,UNKNOWN,FAM,NFQ-MGB,,,,1.235,1.072,1.424,22.839,22.900,0.081,,2.176,0.150,0.087,-0.305,TRUE,0.408,TRUE,3,17,Amp,,0.961,N,N,N,N,N,N
77,D5,FALSE,AiW002-2-D7,MAP2,UNKNOWN,FAM,NFQ-MGB,,,,1.235,1.072,1.424,22.869,22.900,0.081,,2.176,0.150,0.087,-0.305,TRUE,0.408,TRUE,3,17,Amp,,0.958,N,N,N,N,N,N
78,D6,FALSE,AiW002-2-D7,MAP2,UNKNOWN,FAM,NFQ-MGB,,,,1.235,1.072,1.424,22.992,22.900,0.081,,2.176,0.150,0.087,-0.305,TRUE,0.408,TRUE,3,17,Amp,,0.982,N,N,N,N,N,N
79,D7,FALSE,AiW002-2-D7,TUBB3,UNKNOWN,FAM,NFQ-MGB,,,,0.786,0.685,0.903,20.873,20.950,0.074,,0.226,0.146,0.084,0.347,TRUE,0.429,TRUE,3,14,Amp,,0.959,N,N,N,N,N,N
80,D8,FALSE,AiW002-2-D7,TUBB3,UNKNOWN,FAM,NFQ-MGB,,,,0.786,0.685,0.903,20.956,20.950,0.074,,0.226,0.146,0.084,0.347,TRUE,0.429,TRUE,3,15,Amp,,0.937,N,N,N,N,N,N
81,D9,FALSE,AiW002-2-D7,TUBB3,UNKNOWN,FAM,NFQ-MGB,,,,0.786,0.685,0.903,21.021,20.950,0.074,,0.226,0.146,0.084,0.347,TRUE,0.429,TRUE,3,15,Amp,,0.932,N,N,N,N,N,N
82,D10,FALSE,AiW002-2-D7,CAMK2A,UNKNOWN,FAM,NFQ-MGB,,,,1.484,1.303,1.691,26.489,26.497,0.056,,5.773,0.138,0.080,-0.570,TRUE,0.399,TRUE,3,20,Amp,,0.957,N,N,N,N,N,N
83,D11,FALSE,AiW002-2-D7,CAMK2A,UNKNOWN,FAM,NFQ-MGB,,,,1.484,1.303,1.691,26.446,26.497,0.056,,5.773,0.138,0.080,-0.570,TRUE,0.399,TRUE,3,21,Amp,,0.951,N,N,N,N,N,N
84,D12,FALSE,AiW002-2-D7,CAMK2A,UNKNOWN,FAM,NFQ-MGB,,,,1.484,1.303,1.691,26.556,26.497,0.056,,5.773,0.138,0.080,-0.570,TRUE,0.399,TRUE,3,20,Amp,,0.956,N,N,N,N,N,N
97,E1,FALSE,KYOU-D0,NEUROG1,UNKNOWN,FAM,NFQ-MGB,,,,0.898,0.736,1.096,26.774,26.750,0.114,,6.654,0.211,0.122,0.156,TRUE,0.335,TRUE,3,21,Amp,,0.962,N,N,N,N,N,N
98,E2,FALSE,KYOU-D0,NEUROG1,UNKNOWN,FAM,NFQ-MGB,,,,0.898,0.736,1.096,26.626,26.750,0.114,,6.654,0.211,0.122,0.156,TRUE,0.335,TRUE,3,21,Amp,,0.942,N,N,N,N,N,N
99,E3,FALSE,KYOU-D0,NEUROG1,UNKNOWN,FAM,NFQ-MGB,,,,0.898,0.736,1.096,26.849,26.750,0.114,,6.654,0.211,0.122,0.156,TRUE,0.335,TRUE,3,20,Amp,,0.946,N,N,N,N,N,N
100,E4,FALSE,KYOU-D0,NEUROG2,UNKNOWN,FAM,NFQ-MGB,,,,0.775,0.615,0.975,30.471,30.280,0.167,,10.183,0.243,0.141,0.368,TRUE,0.398,TRUE,3,25,Amp,,0.947,N,N,N,N,N,N
101,E5,FALSE,KYOU-D0,NEUROG2,UNKNOWN,FAM,NFQ-MGB,,,,0.775,0.615,0.975,30.163,30.280,0.167,,10.183,0.243,0.141,0.368,TRUE,0.398,TRUE,3,24,Amp,,0.942,N,N,N,N,N,N
102,E6,FALSE,KYOU-D0,NEUROG2,UNKNOWN,FAM,NFQ-MGB,,,,0.775,0.615,0.975,30.205,30.280,0.167,,10.183,0.243,0.141,0.368,TRUE,0.398,TRUE,3,24,Amp,,0.940,N,N,N,N,N,N
103,E7,FALSE,KYOU-D0,NESTIN,UNKNOWN,FAM,NFQ-MGB,,,,0.677,0.567,0.809,21.469,21.532,0.061,,1.436,0.187,0.108,0.562,TRUE,0.379,TRUE,3,16,Amp,,0.951,N,N,N,N,N,N
104,E8,FALSE,KYOU-D0,NESTIN,UNKNOWN,FAM,NFQ-MGB,,,,0.677,0.567,0.809,21.535,21.532,0.061,,1.436,0.187,0.108,0.562,TRUE,0.379,TRUE,3,16,Amp,,0.947,N,N,N,N,N,N
105,E9,FALSE,KYOU-D0,NESTIN,UNKNOWN,FAM,NFQ-MGB,,,,0.677,0.567,0.809,21.591,21.532,0.061,,1.436,0.187,0.108,0.562,TRUE,0.379,TRUE,3,16,Amp,,0.948,N,N,N,N,N,N
106,E10,FALSE,KYOU-D0,PAX6,UNKNOWN,FAM,NFQ-MGB,,,,5.384,4.482,6.467,23.171,23.165,0.078,,3.068,0.194,0.112,-2.429,TRUE,0.178,TRUE,3,19,Amp,,0.951,N,N,N,N,N,N
107,E11,FALSE,KYOU-D0,PAX6,UNKNOWN,FAM,NFQ-MGB,,,,5.384,4.482,6.467,23.083,23.165,0.078,,3.068,0.194,0.112,-2.429,TRUE,0.178,TRUE,3,18,Amp,,0.948,N,N,N,N,N,N
108,E12,FALSE,KYOU-D0,PAX6,UNKNOWN,FAM,NFQ-MGB,,,,5.384,4.482,6.467,23.240,23.165,0.078,,3.068,0.194,0.112,-2.429,TRUE,0.178,TRUE,3,19,Amp,,0.947,N,N,N,N,N,N
109,E13,FALSE,KYOU-D0,SOX1,UNKNOWN,FAM,NFQ-MGB,,,,0.139,0.113,0.171,30.432,30.570,0.130,,10.474,0.220,0.127,2.849,TRUE,0.436,TRUE,3,23,Amp,,0.959,N,N,N,N,N,N
110,E14,FALSE,KYOU-D0,SOX1,UNKNOWN,FAM,NFQ-MGB,,,,0.139,0.113,0.171,30.590,30.570,0.130,,10.474,0.220,0.127,2.849,TRUE,0.436,TRUE,3,24,Amp,,0.967,N,N,N,N,N,N
111,E15,FALSE,KYOU-D0,SOX1,UNKNOWN,FAM,NFQ-MGB,,,,0.139,0.113,0.171,30.689,30.570,0.130,,10.474,0.220,0.127,2.849,TRUE,0.436,TRUE,3,24,Amp,,0.962,N,N,N,N,N,N
112,E16,FALSE,KYOU-D0,NEUN,UNKNOWN,FAM,NFQ-MGB,,,,0.044,0.037,0.052,32.762,32.754,0.040,,12.658,0.182,0.105,4.501,TRUE,0.306,TRUE,3,26,Amp,,0.909,N,N,N,N,N,N
113,E17,FALSE,KYOU-D0,NEUN,UNKNOWN,FAM,NFQ-MGB,,,,0.044,0.037,0.052,32.711,32.754,0.040,,12.658,0.182,0.105,4.501,TRUE,0.306,TRUE,3,27,Amp,,0.914,N,N,N,N,N,N
114,E18,FALSE,KYOU-D0,NEUN,UNKNOWN,FAM,NFQ-MGB,,,,0.044,0.037,0.052,32.789,32.754,0.040,,12.658,0.182,0.105,4.501,TRUE,0.306,TRUE,3,27,Amp,,0.915,N,N,N,N,N,N
115,E19,FALSE,KYOU-D0,ACTB,UNKNOWN,VIC,NFQ-MGB,,,,,,,19.074,19.011,0.242,,,,,,TRUE,0.156,TRUE,3,14,Amp,,0.911,N,N,N,N,N,N
116,E20,FALSE,KYOU-D0,ACTB,UNKNOWN,VIC,NFQ-MGB,,,,,,,18.743,19.011,0.242,,,,,,TRUE,0.156,TRUE,3,13,Amp,,0.887,N,N,N,N,Y,Y
117,E21,FALSE,KYOU-D0,ACTB,UNKNOWN,VIC,NFQ-MGB,,,,,,,19.215,19.011,0.242,,,,,,TRUE,0.156,TRUE,3,14,Amp,,0.913,N,N,N,N,N,N
118,E22,FALSE,KYOU-D0,GAPDH,UNKNOWN,VIC,NFQ-MGB,,,,,,,21.227,21.182,0.064,,,,,,TRUE,0.115,TRUE,3,16,Amp,,0.854,N,N,N,N,N,N
119,E23,FALSE,KYOU-D0,GAPDH,UNKNOWN,VIC,NFQ-MGB,,,,,,,21.108,21.182,0.064,,,,,,TRUE,0.115,TRUE,3,16,Amp,,0.852,N,N,N,N,N,N
120,E24,FALSE,KYOU-D0,GAPDH,UNKNOWN,VIC,NFQ-MGB,,,,,,,21.210,21.182,0.064,,,,,,TRUE,0.115,TRUE,3,17,Amp,,0.841,N,N,N,N,Y,N
121,F1,FALSE,KYOU-D0,GRIN1,UNKNOWN,FAM,NFQ-MGB,,,,0.017,0.011,0.026,34.652,34.653,0.431,,14.557,0.466,0.269,5.892,TRUE,0.391,TRUE,3,30,Amp,,0.892,N,N,N,N,N,N
122,F2,FALSE,KYOU-D0,GRIN1,UNKNOWN,FAM,NFQ-MGB,,,,0.017,0.011,0.026,34.222,34.653,0.431,,14.557,0.466,0.269,5.892,TRUE,0.391,TRUE,3,29,Amp,,0.919,N,N,N,N,N,N
123,F3,FALSE,KYOU-D0,GRIN1,UNKNOWN,FAM,NFQ-MGB,,,,0.017,0.011,0.026,35.084,34.653,0.431,,14.557,0.466,0.269,5.892,TRUE,0.391,TRUE,3,29,Amp,,0.899,N,N,N,N,N,N
124,F4,FALSE,KYOU-D0,MAP2,UNKNOWN,FAM,NFQ-MGB,,,,0.290,0.240,0.350,24.341,24.365,0.092,,4.269,0.200,0.115,1.788,TRUE,0.408,TRUE,3,18,Amp,,0.968,N,N,N,N,N,N
125,F5,FALSE,KYOU-D0,MAP2,UNKNOWN,FAM,NFQ-MGB,,,,0.290,0.240,0.350,24.288,24.365,0.092,,4.269,0.200,0.115,1.788,TRUE,0.408,TRUE,3,18,Amp,,0.966,N,N,N,N,N,N
126,F6,FALSE,KYOU-D0,MAP2,UNKNOWN,FAM,NFQ-MGB,,,,0.290,0.240,0.350,24.467,24.365,0.092,,4.269,0.200,0.115,1.788,TRUE,0.408,TRUE,3,19,Amp,,0.968,N,N,N,N,N,N
127,F7,FALSE,KYOU-D0,TUBB3,UNKNOWN,FAM,NFQ-MGB,,,,0.090,0.076,0.108,23.432,23.445,0.062,,3.348,0.188,0.108,3.470,TRUE,0.429,TRUE,3,18,Amp,,0.941,N,N,N,N,N,N
128,F8,FALSE,KYOU-D0,TUBB3,UNKNOWN,FAM,NFQ-MGB,,,,0.090,0.076,0.108,23.390,23.445,0.062,,3.348,0.188,0.108,3.470,TRUE,0.429,TRUE,3,17,Amp,,0.939,N,N,N,N,N,N
129,F9,FALSE,KYOU-D0,TUBB3,UNKNOWN,FAM,NFQ-MGB,,,,0.090,0.076,0.108,23.512,23.445,0.062,,3.348,0.188,0.108,3.470,TRUE,0.429,TRUE,3,17,Amp,,0.945,N,N,N,N,N,N
130,F10,FALSE,KYOU-D0,CAMK2A,UNKNOWN,FAM,NFQ-MGB,,,,0.086,0.068,0.109,29.887,29.974,0.168,,9.877,0.244,0.141,3.535,TRUE,0.399,TRUE,3,23,Amp,,0.953,N,N,N,N,N,N
131,F11,FALSE,KYOU-D0,CAMK2A,UNKNOWN,FAM,NFQ-MGB,,,,0.086,0.068,0.109,29.866,29.974,0.168,,9.877,0.244,0.141,3.535,TRUE,0.399,TRUE,3,23,Amp,,0.953,N,N,N,N,N,N
132,F12,FALSE,KYOU-D0,CAMK2A,UNKNOWN,FAM,NFQ-MGB,,,,0.086,0.068,0.109,30.167,29.974,0.168,,9.877,0.244,0.141,3.535,TRUE,0.399,TRUE,3,24,Amp,,0.950,N,N,N,N,N,N
145,G1,FALSE,KYOU-D7,NEUROG1,UNKNOWN,FAM,NFQ-MGB,,,,0.600,0.490,0.736,27.218,27.272,0.051,,7.234,0.216,0.124,0.736,TRUE,0.335,TRUE,3,21,Amp,,0.944,N,N,N,N,N,N
146,G2,FALSE,KYOU-D7,NEUROG1,UNKNOWN,FAM,NFQ-MGB,,,,0.600,0.490,0.736,27.278,27.272,0.051,,7.234,0.216,0.124,0.736,TRUE,0.335,TRUE,3,22,Amp,,0.943,N,N,N,N,N,N
147,G3,FALSE,KYOU-D7,NEUROG1,UNKNOWN,FAM,NFQ-MGB,,,,0.600,0.490,0.736,27.319,27.272,0.051,,7.234,0.216,0.124,0.736,TRUE,0.335,TRUE,3,21,Amp,,0.942,N,N,N,N,N,N
148,G4,FALSE,KYOU-D7,NEUROG2,UNKNOWN,FAM,NFQ-MGB,,,,1.089,0.891,1.332,29.768,29.730,0.037,,9.692,0.213,0.123,-0.123,TRUE,0.398,TRUE,3,24,Amp,,0.935,N,N,N,N,N,N
149,G5,FALSE,KYOU-D7,NEUROG2,UNKNOWN,FAM,NFQ-MGB,,,,1.089,0.891,1.332,29.727,29.730,0.037,,9.692,0.213,0.123,-0.123,TRUE,0.398,TRUE,3,25,Amp,,0.956,N,N,N,N,N,N
150,G6,FALSE,KYOU-D7,NEUROG2,UNKNOWN,FAM,NFQ-MGB,,,,1.089,0.891,1.332,29.695,29.730,0.037,,9.692,0.213,0.123,-0.123,TRUE,0.398,TRUE,3,24,Amp,,0.946,N,N,N,N,N,N
151,G7,FALSE,KYOU-D7,NESTIN,UNKNOWN,FAM,NFQ-MGB,,,,0.448,0.362,0.555,21.992,22.069,0.082,,2.031,0.225,0.130,1.158,TRUE,0.379,TRUE,3,14,Amp,,0.957,N,N,N,N,N,N
152,G8,FALSE,KYOU-D7,NESTIN,UNKNOWN,FAM,NFQ-MGB,,,,0.448,0.362,0.555,22.156,22.069,0.082,,2.031,0.225,0.130,1.158,TRUE,0.379,TRUE,3,16,Amp,,0.954,N,N,N,N,N,N
153,G9,FALSE,KYOU-D7,NESTIN,UNKNOWN,FAM,NFQ-MGB,,,,0.448,0.362,0.555,22.060,22.069,0.082,,2.031,0.225,0.130,1.158,TRUE,0.379,TRUE,3,16,Amp,,0.947,N,N,N,N,N,N
154,G10,FALSE,KYOU-D7,PAX6,UNKNOWN,FAM,NFQ-MGB,,,,0.946,0.771,1.160,25.568,25.615,0.051,,5.577,0.216,0.124,0.080,TRUE,0.178,TRUE,3,20,Amp,,0.952,N,N,N,N,N,N
155,G11,FALSE,KYOU-D7,PAX6,UNKNOWN,FAM,NFQ-MGB,,,,0.946,0.771,1.160,25.608,25.615,0.051,,5.577,0.216,0.124,0.080,TRUE,0.178,TRUE,3,21,Amp,,0.948,N,N,N,N,N,N
156,G12,FALSE,KYOU-D7,PAX6,UNKNOWN,FAM,NFQ-MGB,,,,0.946,0.771,1.160,25.668,25.615,0.051,,5.577,0.216,0.124,0.080,TRUE,0.178,TRUE,3,21,Amp,,0.944,N,N,N,N,N,N
157,G13,FALSE,KYOU-D7,SOX1,UNKNOWN,FAM,NFQ-MGB,,,,0.110,0.089,0.136,30.783,30.846,0.065,,10.808,0.220,0.127,3.183,TRUE,0.436,TRUE,3,23,Amp,,0.959,N,N,N,N,N,N
158,G14,FALSE,KYOU-D7,SOX1,UNKNOWN,FAM,NFQ-MGB,,,,0.110,0.089,0.136,30.913,30.846,0.065,,10.808,0.220,0.127,3.183,TRUE,0.436,TRUE,3,24,Amp,,0.957,N,N,N,N,N,N
159,G15,FALSE,KYOU-D7,SOX1,UNKNOWN,FAM,NFQ-MGB,,,,0.110,0.089,0.136,30.841,30.846,0.065,,10.808,0.220,0.127,3.183,TRUE,0.436,TRUE,3,24,Amp,,0.958,N,N,N,N,N,N
160,G16,FALSE,KYOU-D7,NEUN,UNKNOWN,FAM,NFQ-MGB,,,,1.513,1.212,1.890,27.476,27.597,0.106,,7.559,0.235,0.136,-0.598,TRUE,0.306,TRUE,3,21,Amp,,0.942,N,N,N,N,N,N
161,G17,FALSE,KYOU-D7,NEUN,UNKNOWN,FAM,NFQ-MGB,,,,1.513,1.212,1.890,27.676,27.597,0.106,,7.559,0.235,0.136,-0.598,TRUE,0.306,TRUE,3,21,Amp,,0.949,N,N,N,N,N,N
162,G18,FALSE,KYOU-D7,NEUN,UNKNOWN,FAM,NFQ-MGB,,,,1.513,1.212,1.890,27.640,27.597,0.106,,7.559,0.235,0.136,-0.598,TRUE,0.306,TRUE,3,21,Amp,,0.958,N,N,N,N,N,N
163,G19,FALSE,KYOU-D7,ACTB,UNKNOWN,VIC,NFQ-MGB,,,,,,,18.766,18.757,0.241,,,,,,TRUE,0.156,TRUE,3,14,Amp,,0.883,N,N,N,N,N,N
164,G20,FALSE,KYOU-D7,ACTB,UNKNOWN,VIC,NFQ-MGB,,,,,,,18.994,18.757,0.241,,,,,,TRUE,0.156,TRUE,3,14,Amp,,0.880,N,N,N,N,N,N
165,G21,FALSE,KYOU-D7,ACTB,UNKNOWN,VIC,NFQ-MGB,,,,,,,18.513,18.757,0.241,,,,,,TRUE,0.156,TRUE,3,14,Amp,,0.895,N,N,N,N,Y,Y
166,G22,FALSE,KYOU-D7,GAPDH,UNKNOWN,VIC,NFQ-MGB,,,,,,,21.388,21.318,0.173,,,,,,TRUE,0.115,TRUE,3,17,Amp,,0.881,N,N,N,N,N,N
167,G23,FALSE,KYOU-D7,GAPDH,UNKNOWN,VIC,NFQ-MGB,,,,,,,21.121,21.318,0.173,,,,,,TRUE,0.115,TRUE,3,16,Amp,,0.854,N,N,N,N,N,N
168,G24,FALSE,KYOU-D7,GAPDH,UNKNOWN,VIC,NFQ-MGB,,,,,,,21.445,21.318,0.173,,,,,,TRUE,0.115,TRUE,3,17,Amp,,0.867,N,N,N,N,N,N
169,H1,FALSE,KYOU-D7,GRIN1,UNKNOWN,FAM,NFQ-MGB,,,,1.452,1.175,1.794,28.090,28.165,0.077,,8.127,0.223,0.129,-0.538,TRUE,0.391,TRUE,3,23,Amp,,0.940,N,N,N,N,N,N
170,H2,FALSE,KYOU-D7,GRIN1,UNKNOWN,FAM,NFQ-MGB,,,,1.452,1.175,1.794,28.245,28.165,0.077,,8.127,0.223,0.129,-0.538,TRUE,0.391,TRUE,3,22,Amp,,0.951,N,N,N,N,N,N
171,H3,FALSE,KYOU-D7,GRIN1,UNKNOWN,FAM,NFQ-MGB,,,,1.452,1.175,1.794,28.159,28.165,0.077,,8.127,0.223,0.129,-0.538,TRUE,0.391,TRUE,3,23,Amp,,0.960,N,N,N,N,N,N
172,H4,FALSE,KYOU-D7,MAP2,UNKNOWN,FAM,NFQ-MGB,,,,1.473,1.141,1.900,21.827,21.960,0.169,,1.923,0.269,0.156,-0.559,TRUE,0.408,TRUE,3,14,Amp,,0.954,N,N,N,N,N,N
173,H5,FALSE,KYOU-D7,MAP2,UNKNOWN,FAM,NFQ-MGB,,,,1.473,1.141,1.900,22.151,21.960,0.169,,1.923,0.269,0.156,-0.559,TRUE,0.408,TRUE,3,16,Amp,,0.972,N,N,N,N,N,N
174,H6,FALSE,KYOU-D7,MAP2,UNKNOWN,FAM,NFQ-MGB,,,,1.473,1.141,1.900,21.904,21.960,0.169,,1.923,0.269,0.156,-0.559,TRUE,0.408,TRUE,3,16,Amp,,0.971,N,N,N,N,N,N
175,H7,FALSE,KYOU-D7,TUBB3,UNKNOWN,FAM,NFQ-MGB,,,,0.935,0.750,1.164,19.904,20.014,0.099,,-0.024,0.232,0.134,0.098,TRUE,0.429,TRUE,3,14,Amp,,0.943,N,N,N,N,N,N
176,H8,FALSE,KYOU-D7,TUBB3,UNKNOWN,FAM,NFQ-MGB,,,,0.935,0.750,1.164,20.043,20.014,0.099,,-0.024,0.232,0.134,0.098,TRUE,0.429,TRUE,3,14,Amp,,0.944,N,N,N,N,N,N
177,H9,FALSE,KYOU-D7,TUBB3,UNKNOWN,FAM,NFQ-MGB,,,,0.935,0.750,1.164,20.095,20.014,0.099,,-0.024,0.232,0.134,0.098,TRUE,0.429,TRUE,3,15,Amp,,0.932,N,N,N,N,N,N
178,H10,FALSE,KYOU-D7,CAMK2A,UNKNOWN,FAM,NFQ-MGB,,,,0.995,0.801,1.235,26.319,26.388,0.091,,6.351,0.229,0.132,0.008,TRUE,0.399,TRUE,3,21,Amp,,0.952,N,N,N,N,N,N
179,H11,FALSE,KYOU-D7,CAMK2A,UNKNOWN,FAM,NFQ-MGB,,,,0.995,0.801,1.235,26.354,26.388,0.091,,6.351,0.229,0.132,0.008,TRUE,0.399,TRUE,3,20,Amp,,0.959,N,N,N,N,N,N
180,H12,FALSE,KYOU-D7,CAMK2A,UNKNOWN,FAM,NFQ-MGB,,,,0.995,0.801,1.235,26.491,26.388,0.091,,6.351,0.229,0.132,0.008,TRUE,0.399,TRUE,3,20,Amp,,0.965,N,N,N,N,N,N
193,I1,FALSE,FX8-1-D0,NEUROG1,UNKNOWN,FAM,NFQ-MGB,,,,0.189,0.150,0.237,28.532,28.572,0.065,,8.903,0.242,0.140,2.405,TRUE,0.335,TRUE,3,23,Amp,,0.939,N,N,N,N,N,N
194,I2,FALSE,FX8-1-D0,NEUROG1,UNKNOWN,FAM,NFQ-MGB,,,,0.189,0.150,0.237,28.538,28.572,0.065,,8.903,0.242,0.140,2.405,TRUE,0.335,TRUE,3,23,Amp,,0.951,N,N,N,N,N,N
195,I3,FALSE,FX8-1-D0,NEUROG1,UNKNOWN,FAM,NFQ-MGB,,,,0.189,0.150,0.237,28.647,28.572,0.065,,8.903,0.242,0.140,2.405,TRUE,0.335,TRUE,3,23,Amp,,0.923,N,N,N,N,N,N
196,I4,FALSE,FX8-1-D0,NEUROG2,UNKNOWN,FAM,NFQ-MGB,,,,0.675,0.533,0.854,30.067,30.052,0.087,,10.383,0.249,0.144,0.568,TRUE,0.398,TRUE,3,23,Amp,,0.945,N,N,N,N,N,N
197,I5,FALSE,FX8-1-D0,NEUROG2,UNKNOWN,FAM,NFQ-MGB,,,,0.675,0.533,0.854,29.959,30.052,0.087,,10.383,0.249,0.144,0.568,TRUE,0.398,TRUE,3,24,Amp,,0.944,N,N,N,N,N,N
198,I6,FALSE,FX8-1-D0,NEUROG2,UNKNOWN,FAM,NFQ-MGB,,,,0.675,0.533,0.854,30.132,30.052,0.087,,10.383,0.249,0.144,0.568,TRUE,0.398,TRUE,3,24,Amp,,0.951,N,N,N,N,N,N
199,I7,FALSE,FX8-1-D0,NESTIN,UNKNOWN,FAM,NFQ-MGB,,,,1.120,0.889,1.411,20.299,20.380,0.071,,0.711,0.244,0.141,-0.163,TRUE,0.379,TRUE,3,15,Amp,,0.952,N,N,N,N,N,N
200,I8,FALSE,FX8-1-D0,NESTIN,UNKNOWN,FAM,NFQ-MGB,,,,1.120,0.889,1.411,20.412,20.380,0.071,,0.711,0.244,0.141,-0.163,TRUE,0.379,TRUE,3,14,Amp,,0.952,N,N,N,N,N,N
201,I9,FALSE,FX8-1-D0,NESTIN,UNKNOWN,FAM,NFQ-MGB,,,,1.120,0.889,1.411,20.429,20.380,0.071,,0.711,0.244,0.141,-0.163,TRUE,0.379,TRUE,3,14,Amp,,0.945,N,N,N,N,N,N
202,I10,FALSE,FX8-1-D0,PAX6,UNKNOWN,FAM,NFQ-MGB,,,,4.194,3.346,5.256,23.046,23.098,0.049,,3.429,0.239,0.138,-2.068,TRUE,0.178,TRUE,3,17,Amp,,0.951,N,N,N,N,N,N
203,I11,FALSE,FX8-1-D0,PAX6,UNKNOWN,FAM,NFQ-MGB,,,,4.194,3.346,5.256,23.144,23.098,0.049,,3.429,0.239,0.138,-2.068,TRUE,0.178,TRUE,3,19,Amp,,0.950,N,N,N,N,N,N
204,I12,FALSE,FX8-1-D0,PAX6,UNKNOWN,FAM,NFQ-MGB,,,,4.194,3.346,5.256,23.105,23.098,0.049,,3.429,0.239,0.138,-2.068,TRUE,0.178,TRUE,3,18,Amp,,0.959,N,N,N,N,N,N
205,I13,FALSE,FX8-1-D0,SOX1,UNKNOWN,FAM,NFQ-MGB,,,,0.612,0.489,0.765,27.971,28.003,0.037,,8.334,0.236,0.136,0.709,TRUE,0.436,TRUE,3,22,Amp,,0.963,N,N,N,N,N,N
206,I14,FALSE,FX8-1-D0,SOX1,UNKNOWN,FAM,NFQ-MGB,,,,0.612,0.489,0.765,27.995,28.003,0.037,,8.334,0.236,0.136,0.709,TRUE,0.436,TRUE,3,22,Amp,,0.961,N,N,N,N,N,N
207,I15,FALSE,FX8-1-D0,SOX1,UNKNOWN,FAM,NFQ-MGB,,,,0.612,0.489,0.765,28.043,28.003,0.037,,8.334,0.236,0.136,0.709,TRUE,0.436,TRUE,3,22,Amp,,0.963,N,N,N,N,N,N
208,I16,FALSE,FX8-1-D0,NEUN,UNKNOWN,FAM,NFQ-MGB,,,,0.029,0.020,0.041,33.075,32.955,0.309,,13.286,0.387,0.224,5.129,TRUE,0.306,TRUE,3,27,Amp,,0.895,N,N,N,N,N,N
209,I17,FALSE,FX8-1-D0,NEUN,UNKNOWN,FAM,NFQ-MGB,,,,0.029,0.020,0.041,32.604,32.955,0.309,,13.286,0.387,0.224,5.129,TRUE,0.306,TRUE,3,26,Amp,,0.924,N,N,N,N,N,N
210,I18,FALSE,FX8-1-D0,NEUN,UNKNOWN,FAM,NFQ-MGB,,,,0.029,0.020,0.041,33.186,32.955,0.309,,13.286,0.387,0.224,5.129,TRUE,0.306,TRUE,3,27,Amp,,0.916,N,N,N,N,N,N
211,I19,FALSE,FX8-1-D0,ACTB,UNKNOWN,VIC,NFQ-MGB,,,,,,,18.256,18.392,0.278,,,,,,TRUE,0.156,TRUE,3,13,Amp,,0.878,N,N,N,N,N,N
212,I20,FALSE,FX8-1-D0,ACTB,UNKNOWN,VIC,NFQ-MGB,,,,,,,18.207,18.392,0.278,,,,,,TRUE,0.156,TRUE,3,13,Amp,,0.919,N,N,N,N,Y,Y
213,I21,FALSE,FX8-1-D0,ACTB,UNKNOWN,VIC,NFQ-MGB,,,,,,,18.711,18.392,0.278,,,,,,TRUE,0.156,TRUE,3,14,Amp,,0.859,N,N,N,N,N,N
214,I22,FALSE,FX8-1-D0,GAPDH,UNKNOWN,VIC,NFQ-MGB,,,,,,,20.993,20.947,0.178,,,,,,TRUE,0.115,TRUE,3,16,Amp,,0.863,N,N,N,N,N,N
215,I23,FALSE,FX8-1-D0,GAPDH,UNKNOWN,VIC,NFQ-MGB,,,,,,,20.751,20.947,0.178,,,,,,TRUE,0.115,TRUE,3,15,Amp,,0.826,N,N,N,N,N,N
216,I24,FALSE,FX8-1-D0,GAPDH,UNKNOWN,VIC,NFQ-MGB,,,,,,,21.097,20.947,0.178,,,,,,TRUE,0.115,TRUE,3,16,Amp,,0.832,N,N,N,N,Y,N
217,J1,FALSE,FX8-1-D0,GRIN1,UNKNOWN,FAM,NFQ-MGB,,,,0.030,0.024,0.038,33.371,33.379,0.024,,13.710,0.235,0.135,5.045,TRUE,0.391,TRUE,3,27,Amp,,0.914,N,N,N,N,N,N
218,J2,FALSE,FX8-1-D0,GRIN1,UNKNOWN,FAM,NFQ-MGB,,,,0.030,0.024,0.038,33.406,33.379,0.024,,13.710,0.235,0.135,5.045,TRUE,0.391,TRUE,3,28,Amp,,0.948,N,N,N,N,N,N
219,J3,FALSE,FX8-1-D0,GRIN1,UNKNOWN,FAM,NFQ-MGB,,,,0.030,0.024,0.038,33.360,33.379,0.024,,13.710,0.235,0.135,5.045,TRUE,0.391,TRUE,3,27,Amp,,0.934,N,N,N,N,N,N
220,J4,FALSE,FX8-1-D0,MAP2,UNKNOWN,FAM,NFQ-MGB,,,,0.415,0.329,0.524,23.330,23.418,0.077,,3.749,0.246,0.142,1.268,TRUE,0.408,TRUE,3,17,Amp,,0.971,N,N,N,N,N,N
221,J5,FALSE,FX8-1-D0,MAP2,UNKNOWN,FAM,NFQ-MGB,,,,0.415,0.329,0.524,23.453,23.418,0.077,,3.749,0.246,0.142,1.268,TRUE,0.408,TRUE,3,17,Amp,,0.954,N,N,N,N,N,N
222,J6,FALSE,FX8-1-D0,MAP2,UNKNOWN,FAM,NFQ-MGB,,,,0.415,0.329,0.524,23.471,23.418,0.077,,3.749,0.246,0.142,1.268,TRUE,0.408,TRUE,3,18,Amp,,0.970,N,N,N,N,N,N
223,J7,FALSE,FX8-1-D0,TUBB3,UNKNOWN,FAM,NFQ-MGB,,,,0.126,0.101,0.157,22.500,22.537,0.033,,2.867,0.236,0.136,2.989,TRUE,0.429,TRUE,3,17,Amp,,0.942,N,N,N,N,N,N
224,J8,FALSE,FX8-1-D0,TUBB3,UNKNOWN,FAM,NFQ-MGB,,,,0.126,0.101,0.157,22.545,22.537,0.033,,2.867,0.236,0.136,2.989,TRUE,0.429,TRUE,3,17,Amp,,0.942,N,N,N,N,N,N
225,J9,FALSE,FX8-1-D0,TUBB3,UNKNOWN,FAM,NFQ-MGB,,,,0.126,0.101,0.157,22.565,22.537,0.033,,2.867,0.236,0.136,2.989,TRUE,0.429,TRUE,3,17,Amp,,0.941,N,N,N,N,N,N
226,J10,FALSE,FX8-1-D0,CAMK2A,UNKNOWN,FAM,NFQ-MGB,,,,0.026,0.021,0.033,31.217,31.254,0.043,,11.584,0.237,0.137,5.242,TRUE,0.399,TRUE,3,25,Amp,,0.948,N,N,N,N,N,N
227,J11,FALSE,FX8-1-D0,CAMK2A,UNKNOWN,FAM,NFQ-MGB,,,,0.026,0.021,0.033,31.301,31.254,0.043,,11.584,0.237,0.137,5.242,TRUE,0.399,TRUE,3,26,Amp,,0.948,N,N,N,N,N,N
228,J12,FALSE,FX8-1-D0,CAMK2A,UNKNOWN,FAM,NFQ-MGB,,,,0.026,0.021,0.033,31.243,31.254,0.043,,11.584,0.237,0.137,5.242,TRUE,0.399,TRUE,3,25,Amp,,0.949,N,N,N,N,N,N
241,K1,FALSE,FX8-1-D7,NEUROG1,UNKNOWN,FAM,NFQ-MGB,,,,0.251,0.190,0.331,28.475,28.672,0.223,,8.492,0.292,0.168,1.994,TRUE,0.335,TRUE,3,22,Amp,,0.941,N,N,N,N,N,N
242,K2,FALSE,FX8-1-D7,NEUROG1,UNKNOWN,FAM,NFQ-MGB,,,,0.251,0.190,0.331,28.914,28.672,0.223,,8.492,0.292,0.168,1.994,TRUE,0.335,TRUE,3,23,Amp,,0.910,N,N,N,N,N,N
243,K3,FALSE,FX8-1-D7,NEUROG1,UNKNOWN,FAM,NFQ-MGB,,,,0.251,0.190,0.331,28.626,28.672,0.223,,8.492,0.292,0.168,1.994,TRUE,0.335,TRUE,3,23,Amp,,0.939,N,N,N,N,N,N
244,K4,FALSE,FX8-1-D7,NEUROG2,UNKNOWN,FAM,NFQ-MGB,,,,0.603,0.491,0.740,30.692,30.724,0.108,,10.545,0.217,0.125,0.729,TRUE,0.398,TRUE,3,26,Amp,,0.934,N,N,N,N,N,N
245,K5,FALSE,FX8-1-D7,NEUROG2,UNKNOWN,FAM,NFQ-MGB,,,,0.603,0.491,0.740,30.637,30.724,0.108,,10.545,0.217,0.125,0.729,TRUE,0.398,TRUE,3,25,Amp,,0.932,N,N,N,N,N,N
246,K6,FALSE,FX8-1-D7,NEUROG2,UNKNOWN,FAM,NFQ-MGB,,,,0.603,0.491,0.740,30.844,30.724,0.108,,10.545,0.217,0.125,0.729,TRUE,0.398,TRUE,3,25,Amp,,0.952,N,N,N,N,N,N
247,K7,FALSE,FX8-1-D7,NESTIN,UNKNOWN,FAM,NFQ-MGB,,,,0.317,0.264,0.381,22.658,22.712,0.047,,2.532,0.194,0.112,1.659,TRUE,0.379,TRUE,3,17,Amp,,0.954,N,N,N,N,N,N
248,K8,FALSE,FX8-1-D7,NESTIN,UNKNOWN,FAM,NFQ-MGB,,,,0.317,0.264,0.381,22.743,22.712,0.047,,2.532,0.194,0.112,1.659,TRUE,0.379,TRUE,3,17,Amp,,0.956,N,N,N,N,N,N
249,K9,FALSE,FX8-1-D7,NESTIN,UNKNOWN,FAM,NFQ-MGB,,,,0.317,0.264,0.381,22.735,22.712,0.047,,2.532,0.194,0.112,1.659,TRUE,0.379,TRUE,3,18,Amp,,0.948,N,N,N,N,N,N
250,K10,FALSE,FX8-1-D7,PAX6,UNKNOWN,FAM,NFQ-MGB,,,,0.950,0.781,1.155,25.695,25.750,0.085,,5.571,0.207,0.119,0.074,TRUE,0.178,TRUE,3,19,Amp,,0.946,N,N,N,N,N,N
251,K11,FALSE,FX8-1-D7,PAX6,UNKNOWN,FAM,NFQ-MGB,,,,0.950,0.781,1.155,25.708,25.750,0.085,,5.571,0.207,0.119,0.074,TRUE,0.178,TRUE,3,21,Amp,,0.935,N,N,N,N,N,N
252,K12,FALSE,FX8-1-D7,PAX6,UNKNOWN,FAM,NFQ-MGB,,,,0.950,0.781,1.155,25.849,25.750,0.085,,5.571,0.207,0.119,0.074,TRUE,0.178,TRUE,3,21,Amp,,0.941,N,N,N,N,N,N
253,K13,FALSE,FX8-1-D7,SOX1,UNKNOWN,FAM,NFQ-MGB,,,,0.155,0.129,0.187,30.443,30.489,0.056,,10.310,0.196,0.113,2.685,TRUE,0.436,TRUE,3,23,Amp,,0.957,N,N,N,N,N,N
254,K14,FALSE,FX8-1-D7,SOX1,UNKNOWN,FAM,NFQ-MGB,,,,0.155,0.129,0.187,30.474,30.489,0.056,,10.310,0.196,0.113,2.685,TRUE,0.436,TRUE,3,24,Amp,,0.962,N,N,N,N,N,N
255,K15,FALSE,FX8-1-D7,SOX1,UNKNOWN,FAM,NFQ-MGB,,,,0.155,0.129,0.187,30.551,30.489,0.056,,10.310,0.196,0.113,2.685,TRUE,0.436,TRUE,3,23,Amp,,0.968,N,N,N,N,N,N
256,K16,FALSE,FX8-1-D7,NEUN,UNKNOWN,FAM,NFQ-MGB,,,,2.497,2.087,2.987,27.020,27.017,0.024,,6.837,0.190,0.109,-1.320,TRUE,0.306,TRUE,3,21,Amp,,0.955,N,N,N,N,N,N
257,K17,FALSE,FX8-1-D7,NEUN,UNKNOWN,FAM,NFQ-MGB,,,,2.497,2.087,2.987,27.039,27.017,0.024,,6.837,0.190,0.109,-1.320,TRUE,0.306,TRUE,3,21,Amp,,0.945,N,N,N,N,N,N
258,K18,FALSE,FX8-1-D7,NEUN,UNKNOWN,FAM,NFQ-MGB,,,,2.497,2.087,2.987,26.992,27.017,0.024,,6.837,0.190,0.109,-1.320,TRUE,0.306,TRUE,3,21,Amp,,0.950,N,N,N,N,N,N
259,K19,FALSE,FX8-1-D7,ACTB,UNKNOWN,VIC,NFQ-MGB,,,,,,,18.966,18.930,0.047,,,,,,TRUE,0.156,TRUE,3,14,Amp,,0.906,N,N,N,N,N,N
260,K20,FALSE,FX8-1-D7,ACTB,UNKNOWN,VIC,NFQ-MGB,,,,,,,18.947,18.930,0.047,,,,,,TRUE,0.156,TRUE,3,14,Amp,,0.912,N,N,N,N,N,N
261,K21,FALSE,FX8-1-D7,ACTB,UNKNOWN,VIC,NFQ-MGB,,,,,,,18.876,18.930,0.047,,,,,,TRUE,0.156,TRUE,3,14,Amp,,0.893,N,N,N,N,Y,Y
262,K22,FALSE,FX8-1-D7,GAPDH,UNKNOWN,VIC,NFQ-MGB,,,,,,,21.143,21.430,0.262,,,,,,TRUE,0.115,TRUE,3,16,Amp,,0.837,N,N,N,N,N,N
263,K23,FALSE,FX8-1-D7,GAPDH,UNKNOWN,VIC,NFQ-MGB,,,,,,,21.655,21.430,0.262,,,,,,TRUE,0.115,TRUE,3,17,Amp,,0.841,N,N,N,N,N,N
264,K24,FALSE,FX8-1-D7,GAPDH,UNKNOWN,VIC,NFQ-MGB,,,,,,,21.491,21.430,0.262,,,,,,TRUE,0.115,TRUE,3,17,Amp,,0.863,N,N,N,N,N,N
265,L1,FALSE,FX8-1-D7,GRIN1,UNKNOWN,FAM,NFQ-MGB,,,,2.199,1.714,2.821,27.499,27.708,0.184,,7.528,0.263,0.152,-1.137,TRUE,0.391,TRUE,3,21,Amp,,0.950,N,N,N,N,N,N
266,L2,FALSE,FX8-1-D7,GRIN1,UNKNOWN,FAM,NFQ-MGB,,,,2.199,1.714,2.821,27.844,27.708,0.184,,7.528,0.263,0.152,-1.137,TRUE,0.391,TRUE,3,22,Amp,,0.963,N,N,N,N,N,N
267,L3,FALSE,FX8-1-D7,GRIN1,UNKNOWN,FAM,NFQ-MGB,,,,2.199,1.714,2.821,27.781,27.708,0.184,,7.528,0.263,0.152,-1.137,TRUE,0.391,TRUE,3,22,Amp,,0.944,N,N,N,N,N,N
268,L4,FALSE,FX8-1-D7,MAP2,UNKNOWN,FAM,NFQ-MGB,,,,1.805,1.508,2.160,21.789,21.809,0.027,,1.630,0.190,0.110,-0.852,TRUE,0.408,TRUE,3,15,Amp,,0.955,N,N,N,N,N,N
269,L5,FALSE,FX8-1-D7,MAP2,UNKNOWN,FAM,NFQ-MGB,,,,1.805,1.508,2.160,21.840,21.809,0.027,,1.630,0.190,0.110,-0.852,TRUE,0.408,TRUE,3,16,Amp,,0.965,N,N,N,N,N,N
270,L6,FALSE,FX8-1-D7,MAP2,UNKNOWN,FAM,NFQ-MGB,,,,1.805,1.508,2.160,21.799,21.809,0.027,,1.630,0.190,0.110,-0.852,TRUE,0.408,TRUE,3,16,Amp,,0.961,N,N,N,N,N,N
271,L7,FALSE,FX8-1-D7,TUBB3,UNKNOWN,FAM,NFQ-MGB,,,,0.745,0.620,0.894,20.439,20.484,0.044,,0.304,0.193,0.112,0.426,TRUE,0.429,TRUE,3,14,Amp,,0.936,N,N,N,N,N,N
272,L8,FALSE,FX8-1-D7,TUBB3,UNKNOWN,FAM,NFQ-MGB,,,,0.745,0.620,0.894,20.528,20.484,0.044,,0.304,0.193,0.112,0.426,TRUE,0.429,TRUE,3,14,Amp,,0.942,N,N,N,N,Y,N
273,L9,FALSE,FX8-1-D7,TUBB3,UNKNOWN,FAM,NFQ-MGB,,,,0.745,0.620,0.894,20.484,20.484,0.044,,0.304,0.193,0.112,0.426,TRUE,0.429,TRUE,3,15,Amp,,0.924,N,N,N,N,N,N
274,L10,FALSE,FX8-1-D7,CAMK2A,UNKNOWN,FAM,NFQ-MGB,,,,0.673,0.556,0.813,27.016,27.094,0.070,,6.915,0.201,0.116,0.572,TRUE,0.399,TRUE,3,21,Amp,,0.960,N,N,N,N,N,N
275,L11,FALSE,FX8-1-D7,CAMK2A,UNKNOWN,FAM,NFQ-MGB,,,,0.673,0.556,0.813,27.152,27.094,0.070,,6.915,0.201,0.116,0.572,TRUE,0.399,TRUE,3,21,Amp,,0.959,N,N,N,N,N,N
276,L12,FALSE,FX8-1-D7,CAMK2A,UNKNOWN,FAM,NFQ-MGB,,,,0.673,0.556,0.813,27.114,27.094,0.070,,6.915,0.201,0.116,0.572,TRUE,0.399,TRUE,3,21,Amp,,0.957,N,N,N,N,N,N
289,M1,FALSE,FX11-7-D0,NEUROG1,UNKNOWN,FAM,NFQ-MGB,,,,0.227,0.195,0.263,29.608,29.620,0.027,,8.640,0.156,0.090,2.142,TRUE,0.335,TRUE,3,24,Amp,,0.933,N,N,N,N,N,N
290,M2,FALSE,FX11-7-D0,NEUROG1,UNKNOWN,FAM,NFQ-MGB,,,,0.227,0.195,0.263,29.651,29.620,0.027,,8.640,0.156,0.090,2.142,TRUE,0.335,TRUE,3,24,Amp,,0.917,N,N,N,N,N,N
291,M3,FALSE,FX11-7-D0,NEUROG1,UNKNOWN,FAM,NFQ-MGB,,,,0.227,0.195,0.263,29.601,29.620,0.027,,8.640,0.156,0.090,2.142,TRUE,0.335,TRUE,3,23,Amp,,0.940,N,N,N,N,N,N
292,M4,FALSE,FX11-7-D0,NEUROG2,UNKNOWN,FAM,NFQ-MGB,,,,2.323,1.942,2.779,29.455,29.579,0.110,,8.599,0.189,0.109,-1.216,TRUE,0.398,TRUE,3,24,Amp,,0.938,N,N,N,N,N,N
293,M5,FALSE,FX11-7-D0,NEUROG2,UNKNOWN,FAM,NFQ-MGB,,,,2.323,1.942,2.779,29.618,29.579,0.110,,8.599,0.189,0.109,-1.216,TRUE,0.398,TRUE,3,23,Amp,,0.947,N,N,N,N,N,N
294,M6,FALSE,FX11-7-D0,NEUROG2,UNKNOWN,FAM,NFQ-MGB,,,,2.323,1.942,2.779,29.665,29.579,0.110,,8.599,0.189,0.109,-1.216,TRUE,0.398,TRUE,3,24,Amp,,0.946,N,N,N,N,N,N
295,M7,FALSE,FX11-7-D0,NESTIN,UNKNOWN,FAM,NFQ-MGB,,,,1.131,0.972,1.317,21.624,21.676,0.046,,0.696,0.160,0.093,-0.178,TRUE,0.379,TRUE,3,14,Amp,,0.957,N,N,N,N,N,N
296,M8,FALSE,FX11-7-D0,NESTIN,UNKNOWN,FAM,NFQ-MGB,,,,1.131,0.972,1.317,21.697,21.676,0.046,,0.696,0.160,0.093,-0.178,TRUE,0.379,TRUE,3,16,Amp,,0.957,N,N,N,N,N,N
297,M9,FALSE,FX11-7-D0,NESTIN,UNKNOWN,FAM,NFQ-MGB,,,,1.131,0.972,1.317,21.708,21.676,0.046,,0.696,0.160,0.093,-0.178,TRUE,0.379,TRUE,3,16,Amp,,0.960,N,N,N,N,N,N
298,M10,FALSE,FX11-7-D0,PAX6,UNKNOWN,FAM,NFQ-MGB,,,,6.466,5.273,7.930,23.627,23.784,0.151,,2.804,0.216,0.124,-2.693,TRUE,0.178,TRUE,3,19,Amp,,0.952,N,N,N,N,N,N
299,M11,FALSE,FX11-7-D0,PAX6,UNKNOWN,FAM,NFQ-MGB,,,,6.466,5.273,7.930,23.798,23.784,0.151,,2.804,0.216,0.124,-2.693,TRUE,0.178,TRUE,3,19,Amp,,0.951,N,N,N,N,N,N
300,M12,FALSE,FX11-7-D0,PAX6,UNKNOWN,FAM,NFQ-MGB,,,,6.466,5.273,7.930,23.928,23.784,0.151,,2.804,0.216,0.124,-2.693,TRUE,0.178,TRUE,3,19,Amp,,0.923,N,N,N,N,N,N
301,M13,FALSE,FX11-7-D0,SOX1,UNKNOWN,FAM,NFQ-MGB,,,,1.045,0.889,1.227,28.464,28.542,0.073,,7.562,0.170,0.098,-0.063,TRUE,0.436,TRUE,3,23,Amp,,0.968,N,N,N,N,N,N
302,M14,FALSE,FX11-7-D0,SOX1,UNKNOWN,FAM,NFQ-MGB,,,,1.045,0.889,1.227,28.609,28.542,0.073,,7.562,0.170,0.098,-0.063,TRUE,0.436,TRUE,3,22,Amp,,0.954,N,N,N,N,N,N
303,M15,FALSE,FX11-7-D0,SOX1,UNKNOWN,FAM,NFQ-MGB,,,,1.045,0.889,1.227,28.552,28.542,0.073,,7.562,0.170,0.098,-0.063,TRUE,0.436,TRUE,3,23,Amp,,0.967,N,N,N,N,N,N
304,M16,FALSE,FX11-7-D0,NEUN,UNKNOWN,FAM,NFQ-MGB,,,,0.151,0.116,0.196,31.795,31.869,0.232,,10.889,0.279,0.161,2.732,TRUE,0.306,TRUE,3,26,Amp,,0.929,N,N,N,N,N,N
305,M17,FALSE,FX11-7-D0,NEUN,UNKNOWN,FAM,NFQ-MGB,,,,0.151,0.116,0.196,32.130,31.869,0.232,,10.889,0.279,0.161,2.732,TRUE,0.306,TRUE,3,26,Amp,,0.921,N,N,N,N,N,N
306,M18,FALSE,FX11-7-D0,NEUN,UNKNOWN,FAM,NFQ-MGB,,,,0.151,0.116,0.196,31.684,31.869,0.232,,10.889,0.279,0.161,2.732,TRUE,0.306,TRUE,3,26,Amp,,0.939,N,N,N,N,N,N
307,M19,FALSE,FX11-7-D0,ACTB,UNKNOWN,VIC,NFQ-MGB,,,,,,,19.679,19.702,0.144,,,,,,TRUE,0.156,TRUE,3,14,Amp,,0.916,N,N,N,N,N,N
308,M20,FALSE,FX11-7-D0,ACTB,UNKNOWN,VIC,NFQ-MGB,,,,,,,19.571,19.702,0.144,,,,,,TRUE,0.156,TRUE,3,14,Amp,,0.921,N,N,N,N,N,N
309,M21,FALSE,FX11-7-D0,ACTB,UNKNOWN,VIC,NFQ-MGB,,,,,,,19.856,19.702,0.144,,,,,,TRUE,0.156,TRUE,3,14,Amp,,0.948,N,N,N,N,N,N
310,M22,FALSE,FX11-7-D0,GAPDH,UNKNOWN,VIC,NFQ-MGB,,,,,,,22.070,22.258,0.163,,,,,,TRUE,0.115,TRUE,3,17,Amp,,0.882,N,N,N,N,N,N
311,M23,FALSE,FX11-7-D0,GAPDH,UNKNOWN,VIC,NFQ-MGB,,,,,,,22.346,22.258,0.163,,,,,,TRUE,0.115,TRUE,3,17,Amp,,0.910,N,N,N,N,N,N
312,M24,FALSE,FX11-7-D0,GAPDH,UNKNOWN,VIC,NFQ-MGB,,,,,,,22.358,22.258,0.163,,,,,,TRUE,0.115,TRUE,3,17,Amp,,0.903,N,N,N,N,N,N
313,N1,FALSE,FX11-7-D0,GRIN1,UNKNOWN,FAM,NFQ-MGB,,,,0.467,0.384,0.569,30.584,30.742,0.139,,9.762,0.207,0.120,1.097,TRUE,0.391,TRUE,3,25,Amp,,0.959,N,N,N,N,Y,N
314,N2,FALSE,FX11-7-D0,GRIN1,UNKNOWN,FAM,NFQ-MGB,,,,0.467,0.384,0.569,30.839,30.742,0.139,,9.762,0.207,0.120,1.097,TRUE,0.391,TRUE,3,24,Amp,,0.947,N,N,N,N,N,N
315,N3,FALSE,FX11-7-D0,GRIN1,UNKNOWN,FAM,NFQ-MGB,,,,0.467,0.384,0.569,30.804,30.742,0.139,,9.762,0.207,0.120,1.097,TRUE,0.391,TRUE,3,25,Amp,,0.968,N,N,N,N,N,N
316,N4,FALSE,FX11-7-D0,MAP2,UNKNOWN,FAM,NFQ-MGB,,,,0.732,0.625,0.857,23.963,23.911,0.064,,2.931,0.167,0.096,0.450,TRUE,0.408,TRUE,3,19,Amp,,0.962,N,N,N,N,N,N
317,N5,FALSE,FX11-7-D0,MAP2,UNKNOWN,FAM,NFQ-MGB,,,,0.732,0.625,0.857,23.930,23.911,0.064,,2.931,0.167,0.096,0.450,TRUE,0.408,TRUE,3,17,Amp,,0.974,N,N,N,N,Y,N
318,N6,FALSE,FX11-7-D0,MAP2,UNKNOWN,FAM,NFQ-MGB,,,,0.732,0.625,0.857,23.840,23.911,0.064,,2.931,0.167,0.096,0.450,TRUE,0.408,TRUE,3,18,Amp,,0.988,N,N,N,N,N,Y
319,N7,FALSE,FX11-7-D0,TUBB3,UNKNOWN,FAM,NFQ-MGB,,,,0.433,0.358,0.524,21.948,22.066,0.129,,1.086,0.201,0.116,1.207,TRUE,0.429,TRUE,3,16,Amp,,0.940,N,N,N,N,N,N
320,N8,FALSE,FX11-7-D0,TUBB3,UNKNOWN,FAM,NFQ-MGB,,,,0.433,0.358,0.524,22.047,22.066,0.129,,1.086,0.201,0.116,1.207,TRUE,0.429,TRUE,3,16,Amp,,0.942,N,N,N,N,N,N
321,N9,FALSE,FX11-7-D0,TUBB3,UNKNOWN,FAM,NFQ-MGB,,,,0.433,0.358,0.524,22.204,22.066,0.129,,1.086,0.201,0.116,1.207,TRUE,0.429,TRUE,3,16,Amp,,0.940,N,N,N,N,N,N
322,N10,FALSE,FX11-7-D0,CAMK2A,UNKNOWN,FAM,NFQ-MGB,,,,0.224,0.166,0.303,29.679,29.482,0.280,,8.502,0.319,0.184,2.159,TRUE,0.399,TRUE,3,24,Amp,,0.954,N,N,N,N,N,N
323,N11,FALSE,FX11-7-D0,CAMK2A,UNKNOWN,FAM,NFQ-MGB,,,,0.224,0.166,0.303,29.162,29.482,0.280,,8.502,0.319,0.184,2.159,TRUE,0.399,TRUE,3,23,Amp,,0.968,N,N,N,N,N,N
324,N12,FALSE,FX11-7-D0,CAMK2A,UNKNOWN,FAM,NFQ-MGB,,,,0.224,0.166,0.303,29.605,29.482,0.280,,8.502,0.319,0.184,2.159,TRUE,0.399,TRUE,3,24,Amp,,0.962,N,N,N,N,N,N
337,O1,FALSE,FX11-7-D7,NEUROG1,UNKNOWN,FAM,NFQ-MGB,,,,,,,Undetermined,,,,,,,,TRUE,0.335,TRUE,3,15,No Amp,,0.000,Y,N,N,N,N,N
338,O2,FALSE,FX11-7-D7,NEUROG1,UNKNOWN,FAM,NFQ-MGB,,,,,,,Undetermined,,,,,,,,TRUE,0.335,TRUE,3,34,No Amp,,0.000,Y,N,N,N,N,N
339,O3,FALSE,FX11-7-D7,NEUROG1,UNKNOWN,FAM,NFQ-MGB,,,,,,,Undetermined,,,,,,,,TRUE,0.335,TRUE,3,32,No Amp,,0.000,Y,N,N,N,N,N
340,O4,FALSE,FX11-7-D7,NEUROG2,UNKNOWN,FAM,NFQ-MGB,,,,,,,Undetermined,,,,,,,,TRUE,0.398,TRUE,3,15,No Amp,,0.000,Y,N,N,N,N,N
341,O5,FALSE,FX11-7-D7,NEUROG2,UNKNOWN,FAM,NFQ-MGB,,,,,,,Undetermined,,,,,,,,TRUE,0.398,TRUE,3,35,No Amp,,0.000,Y,N,N,N,N,N
342,O6,FALSE,FX11-7-D7,NEUROG2,UNKNOWN,FAM,NFQ-MGB,,,,,,,Undetermined,,,,,,,,TRUE,0.398,TRUE,3,34,No Amp,,0.000,Y,N,N,N,N,N
343,O7,FALSE,FX11-7-D7,NESTIN,UNKNOWN,FAM,NFQ-MGB,,,,1.409,0.885,2.244,29.207,28.682,0.456,,0.379,0.492,0.284,-0.495,TRUE,0.379,TRUE,3,23,Amp,,0.937,N,N,N,N,N,N
344,O8,FALSE,FX11-7-D7,NESTIN,UNKNOWN,FAM,NFQ-MGB,,,,1.409,0.885,2.244,28.387,28.682,0.456,,0.379,0.492,0.284,-0.495,TRUE,0.379,TRUE,3,23,Amp,,0.942,N,N,N,N,N,N
345,O9,FALSE,FX11-7-D7,NESTIN,UNKNOWN,FAM,NFQ-MGB,,,,1.409,0.885,2.244,28.452,28.682,0.456,,0.379,0.492,0.284,-0.495,TRUE,0.379,TRUE,3,23,Amp,,0.944,N,N,N,N,N,N
346,O10,FALSE,FX11-7-D7,PAX6,UNKNOWN,FAM,NFQ-MGB,,,,0.478,0.276,0.828,34.300,34.864,0.549,,6.561,0.579,0.335,1.064,TRUE,0.178,TRUE,3,29,Amp,,0.765,Y,N,N,Y,N,N
347,O11,FALSE,FX11-7-D7,PAX6,UNKNOWN,FAM,NFQ-MGB,,,,0.478,0.276,0.828,35.397,34.864,0.549,,6.561,0.579,0.335,1.064,TRUE,0.178,TRUE,3,29,No Amp,,0.619,Y,N,N,Y,N,N
348,O12,FALSE,FX11-7-D7,PAX6,UNKNOWN,FAM,NFQ-MGB,,,,0.478,0.276,0.828,34.895,34.864,0.549,,6.561,0.579,0.335,1.064,TRUE,0.178,TRUE,3,29,Amp,,0.661,Y,N,N,Y,N,N
349,O13,FALSE,FX11-7-D7,SOX1,UNKNOWN,FAM,NFQ-MGB,,,,0.367,0.210,0.641,37.911,37.374,0.559,,9.071,0.589,0.340,1.446,TRUE,0.436,TRUE,3,32,Inconclusive,,0.871,N,N,N,Y,N,N
350,O14,FALSE,FX11-7-D7,SOX1,UNKNOWN,FAM,NFQ-MGB,,,,0.367,0.210,0.641,36.794,37.374,0.559,,9.071,0.589,0.340,1.446,TRUE,0.436,TRUE,3,30,Amp,,0.879,N,N,N,Y,N,N
351,O15,FALSE,FX11-7-D7,SOX1,UNKNOWN,FAM,NFQ-MGB,,,,0.367,0.210,0.641,37.416,37.374,0.559,,9.071,0.589,0.340,1.446,TRUE,0.436,TRUE,3,32,Inconclusive,,0.864,N,N,N,Y,N,N
352,O16,FALSE,FX11-7-D7,NEUN,UNKNOWN,FAM,NFQ-MGB,,,,,,,Undetermined,37.969,1.021,,,,,,TRUE,0.306,TRUE,3,39,No Amp,,0.000,Y,Y,N,N,N,N
353,O17,FALSE,FX11-7-D7,NEUN,UNKNOWN,FAM,NFQ-MGB,,,,0.351,0.102,1.211,38.691,37.969,1.021,,9.666,1.037,0.730,1.509,TRUE,0.306,TRUE,3,33,Inconclusive,,0.182,Y,N,N,Y,N,N
354,O18,FALSE,FX11-7-D7,NEUN,UNKNOWN,FAM,NFQ-MGB,,,,0.351,0.102,1.211,37.247,37.969,1.021,,9.666,1.037,0.730,1.509,TRUE,0.306,TRUE,3,32,Amp,,0.846,N,N,N,Y,N,N
355,O19,FALSE,FX11-7-D7,ACTB,UNKNOWN,VIC,NFQ-MGB,,,,,,,26.230,26.489,0.248,,,,,,TRUE,0.156,TRUE,3,21,Amp,,0.958,N,N,N,N,N,N
356,O20,FALSE,FX11-7-D7,ACTB,UNKNOWN,VIC,NFQ-MGB,,,,,,,26.514,26.489,0.248,,,,,,TRUE,0.156,TRUE,3,20,Amp,,0.951,N,N,N,N,N,N
357,O21,FALSE,FX11-7-D7,ACTB,UNKNOWN,VIC,NFQ-MGB,,,,,,,26.724,26.489,0.248,,,,,,TRUE,0.156,TRUE,3,22,Amp,,0.878,N,N,N,N,N,N
358,O22,FALSE,FX11-7-D7,GAPDH,UNKNOWN,VIC,NFQ-MGB,,,,,,,30.075,30.117,0.080,,,,,,TRUE,0.115,TRUE,3,24,Amp,,0.938,N,N,N,N,N,N
359,O23,FALSE,FX11-7-D7,GAPDH,UNKNOWN,VIC,NFQ-MGB,,,,,,,30.209,30.117,0.080,,,,,,TRUE,0.115,TRUE,3,25,Amp,,0.936,N,N,N,N,N,N
360,O24,FALSE,FX11-7-D7,GAPDH,UNKNOWN,VIC,NFQ-MGB,,,,,,,30.066,30.117,0.080,,,,,,TRUE,0.115,TRUE,3,24,Amp,,0.965,N,N,N,N,N,N
361,P1,FALSE,FX11-7-D7,GRIN1,UNKNOWN,FAM,NFQ-MGB,,,,1.108,0.818,1.500,36.964,36.820,0.203,,8.517,0.274,0.179,-0.148,TRUE,0.391,TRUE,3,32,Amp,,0.843,N,N,N,N,N,N
362,P2,FALSE,FX11-7-D7,GRIN1,UNKNOWN,FAM,NFQ-MGB,,,,1.108,0.818,1.500,36.676,36.820,0.203,,8.517,0.274,0.179,-0.148,TRUE,0.391,TRUE,3,30,Inconclusive,,0.813,N,N,N,N,N,N
363,P3,FALSE,FX11-7-D7,GRIN1,UNKNOWN,FAM,NFQ-MGB,,,,,,,Undetermined,36.820,0.203,,,,,,TRUE,0.391,TRUE,3,12,No Amp,,0.000,Y,N,N,N,Y,N
364,P4,FALSE,FX11-7-D7,MAP2,UNKNOWN,FAM,NFQ-MGB,,,,1.717,1.433,2.058,30.003,30.004,0.053,,1.701,0.191,0.111,-0.780,TRUE,0.408,TRUE,3,24,Amp,,0.973,N,N,N,N,Y,N
365,P5,FALSE,FX11-7-D7,MAP2,UNKNOWN,FAM,NFQ-MGB,,,,1.717,1.433,2.058,29.952,30.004,0.053,,1.701,0.191,0.111,-0.780,TRUE,0.408,TRUE,3,25,Amp,,0.961,N,N,N,N,N,N
366,P6,FALSE,FX11-7-D7,MAP2,UNKNOWN,FAM,NFQ-MGB,,,,1.717,1.433,2.058,30.057,30.004,0.053,,1.701,0.191,0.111,-0.780,TRUE,0.408,TRUE,3,24,Amp,,0.951,N,N,N,N,N,N
367,P7,FALSE,FX11-7-D7,TUBB3,UNKNOWN,FAM,NFQ-MGB,,,,0.251,0.184,0.341,30.081,30.176,0.268,,1.873,0.325,0.188,1.995,TRUE,0.429,TRUE,3,24,Amp,,0.920,N,N,N,N,N,N
368,P8,FALSE,FX11-7-D7,TUBB3,UNKNOWN,FAM,NFQ-MGB,,,,0.251,0.184,0.341,29.969,30.176,0.268,,1.873,0.325,0.188,1.995,TRUE,0.429,TRUE,3,23,Amp,,0.921,N,N,N,N,N,N
369,P9,FALSE,FX11-7-D7,TUBB3,UNKNOWN,FAM,NFQ-MGB,,,,0.251,0.184,0.341,30.479,30.176,0.268,,1.873,0.325,0.188,1.995,TRUE,0.429,TRUE,3,24,Amp,,0.924,N,N,N,N,N,N
370,P10,FALSE,FX11-7-D7,CAMK2A,UNKNOWN,FAM,NFQ-MGB,,,,0.654,0.236,1.808,34.293,35.259,1.059,,6.956,1.075,0.621,0.613,TRUE,0.399,TRUE,3,28,Amp,,0.912,N,N,N,Y,N,N
371,P11,FALSE,FX11-7-D7,CAMK2A,UNKNOWN,FAM,NFQ-MGB,,,,0.654,0.236,1.808,35.091,35.259,1.059,,6.956,1.075,0.621,0.613,TRUE,0.399,TRUE,3,28,Amp,,0.930,N,N,N,Y,N,N
372,P12,FALSE,FX11-7-D7,CAMK2A,UNKNOWN,FAM,NFQ-MGB,,,,0.654,0.236,1.808,36.391,35.259,1.059,,6.956,1.075,0.621,0.613,TRUE,0.399,TRUE,3,29,Amp,,0.882,N,N,N,Y,N,N
,,,,,,,,,,,,,,,,,,,,,,,,,,,,,,,,,,,
Analysis Type,Singleplex,,,,,,,,,,,,,,,,,,,,,,,,,,,,,,,,,,
Endogenous Control,"ACTB, GAPDH",,,,,,,,,,,,,,,,,,,,,,,,,,,,,,,,,,
RQ Min/Max Confidence Level,95.0,,,,,,,,,,,,,,,,,,,,,,,,,,,,,,,,,,
Reference Sample,AiW002-2-D0,,,,,,,,,,,,,,,,,,,,,,,,,,,,,,,,,,