Block Type,96-Well 0.2-mL Block,,,,,,,,,,,,,,,,,,,,,,,,,,,,
Calibration Background is expired ,No,,,,,,,,,,,,,,,,,,,,,,,,,,,,
Calibration Background performed on,10-12-2017,,,,,,,,,,,,,,,,,,,,,,,,,,,,
Calibration CM MELTDOCTOR is expired,No,,,,,,,,,,,,,,,,,,,,,,,,,,,,
Calibration CM MELTDOCTOR performed on,10-12-2017,,,,,,,,,,,,,,,,,,,,,,,,,,,,
Calibration Pure Dye ABY is expired,No,,,,,,,,,,,,,,,,,,,,,,,,,,,,
Calibration Pure Dye ABY performed on,08-24-2017,,,,,,,,,,,,,,,,,,,,,,,,,,,,
Calibration Pure Dye FAM is expired,No,,,,,,,,,,,,,,,,,,,,,,,,,,,,
Calibration Pure Dye FAM performed on,08-24-2017,,,,,,,,,,,,,,,,,,,,,,,,,,,,
Calibration Pure Dye JUN is expired,No,,,,,,,,,,,,,,,,,,,,,,,,,,,,
Calibration Pure Dye JUN performed on,08-24-2017,,,,,,,,,,,,,,,,,,,,,,,,,,,,
Calibration Pure Dye MELTDOCTOR is expired,No,,,,,,,,,,,,,,,,,,,,,,,,,,,,
Calibration Pure Dye MELTDOCTOR performed on,10-12-2017,,,,,,,,,,,,,,,,,,,,,,,,,,,,
Calibration Pure Dye NED is expired,No,,,,,,,,,,,,,,,,,,,,,,,,,,,,
Calibration Pure Dye NED performed on,08-24-2017,,,,,,,,,,,,,,,,,,,,,,,,,,,,
Calibration Pure Dye ROX is expired,No,,,,,,,,,,,,,,,,,,,,,,,,,,,,
Calibration Pure Dye ROX performed on,08-24-2017,,,,,,,,,,,,,,,,,,,,,,,,,,,,
Calibration Pure Dye SYBR is expired,No,,,,,,,,,,,,,,,,,,,,,,,,,,,,
Calibration Pure Dye SYBR performed on,08-24-2017,,,,,,,,,,,,,,,,,,,,,,,,,,,,
Calibration Pure Dye TAMRA is expired,No,,,,,,,,,,,,,,,,,,,,,,,,,,,,
Calibration Pure Dye TAMRA performed on,08-24-2017,,,,,,,,,,,,,,,,,,,,,,,,,,,,
Calibration Pure Dye VIC is expired,No,,,,,,,,,,,,,,,,,,,,,,,,,,,,
Calibration Pure Dye VIC performed on,08-24-2017,,,,,,,,,,,,,,,,,,,,,,,,,,,,
Calibration ROI is expired ,No,,,,,,,,,,,,,,,,,,,,,,,,,,,,
Calibration ROI performed on,08-24-2017,,,,,,,,,,,,,,,,,,,,,,,,,,,,
Calibration Uniformity is expired ,No,,,,,,,,,,,,,,,,,,,,,,,,,,,,
Calibration Uniformity performed on,08-24-2017,,,,,,,,,,,,,,,,,,,,,,,,,,,,
Chemistry,TAQMAN,,,,,,,,,,,,,,,,,,,,,,,,,,,,
Date Created,2019-04-29 12:55:46 PM PDT,,,,,,,,,,,,,,,,,,,,,,,,,,,,
Experiment Barcode,,,,,,,,,,,,,,,,,,,,,,,,,,,,,
Experiment Comment,,,,,,,,,,,,,,,,,,,,,,,,,,,,,
Experiment File Name,D:\Users\INSTR-ADMIN\experiments\Gilles\GBA Project\2019-04-25_114843-DopaGAPDH-2.eds,,,,,,,,,,,,,,,,,,,,,,,,,,,,
Experiment Name,2019-04-25_124559,,,,,,,,,,,,,,,,,,,,,,,,,,,,
Experiment Run End Time,2019-04-25 10:26:48 AM PDT,,,,,,,,,,,,,,,,,,,,,,,,,,,,
Experiment Type,Standard Curve,,,,,,,,,,,,,,,,,,,,,,,,,,,,
Instrument Name,272321808,,,,,,,,,,,,,,,,,,,,,,,,,,,,
Instrument Serial Number,272321808,,,,,,,,,,,,,,,,,,,,,,,,,,,,
Instrument Type,QuantStudio™ 3 System,,,,,,,,,,,,,,,,,,,,,,,,,,,,
Passive Reference,ROX,,,,,,,,,,,,,,,,,,,,,,,,,,,,
Post-read Stage/Step,,,,,,,,,,,,,,,,,,,,,,,,,,,,,
Pre-read Stage/Step,,,,,,,,,,,,,,,,,,,,,,,,,,,,,
Quantification Cycle Method,Ct,,,,,,,,,,,,,,,,,,,,,,,,,,,,
Signal Smoothing On,TRUE,,,,,,,,,,,,,,,,,,,,,,,,,,,,
Stage/ Cycle where Ct Analysis is performed,"Stage2, Step2",,,,,,,,,,,,,,,,,,,,,,,,,,,,
User Name,,,,,,,,,,,,,,,,,,,,,,,,,,,,,
,,,,,,,,,,,,,,,,,,,,,,,,,,,,,
Well,Well Position,Omit,Sample Name,Target Name,Task,Reporter,Quencher,CT,Ct Mean,Ct SD,Quantity,Quantity Mean,Quantity SD,Y-Intercept,R(superscript 2),Slope,Efficiency,Automatic Ct Threshold,Ct Threshold,Automatic Baseline,Baseline Start,Baseline End,Amp Status,Comments,Cq Conf,CQCONF,,,
1,A1,FALSE,AiW001-2-IPSC,GAPDH,UNKNOWN,VIC,NFQ-MGB,21.697,21.525,0.151,9.451,10.481,0.907,25.519,0.998,-3.918,79.973,TRUE,0.088,TRUE,3,17,Amp,,0.85,N,,,
2,A2,FALSE,AiW001-2-IPSC,GAPDH,UNKNOWN,VIC,NFQ-MGB,21.465,21.525,0.151,10.832,10.481,0.907,25.519,0.998,-3.918,79.973,TRUE,0.088,TRUE,3,17,Amp,,0.833,N,,,
3,A3,FALSE,AiW001-2-IPSC,GAPDH,UNKNOWN,VIC,NFQ-MGB,21.414,21.525,0.151,11.16,10.481,0.907,25.519,0.998,-3.918,79.973,TRUE,0.088,TRUE,3,16,Amp,,0.828,N,,,
4,A4,FALSE,AJC001-5-IPSC,GAPDH,UNKNOWN,VIC,NFQ-MGB,22.105,22.223,0.119,7.437,6.948,0.485,25.519,0.998,-3.918,79.973,TRUE,0.088,TRUE,3,17,Amp,,0.847,N,,,
5,A5,FALSE,AJC001-5-IPSC,GAPDH,UNKNOWN,VIC,NFQ-MGB,22.223,22.223,0.119,6.94,6.948,0.485,25.519,0.998,-3.918,79.973,TRUE,0.088,TRUE,3,18,Amp,,0.849,N,,,
6,A6,FALSE,AJC001-5-IPSC,GAPDH,UNKNOWN,VIC,NFQ-MGB,22.342,22.223,0.119,6.468,6.948,0.485,25.519,0.998,-3.918,79.973,TRUE,0.088,TRUE,3,18,Amp,,0.863,N,,,
7,A7,FALSE,522-266-2-IPSC,GAPDH,UNKNOWN,VIC,NFQ-MGB,22.523,22.652,0.114,5.817,5.4,0.367,25.519,0.998,-3.918,79.973,TRUE,0.088,TRUE,3,18,Amp,,0.872,N,,,
8,A8,FALSE,522-266-2-IPSC,GAPDH,UNKNOWN,VIC,NFQ-MGB,22.695,22.652,0.114,5.259,5.4,0.367,25.519,0.998,-3.918,79.973,TRUE,0.088,TRUE,3,18,Amp,,0.885,N,,,
9,A9,FALSE,522-266-2-IPSC,GAPDH,UNKNOWN,VIC,NFQ-MGB,22.739,22.652,0.114,5.124,5.4,0.367,25.519,0.998,-3.918,79.973,TRUE,0.088,TRUE,3,18,Amp,,0.888,N,,,
10,A10,FALSE,,GAPDH,STANDARD,VIC,NFQ-MGB,18.93,19.03,0.117,50,,,25.519,0.998,-3.918,79.973,TRUE,0.088,TRUE,3,15,Amp,,0.784,Y,,,
11,A11,FALSE,,GAPDH,STANDARD,VIC,NFQ-MGB,19.002,19.03,0.117,50,,,25.519,0.998,-3.918,79.973,TRUE,0.088,TRUE,3,15,Amp,,0.769,Y,,,
12,A12,FALSE,,GAPDH,STANDARD,VIC,NFQ-MGB,19.158,19.03,0.117,50,,,25.519,0.998,-3.918,79.973,TRUE,0.088,TRUE,3,15,Amp,,0.792,Y,,,
13,B1,FALSE,AiW001-2-NPC,GAPDH,UNKNOWN,VIC,NFQ-MGB,22.365,22.514,0.369,6.382,5.936,1.208,25.519,0.998,-3.918,79.973,TRUE,0.088,TRUE,3,18,Amp,,0.863,N,,,
14,B2,FALSE,AiW001-2-NPC,GAPDH,UNKNOWN,VIC,NFQ-MGB,22.243,22.514,0.369,6.859,5.936,1.208,25.519,0.998,-3.918,79.973,TRUE,0.088,TRUE,3,18,Amp,,0.853,N,,,
15,B3,FALSE,AiW001-2-NPC,GAPDH,UNKNOWN,VIC,NFQ-MGB,22.934,22.514,0.369,4.568,5.936,1.208,25.519,0.998,-3.918,79.973,TRUE,0.088,TRUE,3,18,Amp,,0.868,N,,,
16,B4,FALSE,AJC001-5-NPC,GAPDH,UNKNOWN,VIC,NFQ-MGB,20.893,21.188,0.357,15.16,12.931,2.587,25.519,0.998,-3.918,79.973,TRUE,0.088,TRUE,3,17,Amp,,0.804,N,,,
17,B5,FALSE,AJC001-5-NPC,GAPDH,UNKNOWN,VIC,NFQ-MGB,21.585,21.188,0.357,10.094,12.931,2.587,25.519,0.998,-3.918,79.973,TRUE,0.088,TRUE,3,17,Amp,,0.827,N,,,
18,B6,FALSE,AJC001-5-NPC,GAPDH,UNKNOWN,VIC,NFQ-MGB,21.085,21.188,0.357,13.539,12.931,2.587,25.519,0.998,-3.918,79.973,TRUE,0.088,TRUE,3,17,Amp,,0.814,N,,,
19,B7,FALSE,522-266-2-NPC,GAPDH,UNKNOWN,VIC,NFQ-MGB,20.621,20.841,0.211,17.783,15.711,1.962,25.519,0.998,-3.918,79.973,TRUE,0.088,TRUE,3,16,Amp,,0.802,N,,,
20,B8,FALSE,522-266-2-NPC,GAPDH,UNKNOWN,VIC,NFQ-MGB,20.859,20.841,0.211,15.469,15.711,1.962,25.519,0.998,-3.918,79.973,TRUE,0.088,TRUE,3,16,Amp,,0.816,N,,,
21,B9,FALSE,522-266-2-NPC,GAPDH,UNKNOWN,VIC,NFQ-MGB,21.043,20.841,0.211,13.882,15.711,1.962,25.519,0.998,-3.918,79.973,TRUE,0.088,TRUE,3,17,Amp,,0.853,N,,,
22,B10,FALSE,,GAPDH,STANDARD,VIC,NFQ-MGB,21.07,21.315,0.228,12.5,,,25.519,0.998,-3.918,79.973,TRUE,0.088,TRUE,3,17,Amp,,0.807,N,,,
23,B11,FALSE,,GAPDH,STANDARD,VIC,NFQ-MGB,21.353,21.315,0.228,12.5,,,25.519,0.998,-3.918,79.973,TRUE,0.088,TRUE,3,16,Amp,,0.816,N,,,
24,B12,FALSE,,GAPDH,STANDARD,VIC,NFQ-MGB,21.522,21.315,0.228,12.5,,,25.519,0.998,-3.918,79.973,TRUE,0.088,TRUE,3,17,Amp,,0.824,N,,,
25,C1,FALSE,AiW001-2-DA4W,GAPDH,UNKNOWN,VIC,NFQ-MGB,21.792,21.737,0.059,8.938,9.238,0.32,25.519,0.998,-3.918,79.973,TRUE,0.088,TRUE,3,17,Amp,,0.877,N,,,
26,C2,FALSE,AiW001-2-DA4W,GAPDH,UNKNOWN,VIC,NFQ-MGB,21.675,21.737,0.059,9.574,9.238,0.32,25.519,0.998,-3.918,79.973,TRUE,0.088,TRUE,3,16,Amp,,0.808,N,,,
27,C3,FALSE,AiW001-2-DA4W,GAPDH,UNKNOWN,VIC,NFQ-MGB,21.743,21.737,0.059,9.202,9.238,0.32,25.519,0.998,-3.918,79.973,TRUE,0.088,TRUE,3,17,Amp,,0.828,N,,,
28,C4,FALSE,AJC001-5-DA4W,GAPDH,UNKNOWN,VIC,NFQ-MGB,21.078,21.089,0.01,13.596,13.511,0.076,25.519,0.998,-3.918,79.973,TRUE,0.088,TRUE,3,16,Amp,,0.833,N,,,
29,C5,FALSE,AJC001-5-DA4W,GAPDH,UNKNOWN,VIC,NFQ-MGB,21.092,21.089,0.01,13.485,13.511,0.076,25.519,0.998,-3.918,79.973,TRUE,0.088,TRUE,3,16,Amp,,0.811,N,,,
30,C6,FALSE,AJC001-5-DA4W,GAPDH,UNKNOWN,VIC,NFQ-MGB,21.097,21.089,0.01,13.451,13.511,0.076,25.519,0.998,-3.918,79.973,TRUE,0.088,TRUE,3,17,Amp,,0.822,N,,,
31,C7,FALSE,522-266-2-DA4W,GAPDH,UNKNOWN,VIC,NFQ-MGB,20.805,20.917,0.114,15.961,14.97,1,25.519,0.998,-3.918,79.973,TRUE,0.088,TRUE,3,16,Amp,,0.805,N,,,
32,C8,FALSE,522-266-2-DA4W,GAPDH,UNKNOWN,VIC,NFQ-MGB,20.913,20.917,0.114,14.986,14.97,1,25.519,0.998,-3.918,79.973,TRUE,0.088,TRUE,3,17,Amp,,0.809,N,,,
33,C9,FALSE,522-266-2-DA4W,GAPDH,UNKNOWN,VIC,NFQ-MGB,21.033,20.917,0.114,13.962,14.97,1,25.519,0.998,-3.918,79.973,TRUE,0.088,TRUE,3,16,Amp,,0.816,N,,,
34,C10,FALSE,,GAPDH,STANDARD,VIC,NFQ-MGB,23.278,23.522,0.215,3.125,,,25.519,0.998,-3.918,79.973,TRUE,0.088,TRUE,3,19,Amp,,0.867,N,,,
35,C11,FALSE,,GAPDH,STANDARD,VIC,NFQ-MGB,23.607,23.522,0.215,3.125,,,25.519,0.998,-3.918,79.973,TRUE,0.088,TRUE,3,19,Amp,,0.881,N,,,
36,C12,FALSE,,GAPDH,STANDARD,VIC,NFQ-MGB,23.681,23.522,0.215,3.125,,,25.519,0.998,-3.918,79.973,TRUE,0.088,TRUE,3,19,Amp,,0.877,N,,,
37,D1,FALSE,AiW001-2-DA6W,GAPDH,UNKNOWN,VIC,NFQ-MGB,21.502,21.532,0.027,10.602,10.417,0.165,25.519,0.998,-3.918,79.973,TRUE,0.088,TRUE,3,16,Amp,,0.831,N,,,
38,D2,FALSE,AiW001-2-DA6W,GAPDH,UNKNOWN,VIC,NFQ-MGB,21.54,21.532,0.027,10.365,10.417,0.165,25.519,0.998,-3.918,79.973,TRUE,0.088,TRUE,3,16,Amp,,0.813,N,,,
39,D3,FALSE,AiW001-2-DA6W,GAPDH,UNKNOWN,VIC,NFQ-MGB,21.553,21.532,0.027,10.284,10.417,0.165,25.519,0.998,-3.918,79.973,TRUE,0.088,TRUE,3,17,Amp,,0.817,N,,,
40,D4,FALSE,AJC001-5-DA6W,GAPDH,UNKNOWN,VIC,NFQ-MGB,21.125,21.207,0.071,13.229,12.614,0.534,25.519,0.998,-3.918,79.973,TRUE,0.088,TRUE,3,16,Amp,,0.796,Y,,,
41,D5,FALSE,AJC001-5-DA6W,GAPDH,UNKNOWN,VIC,NFQ-MGB,21.253,21.207,0.071,12.27,12.614,0.534,25.519,0.998,-3.918,79.973,TRUE,0.088,TRUE,3,17,Amp,,0.804,N,,,
42,D6,FALSE,AJC001-5-DA6W,GAPDH,UNKNOWN,VIC,NFQ-MGB,21.243,21.207,0.071,12.343,12.614,0.534,25.519,0.998,-3.918,79.973,TRUE,0.088,TRUE,3,17,Amp,,0.804,N,,,
43,D7,FALSE,522-266-2-DA6W,GAPDH,UNKNOWN,VIC,NFQ-MGB,20.551,20.748,0.231,18.538,16.606,2.192,25.519,0.998,-3.918,79.973,TRUE,0.088,TRUE,3,16,Amp,,0.781,Y,,,
44,D8,FALSE,522-266-2-DA6W,GAPDH,UNKNOWN,VIC,NFQ-MGB,20.692,20.748,0.231,17.056,16.606,2.192,25.519,0.998,-3.918,79.973,TRUE,0.088,TRUE,3,16,Amp,,0.786,Y,,,
45,D9,FALSE,522-266-2-DA6W,GAPDH,UNKNOWN,VIC,NFQ-MGB,21.001,20.748,0.231,14.224,16.606,2.192,25.519,0.998,-3.918,79.973,TRUE,0.088,TRUE,3,17,Amp,,0.821,N,,,
46,D10,FALSE,,GAPDH,STANDARD,VIC,NFQ-MGB,25.444,25.609,0.207,0.781,,,25.519,0.998,-3.918,79.973,TRUE,0.088,TRUE,3,21,Amp,,0.955,N,,,
47,D11,FALSE,,GAPDH,STANDARD,VIC,NFQ-MGB,25.543,25.609,0.207,0.781,,,25.519,0.998,-3.918,79.973,TRUE,0.088,TRUE,3,21,Amp,,0.95,N,,,
48,D12,FALSE,,GAPDH,STANDARD,VIC,NFQ-MGB,25.841,25.609,0.207,0.781,,,25.519,0.998,-3.918,79.973,TRUE,0.088,TRUE,3,21,Amp,,0.961,N,,,
49,E1,FALSE,AiW002-2-IPSC,GAPDH,UNKNOWN,VIC,NFQ-MGB,22.614,22.523,0.145,5.515,5.83,0.507,25.519,0.998,-3.918,79.973,TRUE,0.088,TRUE,3,18,Amp,,0.906,N,,,
50,E2,FALSE,AiW002-2-IPSC,GAPDH,UNKNOWN,VIC,NFQ-MGB,22.6,22.523,0.145,5.56,5.83,0.507,25.519,0.998,-3.918,79.973,TRUE,0.088,TRUE,3,18,Amp,,0.903,N,,,
51,E3,FALSE,AiW002-2-IPSC,GAPDH,UNKNOWN,VIC,NFQ-MGB,22.357,22.523,0.145,6.415,5.83,0.507,25.519,0.998,-3.918,79.973,TRUE,0.088,TRUE,3,17,Amp,,0.877,N,,,
52,E4,FALSE,AJG001C4-IPSC,GAPDH,UNKNOWN,VIC,NFQ-MGB,21.533,21.588,0.048,10.407,10.082,0.289,25.519,0.998,-3.918,79.973,TRUE,0.088,TRUE,3,17,Amp,,0.836,N,,,
53,E5,FALSE,AJG001C4-IPSC,GAPDH,UNKNOWN,VIC,NFQ-MGB,21.626,21.588,0.048,9.855,10.082,0.289,25.519,0.998,-3.918,79.973,TRUE,0.088,TRUE,3,17,Amp,,0.863,N,,,
54,E6,FALSE,AJG001C4-IPSC,GAPDH,UNKNOWN,VIC,NFQ-MGB,21.604,21.588,0.048,9.985,10.082,0.289,25.519,0.998,-3.918,79.973,TRUE,0.088,TRUE,3,17,Amp,,0.853,N,,,
55,E7,FALSE,NCRM1-IPSC,GAPDH,UNKNOWN,VIC,NFQ-MGB,21.543,21.719,0.164,10.347,9.357,0.911,25.519,0.998,-3.918,79.973,TRUE,0.088,TRUE,3,17,Amp,,0.84,N,,,
56,E8,FALSE,NCRM1-IPSC,GAPDH,UNKNOWN,VIC,NFQ-MGB,21.749,21.719,0.164,9.167,9.357,0.911,25.519,0.998,-3.918,79.973,TRUE,0.088,TRUE,3,17,Amp,,0.854,N,,,
57,E9,FALSE,NCRM1-IPSC,GAPDH,UNKNOWN,VIC,NFQ-MGB,21.866,21.719,0.164,8.556,9.357,0.911,25.519,0.998,-3.918,79.973,TRUE,0.088,TRUE,3,17,Amp,,0.837,N,,,
58,E10,FALSE,,GAPDH,STANDARD,VIC,NFQ-MGB,27.879,28.144,0.231,0.195,,,25.519,0.998,-3.918,79.973,TRUE,0.088,TRUE,3,23,Amp,,0.963,N,,,
59,E11,FALSE,,GAPDH,STANDARD,VIC,NFQ-MGB,28.254,28.144,0.231,0.195,,,25.519,0.998,-3.918,79.973,TRUE,0.088,TRUE,3,24,Amp,,0.962,N,,,
60,E12,FALSE,,GAPDH,STANDARD,VIC,NFQ-MGB,28.299,28.144,0.231,0.195,,,25.519,0.998,-3.918,79.973,TRUE,0.088,TRUE,3,24,Amp,,0.955,N,,,
61,F1,FALSE,AiW002-2-NPC,GAPDH,UNKNOWN,VIC,NFQ-MGB,21.838,21.77,0.06,8.702,9.059,0.316,25.519,0.998,-3.918,79.973,TRUE,0.088,TRUE,3,17,Amp,,0.881,N,,,
62,F2,FALSE,AiW002-2-NPC,GAPDH,UNKNOWN,VIC,NFQ-MGB,21.724,21.77,0.06,9.302,9.059,0.316,25.519,0.998,-3.918,79.973,TRUE,0.088,TRUE,3,16,Amp,,0.836,N,,,
63,F3,FALSE,AiW002-2-NPC,GAPDH,UNKNOWN,VIC,NFQ-MGB,21.748,21.77,0.06,9.174,9.059,0.316,25.519,0.998,-3.918,79.973,TRUE,0.088,TRUE,3,17,Amp,,0.818,N,,,
64,F4,FALSE,AJG001C4-NPC,GAPDH,UNKNOWN,VIC,NFQ-MGB,21.931,22.011,0.08,8.237,7.866,0.371,25.519,0.998,-3.918,79.973,TRUE,0.088,TRUE,3,18,Amp,,0.846,N,,,
65,F5,FALSE,AJG001C4-NPC,GAPDH,UNKNOWN,VIC,NFQ-MGB,22.092,22.011,0.08,7.494,7.866,0.371,25.519,0.998,-3.918,79.973,TRUE,0.088,TRUE,3,18,Amp,,0.882,N,,,
66,F6,FALSE,AJG001C4-NPC,GAPDH,UNKNOWN,VIC,NFQ-MGB,22.009,22.011,0.08,7.868,7.866,0.371,25.519,0.998,-3.918,79.973,TRUE,0.088,TRUE,3,18,Amp,,0.881,N,,,
67,F7,FALSE,NCRM1-NPC,GAPDH,UNKNOWN,VIC,NFQ-MGB,21.01,21.152,0.194,14.152,13.071,1.445,25.519,0.998,-3.918,79.973,TRUE,0.088,TRUE,3,16,Amp,,0.799,Y,,,
68,F8,FALSE,NCRM1-NPC,GAPDH,UNKNOWN,VIC,NFQ-MGB,21.074,21.152,0.194,13.631,13.071,1.445,25.519,0.998,-3.918,79.973,TRUE,0.088,TRUE,3,16,Amp,,0.805,N,,,
69,F9,FALSE,NCRM1-NPC,GAPDH,UNKNOWN,VIC,NFQ-MGB,21.373,21.152,0.194,11.43,13.071,1.445,25.519,0.998,-3.918,79.973,TRUE,0.088,TRUE,3,17,Amp,,0.813,N,,,
71,F11,FALSE,,GAPDH,STANDARD,VIC,NFQ-MGB,30.588,30.861,0.387,0.049,,,25.519,0.998,-3.918,79.973,TRUE,0.088,TRUE,3,26,Amp,,0.958,N,,,
72,F12,FALSE,,GAPDH,STANDARD,VIC,NFQ-MGB,31.135,30.861,0.387,0.049,,,25.519,0.998,-3.918,79.973,TRUE,0.088,TRUE,3,26,Amp,,0.951,N,,,
73,G1,FALSE,AiW002-2-DA4W,GAPDH,UNKNOWN,VIC,NFQ-MGB,22.077,22.082,0.08,7.558,7.543,0.353,25.519,0.998,-3.918,79.973,TRUE,0.088,TRUE,3,17,Amp,,0.862,N,,,
74,G2,FALSE,AiW002-2-DA4W,GAPDH,UNKNOWN,VIC,NFQ-MGB,22.005,22.082,0.08,7.888,7.543,0.353,25.519,0.998,-3.918,79.973,TRUE,0.088,TRUE,3,17,Amp,,0.857,N,,,
75,G3,FALSE,AiW002-2-DA4W,GAPDH,UNKNOWN,VIC,NFQ-MGB,22.164,22.082,0.08,7.183,7.543,0.353,25.519,0.998,-3.918,79.973,TRUE,0.088,TRUE,3,17,Amp,,0.846,N,,,
76,G4,FALSE,AJG001C4-DA4W,GAPDH,UNKNOWN,VIC,NFQ-MGB,20.991,21.085,0.095,14.307,13.56,0.754,25.519,0.998,-3.918,79.973,TRUE,0.088,TRUE,3,16,Amp,,0.806,N,,,
77,G5,FALSE,AJG001C4-DA4W,GAPDH,UNKNOWN,VIC,NFQ-MGB,21.081,21.085,0.095,13.572,13.56,0.754,25.519,0.998,-3.918,79.973,TRUE,0.088,TRUE,3,16,Amp,,0.801,N,,,
78,G6,FALSE,AJG001C4-DA4W,GAPDH,UNKNOWN,VIC,NFQ-MGB,21.181,21.085,0.095,12.8,13.56,0.754,25.519,0.998,-3.918,79.973,TRUE,0.088,TRUE,3,17,Amp,,0.813,N,,,
79,G7,FALSE,NCRM1-DA4W,GAPDH,UNKNOWN,VIC,NFQ-MGB,20.806,21.002,0.216,15.953,14.297,1.784,25.519,0.998,-3.918,79.973,TRUE,0.088,TRUE,3,16,Amp,,0.805,N,,,
80,G8,FALSE,NCRM1-DA4W,GAPDH,UNKNOWN,VIC,NFQ-MGB,20.965,21.002,0.216,14.53,14.297,1.784,25.519,0.998,-3.918,79.973,TRUE,0.088,TRUE,3,16,Amp,,0.802,N,,,
81,G9,FALSE,NCRM1-DA4W,GAPDH,UNKNOWN,VIC,NFQ-MGB,21.234,21.002,0.216,12.407,14.297,1.784,25.519,0.998,-3.918,79.973,TRUE,0.088,TRUE,3,17,Amp,,0.823,N,,,
83,G11,FALSE,,GAPDH,STANDARD,VIC,NFQ-MGB,32.947,33.15,0.287,0.012,,,25.519,0.998,-3.918,79.973,TRUE,0.088,TRUE,3,28,Amp,,0.952,N,,,
84,G12,FALSE,,GAPDH,STANDARD,VIC,NFQ-MGB,33.354,33.15,0.287,0.012,,,25.519,0.998,-3.918,79.973,TRUE,0.088,TRUE,3,29,Amp,,0.928,N,,,
85,H1,FALSE,AiW002-2-DA6W,GAPDH,UNKNOWN,VIC,NFQ-MGB,21.983,22.147,0.158,7.99,7.276,0.677,25.519,0.998,-3.918,79.973,TRUE,0.088,TRUE,3,18,Amp,,0.86,N,,,
86,H2,FALSE,AiW002-2-DA6W,GAPDH,UNKNOWN,VIC,NFQ-MGB,22.297,22.147,0.158,6.643,7.276,0.677,25.519,0.998,-3.918,79.973,TRUE,0.088,TRUE,3,18,Amp,,0.857,N,,,
87,H3,FALSE,AiW002-2-DA6W,GAPDH,UNKNOWN,VIC,NFQ-MGB,22.161,22.147,0.158,7.194,7.276,0.677,25.519,0.998,-3.918,79.973,TRUE,0.088,TRUE,3,17,Amp,,0.839,N,,,
88,H4,FALSE,AJG001C4-DA6W,GAPDH,UNKNOWN,VIC,NFQ-MGB,20.904,21.053,0.15,15.058,13.832,1.216,25.519,0.998,-3.918,79.973,TRUE,0.088,TRUE,3,16,Amp,,0.802,N,,,
89,H5,FALSE,AJG001C4-DA6W,GAPDH,UNKNOWN,VIC,NFQ-MGB,21.052,21.053,0.15,13.811,13.832,1.216,25.519,0.998,-3.918,79.973,TRUE,0.088,TRUE,3,17,Amp,,0.806,N,,,
90,H6,FALSE,AJG001C4-DA6W,GAPDH,UNKNOWN,VIC,NFQ-MGB,21.204,21.053,0.15,12.626,13.832,1.216,25.519,0.998,-3.918,79.973,TRUE,0.088,TRUE,3,17,Amp,,0.825,N,,,
91,H7,FALSE,NCRM1-DA6W,GAPDH,UNKNOWN,VIC,NFQ-MGB,20.923,21.166,0.267,14.891,13.015,2,25.519,0.998,-3.918,79.973,TRUE,0.088,TRUE,3,17,Amp,,0.8,Y,,,
92,H8,FALSE,NCRM1-DA6W,GAPDH,UNKNOWN,VIC,NFQ-MGB,21.123,21.166,0.267,13.242,13.015,2,25.519,0.998,-3.918,79.973,TRUE,0.088,TRUE,3,17,Amp,,0.826,N,,,
93,H9,FALSE,NCRM1-DA6W,GAPDH,UNKNOWN,VIC,NFQ-MGB,21.453,21.166,0.267,10.91,13.015,2,25.519,0.998,-3.918,79.973,TRUE,0.088,TRUE,3,17,Amp,,0.826,N,,,
94,H10,FALSE,,GAPDH,STANDARD,VIC,NFQ-MGB,35.447,35.481,0.082,0.003,,,25.519,0.998,-3.918,79.973,TRUE,0.088,TRUE,3,31,Amp,,0.915,N,,,
95,H11,FALSE,,GAPDH,STANDARD,VIC,NFQ-MGB,35.574,35.481,0.082,0.003,,,25.519,0.998,-3.918,79.973,TRUE,0.088,TRUE,3,31,Amp,,0.895,N,,,
96,H12,FALSE,,GAPDH,STANDARD,VIC,NFQ-MGB,35.421,35.481,0.082,0.003,,,25.519,0.998,-3.918,79.973,TRUE,0.088,TRUE,3,31,Amp,,0.913,N,,,
1,A1,FALSE,AiW001-2-IPSC,GRIN1,UNKNOWN,FAM,NFQ-MGB,32.411,32.951,0.495,0.229,0.169,0.054,30.049,0.994,-3.690,86.627,TRUE,0.267,TRUE,3,27,Amp,,0.960,N,N,N,N
2,A2,FALSE,AiW001-2-IPSC,GRIN1,UNKNOWN,FAM,NFQ-MGB,33.381,32.951,0.495,0.125,0.169,0.054,30.049,0.994,-3.690,86.627,TRUE,0.267,TRUE,3,28,Amp,,0.972,N,N,N,N
3,A3,FALSE,AiW001-2-IPSC,GRIN1,UNKNOWN,FAM,NFQ-MGB,33.062,32.951,0.495,0.153,0.169,0.054,30.049,0.994,-3.690,86.627,TRUE,0.267,TRUE,3,28,Amp,,0.974,N,N,N,N
4,A4,FALSE,AJC001-5-IPSC,GRIN1,UNKNOWN,FAM,NFQ-MGB,Undetermined,,,,,,30.049,0.994,-3.690,86.627,TRUE,0.267,TRUE,3,39,No Amp,,0.000,Y,Y,N,Y
5,A5,FALSE,AJC001-5-IPSC,GRIN1,UNKNOWN,FAM,NFQ-MGB,Undetermined,,,,,,30.049,0.994,-3.690,86.627,TRUE,0.267,TRUE,3,39,No Amp,,0.000,Y,Y,N,Y
6,A6,FALSE,AJC001-5-IPSC,GRIN1,UNKNOWN,FAM,NFQ-MGB,Undetermined,,,,,,30.049,0.994,-3.690,86.627,TRUE,0.267,TRUE,3,39,No Amp,,0.000,Y,Y,N,Y
7,A7,FALSE,522-266-2-IPSC,GRIN1,UNKNOWN,FAM,NFQ-MGB,35.791,35.791,,0.028,0.028,,30.049,0.994,-3.690,86.627,TRUE,0.267,TRUE,3,30,Amp,,0.935,N,N,N,N
8,A8,FALSE,522-266-2-IPSC,GRIN1,UNKNOWN,FAM,NFQ-MGB,Undetermined,35.791,,,,,30.049,0.994,-3.690,86.627,TRUE,0.267,TRUE,3,39,No Amp,,0.000,Y,Y,N,Y
9,A9,FALSE,522-266-2-IPSC,GRIN1,UNKNOWN,FAM,NFQ-MGB,Undetermined,35.791,,,,,30.049,0.994,-3.690,86.627,TRUE,0.267,TRUE,3,39,No Amp,,0.000,Y,Y,N,Y
10,A10,FALSE,,GRIN1,STANDARD,FAM,NFQ-MGB,24.030,23.951,0.070,50.000,,,30.049,0.994,-3.690,86.627,TRUE,0.267,TRUE,3,17,Amp,,0.980,N,N,N,N
11,A11,FALSE,,GRIN1,STANDARD,FAM,NFQ-MGB,23.925,23.951,0.070,50.000,,,30.049,0.994,-3.690,86.627,TRUE,0.267,TRUE,3,17,Amp,,0.990,N,N,N,N
12,A12,FALSE,,GRIN1,STANDARD,FAM,NFQ-MGB,23.897,23.951,0.070,50.000,,,30.049,0.994,-3.690,86.627,TRUE,0.267,TRUE,3,17,Amp,,0.988,N,N,N,N
13,B1,FALSE,AiW001-2-NPC,GRIN1,UNKNOWN,FAM,NFQ-MGB,28.307,28.543,0.254,2.964,2.580,0.401,30.049,0.994,-3.690,86.627,TRUE,0.267,TRUE,3,23,Amp,,0.986,N,N,N,N
14,B2,FALSE,AiW001-2-NPC,GRIN1,UNKNOWN,FAM,NFQ-MGB,28.510,28.543,0.254,2.612,2.580,0.401,30.049,0.994,-3.690,86.627,TRUE,0.267,TRUE,3,23,Amp,,0.984,N,N,N,N
15,B3,FALSE,AiW001-2-NPC,GRIN1,UNKNOWN,FAM,NFQ-MGB,28.811,28.543,0.254,2.164,2.580,0.401,30.049,0.994,-3.690,86.627,TRUE,0.267,TRUE,3,23,Amp,,0.982,N,N,N,N
16,B4,FALSE,AJC001-5-NPC,GRIN1,UNKNOWN,FAM,NFQ-MGB,30.645,30.852,0.182,0.689,0.608,0.071,30.049,0.994,-3.690,86.627,TRUE,0.267,TRUE,3,25,Amp,,0.979,N,N,N,N
17,B5,FALSE,AJC001-5-NPC,GRIN1,UNKNOWN,FAM,NFQ-MGB,30.926,30.852,0.182,0.578,0.608,0.071,30.049,0.994,-3.690,86.627,TRUE,0.267,TRUE,3,25,Amp,,0.973,N,N,N,N
18,B6,FALSE,AJC001-5-NPC,GRIN1,UNKNOWN,FAM,NFQ-MGB,30.985,30.852,0.182,0.558,0.608,0.071,30.049,0.994,-3.690,86.627,TRUE,0.267,TRUE,3,25,Amp,,0.985,N,N,N,N
19,B7,FALSE,522-266-2-NPC,GRIN1,UNKNOWN,FAM,NFQ-MGB,30.129,30.131,0.094,0.951,0.951,0.055,30.049,0.994,-3.690,86.627,TRUE,0.267,TRUE,3,24,Amp,,0.986,N,N,N,N
20,B8,FALSE,522-266-2-NPC,GRIN1,UNKNOWN,FAM,NFQ-MGB,30.225,30.131,0.094,0.896,0.951,0.055,30.049,0.994,-3.690,86.627,TRUE,0.267,TRUE,3,24,Amp,,0.981,N,N,N,N
21,B9,FALSE,522-266-2-NPC,GRIN1,UNKNOWN,FAM,NFQ-MGB,30.038,30.131,0.094,1.007,0.951,0.055,30.049,0.994,-3.690,86.627,TRUE,0.267,TRUE,3,23,Amp,,0.989,N,N,N,N
22,B10,FALSE,,GRIN1,STANDARD,FAM,NFQ-MGB,25.949,26.071,0.117,12.500,,,30.049,0.994,-3.690,86.627,TRUE,0.267,TRUE,3,21,Amp,,0.988,N,N,N,N
23,B11,FALSE,,GRIN1,STANDARD,FAM,NFQ-MGB,26.081,26.071,0.117,12.500,,,30.049,0.994,-3.690,86.627,TRUE,0.267,TRUE,3,19,Amp,,0.991,N,N,N,N
24,B12,FALSE,,GRIN1,STANDARD,FAM,NFQ-MGB,26.183,26.071,0.117,12.500,,,30.049,0.994,-3.690,86.627,TRUE,0.267,TRUE,3,21,Amp,,0.991,N,N,N,N
25,C1,FALSE,AiW001-2-DA4W,GRIN1,UNKNOWN,FAM,NFQ-MGB,23.325,23.441,0.219,66.375,62.124,8.148,30.049,0.994,-3.690,86.627,TRUE,0.267,TRUE,3,17,Amp,,0.991,N,N,N,N
26,C2,FALSE,AiW001-2-DA4W,GRIN1,UNKNOWN,FAM,NFQ-MGB,23.303,23.441,0.219,67.268,62.124,8.148,30.049,0.994,-3.690,86.627,TRUE,0.267,TRUE,3,18,Amp,,0.988,N,N,N,N
27,C3,FALSE,AiW001-2-DA4W,GRIN1,UNKNOWN,FAM,NFQ-MGB,23.694,23.441,0.219,52.730,62.124,8.148,30.049,0.994,-3.690,86.627,TRUE,0.267,TRUE,3,17,Amp,,0.983,N,N,N,N
28,C4,FALSE,AJC001-5-DA4W,GRIN1,UNKNOWN,FAM,NFQ-MGB,23.832,23.917,0.088,48.360,45.922,2.509,30.049,0.994,-3.690,86.627,TRUE,0.267,TRUE,3,18,Amp,,0.991,N,N,N,N
29,C5,FALSE,AJC001-5-DA4W,GRIN1,UNKNOWN,FAM,NFQ-MGB,23.911,23.917,0.088,46.059,45.922,2.509,30.049,0.994,-3.690,86.627,TRUE,0.267,TRUE,3,18,Amp,,0.989,N,N,N,N
30,C6,FALSE,AJC001-5-DA4W,GRIN1,UNKNOWN,FAM,NFQ-MGB,24.008,23.917,0.088,43.347,45.922,2.509,30.049,0.994,-3.690,86.627,TRUE,0.267,TRUE,3,18,Amp,,0.987,N,N,N,N
31,C7,FALSE,522-266-2-DA4W,GRIN1,UNKNOWN,FAM,NFQ-MGB,22.469,22.549,0.075,113.218,107.782,5.085,30.049,0.994,-3.690,86.627,TRUE,0.267,TRUE,3,17,Amp,,0.986,N,N,N,N
32,C8,FALSE,522-266-2-DA4W,GRIN1,UNKNOWN,FAM,NFQ-MGB,22.618,22.549,0.075,103.143,107.782,5.085,30.049,0.994,-3.690,86.627,TRUE,0.267,TRUE,3,17,Amp,,0.989,N,N,N,N
33,C9,FALSE,522-266-2-DA4W,GRIN1,UNKNOWN,FAM,NFQ-MGB,22.560,22.549,0.075,106.985,107.782,5.085,30.049,0.994,-3.690,86.627,TRUE,0.267,TRUE,3,17,Amp,,0.987,N,N,N,N
34,C10,FALSE,,GRIN1,STANDARD,FAM,NFQ-MGB,27.747,28.079,0.295,3.125,,,30.049,0.994,-3.690,86.627,TRUE,0.267,TRUE,3,20,Amp,,0.989,N,N,N,N
35,C11,FALSE,,GRIN1,STANDARD,FAM,NFQ-MGB,28.182,28.079,0.295,3.125,,,30.049,0.994,-3.690,86.627,TRUE,0.267,TRUE,3,23,Amp,,0.993,N,N,N,N
36,C12,FALSE,,GRIN1,STANDARD,FAM,NFQ-MGB,28.310,28.079,0.295,3.125,,,30.049,0.994,-3.690,86.627,TRUE,0.267,TRUE,3,23,Amp,,0.989,N,N,N,N
37,D1,FALSE,AiW001-2-DA6W,GRIN1,UNKNOWN,FAM,NFQ-MGB,23.779,23.841,0.093,49.994,48.140,2.745,30.049,0.994,-3.690,86.627,TRUE,0.267,TRUE,3,19,Amp,,0.992,N,N,N,N
38,D2,FALSE,AiW001-2-DA6W,GRIN1,UNKNOWN,FAM,NFQ-MGB,23.797,23.841,0.093,49.440,48.140,2.745,30.049,0.994,-3.690,86.627,TRUE,0.267,TRUE,3,18,Amp,,0.989,N,N,N,N
39,D3,FALSE,AiW001-2-DA6W,GRIN1,UNKNOWN,FAM,NFQ-MGB,23.948,23.841,0.093,44.987,48.140,2.745,30.049,0.994,-3.690,86.627,TRUE,0.267,TRUE,3,18,Amp,,0.993,N,N,N,N
40,D4,FALSE,AJC001-5-DA6W,GRIN1,UNKNOWN,FAM,NFQ-MGB,23.678,23.740,0.065,53.261,51.259,2.074,30.049,0.994,-3.690,86.627,TRUE,0.267,TRUE,3,19,Amp,,0.986,N,N,N,N
41,D5,FALSE,AJC001-5-DA6W,GRIN1,UNKNOWN,FAM,NFQ-MGB,23.735,23.740,0.065,51.397,51.259,2.074,30.049,0.994,-3.690,86.627,TRUE,0.267,TRUE,3,18,Amp,,0.988,N,N,N,N
42,D6,FALSE,AJC001-5-DA6W,GRIN1,UNKNOWN,FAM,NFQ-MGB,23.807,23.740,0.065,49.119,51.259,2.074,30.049,0.994,-3.690,86.627,TRUE,0.267,TRUE,3,18,Amp,,0.985,N,N,N,N
43,D7,FALSE,522-266-2-DA6W,GRIN1,UNKNOWN,FAM,NFQ-MGB,22.016,22.082,0.081,150.238,144.235,7.201,30.049,0.994,-3.690,86.627,TRUE,0.267,TRUE,3,16,Amp,,0.989,N,N,N,N
44,D8,FALSE,522-266-2-DA6W,GRIN1,UNKNOWN,FAM,NFQ-MGB,22.059,22.082,0.081,146.217,144.235,7.201,30.049,0.994,-3.690,86.627,TRUE,0.267,TRUE,3,16,Amp,,0.985,N,N,N,N
45,D9,FALSE,522-266-2-DA6W,GRIN1,UNKNOWN,FAM,NFQ-MGB,22.172,22.082,0.081,136.250,144.235,7.201,30.049,0.994,-3.690,86.627,TRUE,0.267,TRUE,3,16,Amp,,0.986,N,N,N,N
46,D10,FALSE,,GRIN1,STANDARD,FAM,NFQ-MGB,29.986,30.176,0.266,0.781,,,30.049,0.994,-3.690,86.627,TRUE,0.267,TRUE,3,24,Amp,,0.995,N,N,N,N
47,D11,FALSE,,GRIN1,STANDARD,FAM,NFQ-MGB,30.479,30.176,0.266,0.781,,,30.049,0.994,-3.690,86.627,TRUE,0.267,TRUE,3,24,Amp,,0.991,N,N,N,N
48,D12,FALSE,,GRIN1,STANDARD,FAM,NFQ-MGB,30.062,30.176,0.266,0.781,,,30.049,0.994,-3.690,86.627,TRUE,0.267,TRUE,3,25,Amp,,0.993,N,N,N,N
49,E1,FALSE,AiW002-2-IPSC,GRIN1,UNKNOWN,FAM,NFQ-MGB,38.039,36.032,1.758,0.007,0.033,0.023,30.049,0.994,-3.690,86.627,TRUE,0.267,TRUE,3,32,Inconclusive,,0.833,N,N,Y,N
50,E2,FALSE,AiW002-2-IPSC,GRIN1,UNKNOWN,FAM,NFQ-MGB,35.291,36.032,1.758,0.038,0.033,0.023,30.049,0.994,-3.690,86.627,TRUE,0.267,TRUE,3,29,Amp,,0.959,N,N,Y,N
51,E3,FALSE,AiW002-2-IPSC,GRIN1,UNKNOWN,FAM,NFQ-MGB,34.765,36.032,1.758,0.053,0.033,0.023,30.049,0.994,-3.690,86.627,TRUE,0.267,TRUE,3,29,Amp,,0.954,N,N,Y,N
52,E4,FALSE,AJG001C4-IPSC,GRIN1,UNKNOWN,FAM,NFQ-MGB,37.444,36.862,1.272,0.010,0.018,0.015,30.049,0.994,-3.690,86.627,TRUE,0.267,TRUE,3,32,Amp,,0.860,N,N,Y,N
53,E5,FALSE,AJG001C4-IPSC,GRIN1,UNKNOWN,FAM,NFQ-MGB,37.738,36.862,1.272,0.008,0.018,0.015,30.049,0.994,-3.690,86.627,TRUE,0.267,TRUE,3,32,Amp,,0.851,N,N,Y,N
54,E6,FALSE,AJG001C4-IPSC,GRIN1,UNKNOWN,FAM,NFQ-MGB,35.403,36.862,1.272,0.035,0.018,0.015,30.049,0.994,-3.690,86.627,TRUE,0.267,TRUE,3,30,Amp,,0.956,N,N,Y,N
55,E7,FALSE,NCRM1-IPSC,GRIN1,UNKNOWN,FAM,NFQ-MGB,36.976,35.986,1.329,0.013,0.031,0.028,30.049,0.994,-3.690,86.627,TRUE,0.267,TRUE,3,31,Amp,,0.931,N,N,Y,N
56,E8,FALSE,NCRM1-IPSC,GRIN1,UNKNOWN,FAM,NFQ-MGB,36.506,35.986,1.329,0.018,0.031,0.028,30.049,0.994,-3.690,86.627,TRUE,0.267,TRUE,3,31,Amp,,0.935,N,N,Y,N
57,E9,FALSE,NCRM1-IPSC,GRIN1,UNKNOWN,FAM,NFQ-MGB,34.475,35.986,1.329,0.063,0.031,0.028,30.049,0.994,-3.690,86.627,TRUE,0.267,TRUE,3,29,Amp,,0.976,N,N,Y,N
58,E10,FALSE,,GRIN1,STANDARD,FAM,NFQ-MGB,32.427,32.497,0.212,0.195,,,30.049,0.994,-3.690,86.627,TRUE,0.267,TRUE,3,26,Amp,,0.986,N,N,N,N
59,E11,FALSE,,GRIN1,STANDARD,FAM,NFQ-MGB,32.329,32.497,0.212,0.195,,,30.049,0.994,-3.690,86.627,TRUE,0.267,TRUE,3,26,Amp,,0.983,N,N,N,N
60,E12,FALSE,,GRIN1,STANDARD,FAM,NFQ-MGB,32.736,32.497,0.212,0.195,,,30.049,0.994,-3.690,86.627,TRUE,0.267,TRUE,3,27,Amp,,0.988,N,N,N,N
61,F1,FALSE,AiW002-2-NPC,GRIN1,UNKNOWN,FAM,NFQ-MGB,27.242,27.270,0.054,5.760,5.664,0.189,30.049,0.994,-3.690,86.627,TRUE,0.267,TRUE,3,22,Amp,,0.989,N,N,N,N
62,F2,FALSE,AiW002-2-NPC,GRIN1,UNKNOWN,FAM,NFQ-MGB,27.235,27.270,0.054,5.786,5.664,0.189,30.049,0.994,-3.690,86.627,TRUE,0.267,TRUE,3,22,Amp,,0.980,N,N,N,N
63,F3,FALSE,AiW002-2-NPC,GRIN1,UNKNOWN,FAM,NFQ-MGB,27.332,27.270,0.054,5.447,5.664,0.189,30.049,0.994,-3.690,86.627,TRUE,0.267,TRUE,3,22,Amp,,0.985,N,N,N,N
64,F4,FALSE,AJG001C4-NPC,GRIN1,UNKNOWN,FAM,NFQ-MGB,32.832,33.047,0.197,0.176,0.155,0.019,30.049,0.994,-3.690,86.627,TRUE,0.267,TRUE,3,27,Amp,,0.963,N,N,N,N
65,F5,FALSE,AJG001C4-NPC,GRIN1,UNKNOWN,FAM,NFQ-MGB,33.092,33.047,0.197,0.150,0.155,0.019,30.049,0.994,-3.690,86.627,TRUE,0.267,TRUE,3,27,Amp,,0.963,N,N,N,N
66,F6,FALSE,AJG001C4-NPC,GRIN1,UNKNOWN,FAM,NFQ-MGB,33.217,33.047,0.197,0.138,0.155,0.019,30.049,0.994,-3.690,86.627,TRUE,0.267,TRUE,3,26,Amp,,0.957,N,N,N,N
67,F7,FALSE,NCRM1-NPC,GRIN1,UNKNOWN,FAM,NFQ-MGB,26.131,26.280,0.130,11.524,10.526,0.873,30.049,0.994,-3.690,86.627,TRUE,0.267,TRUE,3,21,Amp,,0.982,N,N,N,N
68,F8,FALSE,NCRM1-NPC,GRIN1,UNKNOWN,FAM,NFQ-MGB,26.373,26.280,0.130,9.907,10.526,0.873,30.049,0.994,-3.690,86.627,TRUE,0.267,TRUE,3,21,Amp,,0.987,N,N,N,N
69,F9,FALSE,NCRM1-NPC,GRIN1,UNKNOWN,FAM,NFQ-MGB,26.335,26.280,0.130,10.145,10.526,0.873,30.049,0.994,-3.690,86.627,TRUE,0.267,TRUE,3,20,Amp,,0.988,N,N,N,N
70,F10,FALSE,,GRIN1,STANDARD,FAM,NFQ-MGB,35.426,35.396,0.043,0.049,,,30.049,0.994,-3.690,86.627,TRUE,0.267,TRUE,3,30,Amp,,0.965,N,N,N,N
71,F11,FALSE,,GRIN1,STANDARD,FAM,NFQ-MGB,35.366,35.396,0.043,0.049,,,30.049,0.994,-3.690,86.627,TRUE,0.267,TRUE,3,29,Amp,,0.964,N,N,N,N
73,G1,FALSE,AiW002-2-DA4W,GRIN1,UNKNOWN,FAM,NFQ-MGB,24.184,24.341,0.137,38.838,35.287,3.084,30.049,0.994,-3.690,86.627,TRUE,0.267,TRUE,3,18,Amp,,0.985,N,N,N,N
74,G2,FALSE,AiW002-2-DA4W,GRIN1,UNKNOWN,FAM,NFQ-MGB,24.409,24.341,0.137,33.740,35.287,3.084,30.049,0.994,-3.690,86.627,TRUE,0.267,TRUE,3,19,Amp,,0.989,N,N,N,N
75,G3,FALSE,AiW002-2-DA4W,GRIN1,UNKNOWN,FAM,NFQ-MGB,24.431,24.341,0.137,33.282,35.287,3.084,30.049,0.994,-3.690,86.627,TRUE,0.267,TRUE,3,19,Amp,,0.991,N,N,N,N
76,G4,FALSE,AJG001C4-DA4W,GRIN1,UNKNOWN,FAM,NFQ-MGB,22.827,22.918,0.081,90.554,85.634,4.356,30.049,0.994,-3.690,86.627,TRUE,0.267,TRUE,3,17,Amp,,0.989,N,N,N,N
77,G5,FALSE,AJG001C4-DA4W,GRIN1,UNKNOWN,FAM,NFQ-MGB,22.946,22.918,0.081,84.078,85.634,4.356,30.049,0.994,-3.690,86.627,TRUE,0.267,TRUE,3,17,Amp,,0.983,N,N,N,N
78,G6,FALSE,AJG001C4-DA4W,GRIN1,UNKNOWN,FAM,NFQ-MGB,22.981,22.918,0.081,82.270,85.634,4.356,30.049,0.994,-3.690,86.627,TRUE,0.267,TRUE,3,16,Amp,,0.986,N,N,N,N
79,G7,FALSE,NCRM1-DA4W,GRIN1,UNKNOWN,FAM,NFQ-MGB,22.115,22.212,0.114,141.219,133.128,9.361,30.049,0.994,-3.690,86.627,TRUE,0.267,TRUE,3,16,Amp,,0.989,N,N,N,N
80,G8,FALSE,NCRM1-DA4W,GRIN1,UNKNOWN,FAM,NFQ-MGB,22.184,22.212,0.114,135.290,133.128,9.361,30.049,0.994,-3.690,86.627,TRUE,0.267,TRUE,3,16,Amp,,0.989,N,N,N,N
81,G9,FALSE,NCRM1-DA4W,GRIN1,UNKNOWN,FAM,NFQ-MGB,22.338,22.212,0.114,122.875,133.128,9.361,30.049,0.994,-3.690,86.627,TRUE,0.267,TRUE,3,16,Amp,,0.988,N,N,N,N
85,H1,FALSE,AiW002-2-DA6W,GRIN1,UNKNOWN,FAM,NFQ-MGB,24.792,24.905,0.099,26.571,24.801,1.553,30.049,0.994,-3.690,86.627,TRUE,0.267,TRUE,3,19,Amp,,0.987,N,N,N,N
86,H2,FALSE,AiW002-2-DA6W,GRIN1,UNKNOWN,FAM,NFQ-MGB,24.944,24.905,0.099,24.169,24.801,1.553,30.049,0.994,-3.690,86.627,TRUE,0.267,TRUE,3,19,Amp,,0.988,N,N,N,N
87,H3,FALSE,AiW002-2-DA6W,GRIN1,UNKNOWN,FAM,NFQ-MGB,24.978,24.905,0.099,23.663,24.801,1.553,30.049,0.994,-3.690,86.627,TRUE,0.267,TRUE,3,19,Amp,,0.987,N,N,N,N
88,H4,FALSE,AJG001C4-DA6W,GRIN1,UNKNOWN,FAM,NFQ-MGB,22.742,23.028,0.347,95.464,81.106,16.715,30.049,0.994,-3.690,86.627,TRUE,0.267,TRUE,3,18,Amp,,0.988,N,N,N,N
89,H5,FALSE,AJG001C4-DA6W,GRIN1,UNKNOWN,FAM,NFQ-MGB,22.927,23.028,0.347,85.097,81.106,16.715,30.049,0.994,-3.690,86.627,TRUE,0.267,TRUE,3,17,Amp,,0.984,N,N,N,N
90,H6,FALSE,AJG001C4-DA6W,GRIN1,UNKNOWN,FAM,NFQ-MGB,23.415,23.028,0.347,62.757,81.106,16.715,30.049,0.994,-3.690,86.627,TRUE,0.267,TRUE,3,18,Amp,,0.984,N,N,N,N
91,H7,FALSE,NCRM1-DA6W,GRIN1,UNKNOWN,FAM,NFQ-MGB,22.096,22.318,0.193,142.884,124.993,15.507,30.049,0.994,-3.690,86.627,TRUE,0.267,TRUE,3,16,Amp,,0.988,N,N,N,N
92,H8,FALSE,NCRM1-DA6W,GRIN1,UNKNOWN,FAM,NFQ-MGB,22.438,22.318,0.193,115.422,124.993,15.507,30.049,0.994,-3.690,86.627,TRUE,0.267,TRUE,3,16,Amp,,0.987,N,N,N,N
93,H9,FALSE,NCRM1-DA6W,GRIN1,UNKNOWN,FAM,NFQ-MGB,22.421,22.318,0.193,116.673,124.993,15.507,30.049,0.994,-3.690,86.627,TRUE,0.267,TRUE,3,17,Amp,,0.987,N,N,N,N
1,A1,FALSE,AiW001-2-IPSC,KCNJ6,UNKNOWN,FAM,NFQ-MGB,32.295,32.519,0.216,1.416,1.226,0.179,32.812,0.997,-3.429,95.718,TRUE,0.511,TRUE,3,25,Amp,,0.981,,,,
2,A2,FALSE,AiW001-2-IPSC,KCNJ6,UNKNOWN,FAM,NFQ-MGB,32.725,32.519,0.216,1.060,1.226,0.179,32.812,0.997,-3.429,95.718,TRUE,0.511,TRUE,3,25,Amp,,0.980,,,,
3,A3,FALSE,AiW001-2-IPSC,KCNJ6,UNKNOWN,FAM,NFQ-MGB,32.538,32.519,0.216,1.203,1.226,0.179,32.812,0.997,-3.429,95.718,TRUE,0.511,TRUE,3,25,Amp,,0.985,,,,
4,A4,FALSE,AJC001-5-IPSC,KCNJ6,UNKNOWN,FAM,NFQ-MGB,31.509,31.455,0.060,2.400,2.490,0.100,32.812,0.997,-3.429,95.718,TRUE,0.511,TRUE,3,23,Amp,,0.981,,,,
5,A5,FALSE,AJC001-5-IPSC,KCNJ6,UNKNOWN,FAM,NFQ-MGB,31.464,31.455,0.060,2.472,2.490,0.100,32.812,0.997,-3.429,95.718,TRUE,0.511,TRUE,3,25,Amp,,0.985,,,,
6,A6,FALSE,AJC001-5-IPSC,KCNJ6,UNKNOWN,FAM,NFQ-MGB,31.391,31.455,0.060,2.598,2.490,0.100,32.812,0.997,-3.429,95.718,TRUE,0.511,TRUE,3,25,Amp,,0.979,,,,
7,A7,FALSE,522-266-2-IPSC,KCNJ6,UNKNOWN,FAM,NFQ-MGB,30.845,30.952,0.097,3.747,3.492,0.230,32.812,0.997,-3.429,95.718,TRUE,0.511,TRUE,3,24,Amp,,0.983,,,,
8,A8,FALSE,522-266-2-IPSC,KCNJ6,UNKNOWN,FAM,NFQ-MGB,30.975,30.952,0.097,3.434,3.492,0.230,32.812,0.997,-3.429,95.718,TRUE,0.511,TRUE,3,24,Amp,,0.988,,,,
9,A9,FALSE,522-266-2-IPSC,KCNJ6,UNKNOWN,FAM,NFQ-MGB,31.035,30.952,0.097,3.297,3.492,0.230,32.812,0.997,-3.429,95.718,TRUE,0.511,TRUE,3,24,Amp,,0.980,,,,
10,A10,FALSE,,KCNJ6,STANDARD,FAM,NFQ-MGB,26.989,26.989,0.027,50.000,,,32.812,0.997,-3.429,95.718,TRUE,0.511,TRUE,3,21,Amp,,0.986,,,,
11,A11,FALSE,,KCNJ6,STANDARD,FAM,NFQ-MGB,27.016,26.989,0.027,50.000,,,32.812,0.997,-3.429,95.718,TRUE,0.511,TRUE,3,19,Amp,,0.981,,,,
12,A12,FALSE,,KCNJ6,STANDARD,FAM,NFQ-MGB,26.961,26.989,0.027,50.000,,,32.812,0.997,-3.429,95.718,TRUE,0.511,TRUE,3,21,Amp,,0.987,,,,
13,B1,FALSE,AiW001-2-NPC,KCNJ6,UNKNOWN,FAM,NFQ-MGB,28.759,28.929,0.149,15.208,13.613,1.394,32.812,0.997,-3.429,95.718,TRUE,0.511,TRUE,3,23,Amp,,0.985,,,,
14,B2,FALSE,AiW001-2-NPC,KCNJ6,UNKNOWN,FAM,NFQ-MGB,28.992,28.929,0.149,13.001,13.613,1.394,32.812,0.997,-3.429,95.718,TRUE,0.511,TRUE,3,21,Amp,,0.984,,,,
15,B3,FALSE,AiW001-2-NPC,KCNJ6,UNKNOWN,FAM,NFQ-MGB,29.036,28.929,0.149,12.629,13.613,1.394,32.812,0.997,-3.429,95.718,TRUE,0.511,TRUE,3,23,Amp,,0.981,,,,
16,B4,FALSE,AJC001-5-NPC,KCNJ6,UNKNOWN,FAM,NFQ-MGB,31.434,31.683,0.305,2.523,2.163,0.422,32.812,0.997,-3.429,95.718,TRUE,0.511,TRUE,3,25,Amp,,0.988,,,,
17,B5,FALSE,AJC001-5-NPC,KCNJ6,UNKNOWN,FAM,NFQ-MGB,31.592,31.683,0.305,2.268,2.163,0.422,32.812,0.997,-3.429,95.718,TRUE,0.511,TRUE,3,25,Amp,,0.981,,,,
18,B6,FALSE,AJC001-5-NPC,KCNJ6,UNKNOWN,FAM,NFQ-MGB,32.024,31.683,0.305,1.698,2.163,0.422,32.812,0.997,-3.429,95.718,TRUE,0.511,TRUE,3,26,Amp,,0.976,,,,
19,B7,FALSE,522-266-2-NPC,KCNJ6,UNKNOWN,FAM,NFQ-MGB,33.812,33.984,0.458,0.511,0.469,0.132,32.812,0.997,-3.429,95.718,TRUE,0.511,TRUE,3,27,Amp,,0.982,,,,
20,B8,FALSE,522-266-2-NPC,KCNJ6,UNKNOWN,FAM,NFQ-MGB,34.504,33.984,0.458,0.321,0.469,0.132,32.812,0.997,-3.429,95.718,TRUE,0.511,TRUE,3,28,Amp,,0.977,,,,
21,B9,FALSE,522-266-2-NPC,KCNJ6,UNKNOWN,FAM,NFQ-MGB,33.637,33.984,0.458,0.575,0.469,0.132,32.812,0.997,-3.429,95.718,TRUE,0.511,TRUE,3,27,Amp,,0.982,,,,
22,B10,FALSE,,KCNJ6,STANDARD,FAM,NFQ-MGB,28.858,29.045,0.164,12.500,,,32.812,0.997,-3.429,95.718,TRUE,0.511,TRUE,3,21,Amp,,0.988,,,,
23,B11,FALSE,,KCNJ6,STANDARD,FAM,NFQ-MGB,29.162,29.045,0.164,12.500,,,32.812,0.997,-3.429,95.718,TRUE,0.511,TRUE,3,22,Amp,,0.982,,,,
24,B12,FALSE,,KCNJ6,STANDARD,FAM,NFQ-MGB,29.116,29.045,0.164,12.500,,,32.812,0.997,-3.429,95.718,TRUE,0.511,TRUE,3,20,Amp,,0.984,,,,
25,C1,FALSE,AiW001-2-DA4W,KCNJ6,UNKNOWN,FAM,NFQ-MGB,27.730,27.935,0.190,30.343,26.582,3.446,32.812,0.997,-3.429,95.718,TRUE,0.511,TRUE,3,20,Amp,,0.989,,,,
26,C2,FALSE,AiW001-2-DA4W,KCNJ6,UNKNOWN,FAM,NFQ-MGB,27.970,27.935,0.190,25.827,26.582,3.446,32.812,0.997,-3.429,95.718,TRUE,0.511,TRUE,3,21,Amp,,0.991,,,,
27,C3,FALSE,AiW001-2-DA4W,KCNJ6,UNKNOWN,FAM,NFQ-MGB,28.106,27.935,0.190,23.577,26.582,3.446,32.812,0.997,-3.429,95.718,TRUE,0.511,TRUE,3,21,Amp,,0.985,,,,
28,C4,FALSE,AJC001-5-DA4W,KCNJ6,UNKNOWN,FAM,NFQ-MGB,26.353,26.511,0.140,76.512,68.991,6.637,32.812,0.997,-3.429,95.718,TRUE,0.511,TRUE,3,19,Amp,,0.987,,,,
29,C5,FALSE,AJC001-5-DA4W,KCNJ6,UNKNOWN,FAM,NFQ-MGB,26.620,26.511,0.140,63.956,68.991,6.637,32.812,0.997,-3.429,95.718,TRUE,0.511,TRUE,3,20,Amp,,0.988,,,,
30,C6,FALSE,AJC001-5-DA4W,KCNJ6,UNKNOWN,FAM,NFQ-MGB,26.562,26.511,0.140,66.506,68.991,6.637,32.812,0.997,-3.429,95.718,TRUE,0.511,TRUE,3,20,Amp,,0.985,,,,
31,C7,FALSE,522-266-2-DA4W,KCNJ6,UNKNOWN,FAM,NFQ-MGB,27.174,27.219,0.063,44.097,42.787,1.801,32.812,0.997,-3.429,95.718,TRUE,0.511,TRUE,3,21,Amp,,0.988,,,,
32,C8,FALSE,522-266-2-DA4W,KCNJ6,UNKNOWN,FAM,NFQ-MGB,27.292,27.219,0.063,40.734,42.787,1.801,32.812,0.997,-3.429,95.718,TRUE,0.511,TRUE,3,21,Amp,,0.983,,,,
33,C9,FALSE,522-266-2-DA4W,KCNJ6,UNKNOWN,FAM,NFQ-MGB,27.193,27.219,0.063,43.531,42.787,1.801,32.812,0.997,-3.429,95.718,TRUE,0.511,TRUE,3,21,Amp,,0.984,,,,
34,C10,FALSE,,KCNJ6,STANDARD,FAM,NFQ-MGB,30.983,31.154,0.148,3.125,,,32.812,0.997,-3.429,95.718,TRUE,0.511,TRUE,3,24,Amp,,0.989,,,,
35,C11,FALSE,,KCNJ6,STANDARD,FAM,NFQ-MGB,31.235,31.154,0.148,3.125,,,32.812,0.997,-3.429,95.718,TRUE,0.511,TRUE,3,23,Amp,,0.987,,,,
36,C12,FALSE,,KCNJ6,STANDARD,FAM,NFQ-MGB,31.244,31.154,0.148,3.125,,,32.812,0.997,-3.429,95.718,TRUE,0.511,TRUE,3,23,Amp,,0.986,,,,
37,D1,FALSE,AiW001-2-DA6W,KCNJ6,UNKNOWN,FAM,NFQ-MGB,27.688,27.783,0.131,31.224,29.353,2.527,32.812,0.997,-3.429,95.718,TRUE,0.511,TRUE,3,21,Amp,,0.990,,,,
38,D2,FALSE,AiW001-2-DA6W,KCNJ6,UNKNOWN,FAM,NFQ-MGB,27.730,27.783,0.131,30.356,29.353,2.527,32.812,0.997,-3.429,95.718,TRUE,0.511,TRUE,3,21,Amp,,0.983,,,,
39,D3,FALSE,AiW001-2-DA6W,KCNJ6,UNKNOWN,FAM,NFQ-MGB,27.933,27.783,0.131,26.479,29.353,2.527,32.812,0.997,-3.429,95.718,TRUE,0.511,TRUE,3,21,Amp,,0.986,,,,
40,D4,FALSE,AJC001-5-DA6W,KCNJ6,UNKNOWN,FAM,NFQ-MGB,26.458,26.583,0.113,71.307,65.692,5.050,32.812,0.997,-3.429,95.718,TRUE,0.511,TRUE,3,20,Amp,,0.982,,,,
41,D5,FALSE,AJC001-5-DA6W,KCNJ6,UNKNOWN,FAM,NFQ-MGB,26.613,26.583,0.113,64.246,65.692,5.050,32.812,0.997,-3.429,95.718,TRUE,0.511,TRUE,3,20,Amp,,0.989,,,,
42,D6,FALSE,AJC001-5-DA6W,KCNJ6,UNKNOWN,FAM,NFQ-MGB,26.678,26.583,0.113,61.521,65.692,5.050,32.812,0.997,-3.429,95.718,TRUE,0.511,TRUE,3,19,Amp,,0.983,,,,
43,D7,FALSE,522-266-2-DA6W,KCNJ6,UNKNOWN,FAM,NFQ-MGB,26.769,26.869,0.105,57.875,54.196,3.816,32.812,0.997,-3.429,95.718,TRUE,0.511,TRUE,3,20,Amp,,0.981,,,,
44,D8,FALSE,522-266-2-DA6W,KCNJ6,UNKNOWN,FAM,NFQ-MGB,26.859,26.869,0.105,54.456,54.196,3.816,32.812,0.997,-3.429,95.718,TRUE,0.511,TRUE,3,20,Amp,,0.985,,,,
45,D9,FALSE,522-266-2-DA6W,KCNJ6,UNKNOWN,FAM,NFQ-MGB,26.979,26.869,0.105,50.256,54.196,3.816,32.812,0.997,-3.429,95.718,TRUE,0.511,TRUE,3,20,Amp,,0.987,,,,
46,D10,FALSE,,KCNJ6,STANDARD,FAM,NFQ-MGB,32.888,33.111,0.290,0.781,,,32.812,0.997,-3.429,95.718,TRUE,0.511,TRUE,3,26,Amp,,0.990,,,,
47,D11,FALSE,,KCNJ6,STANDARD,FAM,NFQ-MGB,33.439,33.111,0.290,0.781,,,32.812,0.997,-3.429,95.718,TRUE,0.511,TRUE,3,27,Amp,,0.985,,,,
48,D12,FALSE,,KCNJ6,STANDARD,FAM,NFQ-MGB,33.005,33.111,0.290,0.781,,,32.812,0.997,-3.429,95.718,TRUE,0.511,TRUE,3,26,Amp,,0.986,,,,
49,E1,FALSE,AiW002-2-IPSC,KCNJ6,UNKNOWN,FAM,NFQ-MGB,30.933,30.878,0.080,3.532,3.669,0.200,32.812,0.997,-3.429,95.718,TRUE,0.511,TRUE,3,24,Amp,,0.985,,,,
50,E2,FALSE,AiW002-2-IPSC,KCNJ6,UNKNOWN,FAM,NFQ-MGB,30.914,30.878,0.080,3.577,3.669,0.200,32.812,0.997,-3.429,95.718,TRUE,0.511,TRUE,3,24,Amp,,0.987,,,,
51,E3,FALSE,AiW002-2-IPSC,KCNJ6,UNKNOWN,FAM,NFQ-MGB,30.786,30.878,0.080,3.899,3.669,0.200,32.812,0.997,-3.429,95.718,TRUE,0.511,TRUE,3,24,Amp,,0.984,,,,
52,E4,FALSE,AJG001C4-IPSC,KCNJ6,UNKNOWN,FAM,NFQ-MGB,31.320,31.502,0.282,2.723,2.438,0.435,32.812,0.997,-3.429,95.718,TRUE,0.511,TRUE,3,24,Amp,,0.984,,,,
53,E5,FALSE,AJG001C4-IPSC,KCNJ6,UNKNOWN,FAM,NFQ-MGB,31.359,31.502,0.282,2.654,2.438,0.435,32.812,0.997,-3.429,95.718,TRUE,0.511,TRUE,3,25,Amp,,0.986,,,,
54,E6,FALSE,AJG001C4-IPSC,KCNJ6,UNKNOWN,FAM,NFQ-MGB,31.827,31.502,0.282,1.937,2.438,0.435,32.812,0.997,-3.429,95.718,TRUE,0.511,TRUE,3,25,Amp,,0.982,,,,
55,E7,FALSE,NCRM1-IPSC,KCNJ6,UNKNOWN,FAM,NFQ-MGB,31.390,31.244,0.152,2.599,2.876,0.296,32.812,0.997,-3.429,95.718,TRUE,0.511,TRUE,3,24,Amp,,0.983,,,,
56,E8,FALSE,NCRM1-IPSC,KCNJ6,UNKNOWN,FAM,NFQ-MGB,31.257,31.244,0.152,2.842,2.876,0.296,32.812,0.997,-3.429,95.718,TRUE,0.511,TRUE,3,23,Amp,,0.988,,,,
57,E9,FALSE,NCRM1-IPSC,KCNJ6,UNKNOWN,FAM,NFQ-MGB,31.086,31.244,0.152,3.187,2.876,0.296,32.812,0.997,-3.429,95.718,TRUE,0.511,TRUE,3,24,Amp,,0.984,,,,
59,E11,FALSE,,KCNJ6,STANDARD,FAM,NFQ-MGB,35.248,35.298,0.072,0.195,,,32.812,0.997,-3.429,95.718,TRUE,0.511,TRUE,3,28,Amp,,0.984,,,,
60,E12,FALSE,,KCNJ6,STANDARD,FAM,NFQ-MGB,35.349,35.298,0.072,0.195,,,32.812,0.997,-3.429,95.718,TRUE,0.511,TRUE,3,28,Amp,,0.984,,,,
61,F1,FALSE,AiW002-2-NPC,KCNJ6,UNKNOWN,FAM,NFQ-MGB,29.522,29.612,0.094,9.113,8.587,0.542,32.812,0.997,-3.429,95.718,TRUE,0.511,TRUE,3,22,Amp,,0.985,,,,
62,F2,FALSE,AiW002-2-NPC,KCNJ6,UNKNOWN,FAM,NFQ-MGB,29.605,29.612,0.094,8.619,8.587,0.542,32.812,0.997,-3.429,95.718,TRUE,0.511,TRUE,3,22,Amp,,0.983,,,,
63,F3,FALSE,AiW002-2-NPC,KCNJ6,UNKNOWN,FAM,NFQ-MGB,29.710,29.612,0.094,8.031,8.587,0.542,32.812,0.997,-3.429,95.718,TRUE,0.511,TRUE,3,22,Amp,,0.985,,,,
64,F4,FALSE,AJG001C4-NPC,KCNJ6,UNKNOWN,FAM,NFQ-MGB,32.721,32.838,0.130,1.063,0.985,0.085,32.812,0.997,-3.429,95.718,TRUE,0.511,TRUE,3,26,Amp,,0.979,,,,
65,F5,FALSE,AJG001C4-NPC,KCNJ6,UNKNOWN,FAM,NFQ-MGB,32.978,32.838,0.130,0.895,0.985,0.085,32.812,0.997,-3.429,95.718,TRUE,0.511,TRUE,3,26,Amp,,0.976,,,,
66,F6,FALSE,AJG001C4-NPC,KCNJ6,UNKNOWN,FAM,NFQ-MGB,32.816,32.838,0.130,0.997,0.985,0.085,32.812,0.997,-3.429,95.718,TRUE,0.511,TRUE,3,26,Amp,,0.985,,,,
67,F7,FALSE,NCRM1-NPC,KCNJ6,UNKNOWN,FAM,NFQ-MGB,29.532,29.663,0.118,9.048,8.303,0.667,32.812,0.997,-3.429,95.718,TRUE,0.511,TRUE,3,23,Amp,,0.980,,,,
68,F8,FALSE,NCRM1-NPC,KCNJ6,UNKNOWN,FAM,NFQ-MGB,29.760,29.663,0.118,7.765,8.303,0.667,32.812,0.997,-3.429,95.718,TRUE,0.511,TRUE,3,23,Amp,,0.985,,,,
69,F9,FALSE,NCRM1-NPC,KCNJ6,UNKNOWN,FAM,NFQ-MGB,29.698,29.663,0.118,8.095,8.303,0.667,32.812,0.997,-3.429,95.718,TRUE,0.511,TRUE,3,23,Amp,,0.986,,,,
73,G1,FALSE,AiW002-2-DA4W,KCNJ6,UNKNOWN,FAM,NFQ-MGB,27.932,28.020,0.101,26.506,25.012,1.670,32.812,0.997,-3.429,95.718,TRUE,0.511,TRUE,3,21,Amp,,0.989,,,,
74,G2,FALSE,AiW002-2-DA4W,KCNJ6,UNKNOWN,FAM,NFQ-MGB,28.000,28.020,0.101,25.322,25.012,1.670,32.812,0.997,-3.429,95.718,TRUE,0.511,TRUE,3,21,Amp,,0.989,,,,
75,G3,FALSE,AiW002-2-DA4W,KCNJ6,UNKNOWN,FAM,NFQ-MGB,28.129,28.020,0.101,23.208,25.012,1.670,32.812,0.997,-3.429,95.718,TRUE,0.511,TRUE,3,21,Amp,,0.982,,,,
76,G4,FALSE,AJG001C4-DA4W,KCNJ6,UNKNOWN,FAM,NFQ-MGB,27.012,26.831,0.212,49.156,55.896,8.135,32.812,0.997,-3.429,95.718,TRUE,0.511,TRUE,3,20,Amp,,0.986,,,,
77,G5,FALSE,AJG001C4-DA4W,KCNJ6,UNKNOWN,FAM,NFQ-MGB,26.597,26.831,0.212,64.933,55.896,8.135,32.812,0.997,-3.429,95.718,TRUE,0.511,TRUE,3,19,Amp,,0.982,,,,
78,G6,FALSE,AJG001C4-DA4W,KCNJ6,UNKNOWN,FAM,NFQ-MGB,26.883,26.831,0.212,53.600,55.896,8.135,32.812,0.997,-3.429,95.718,TRUE,0.511,TRUE,3,20,Amp,,0.989,,,,
79,G7,FALSE,NCRM1-DA4W,KCNJ6,UNKNOWN,FAM,NFQ-MGB,27.945,28.053,0.099,26.274,24.468,1.643,32.812,0.997,-3.429,95.718,TRUE,0.511,TRUE,3,21,Amp,,0.985,,,,
80,G8,FALSE,NCRM1-DA4W,KCNJ6,UNKNOWN,FAM,NFQ-MGB,28.139,28.053,0.099,23.060,24.468,1.643,32.812,0.997,-3.429,95.718,TRUE,0.511,TRUE,3,22,Amp,,0.984,,,,
81,G9,FALSE,NCRM1-DA4W,KCNJ6,UNKNOWN,FAM,NFQ-MGB,28.075,28.053,0.099,24.070,24.468,1.643,32.812,0.997,-3.429,95.718,TRUE,0.511,TRUE,3,21,Amp,,0.983,,,,
85,H1,FALSE,AiW002-2-DA6W,KCNJ6,UNKNOWN,FAM,NFQ-MGB,27.862,28.038,0.152,27.773,24.771,2.601,32.812,0.997,-3.429,95.718,TRUE,0.511,TRUE,3,22,Amp,,0.985,,,,
86,H2,FALSE,AiW002-2-DA6W,KCNJ6,UNKNOWN,FAM,NFQ-MGB,28.131,28.038,0.152,23.177,24.771,2.601,32.812,0.997,-3.429,95.718,TRUE,0.511,TRUE,3,22,Amp,,0.986,,,,
87,H3,FALSE,AiW002-2-DA6W,KCNJ6,UNKNOWN,FAM,NFQ-MGB,28.120,28.038,0.152,23.362,24.771,2.601,32.812,0.997,-3.429,95.718,TRUE,0.511,TRUE,3,22,Amp,,0.985,,,,
88,H4,FALSE,AJG001C4-DA6W,KCNJ6,UNKNOWN,FAM,NFQ-MGB,26.945,26.905,0.105,51.406,52.906,3.784,32.812,0.997,-3.429,95.718,TRUE,0.511,TRUE,3,20,Amp,,0.991,,,,
89,H5,FALSE,AJG001C4-DA6W,KCNJ6,UNKNOWN,FAM,NFQ-MGB,26.786,26.905,0.105,57.210,52.906,3.784,32.812,0.997,-3.429,95.718,TRUE,0.511,TRUE,3,20,Amp,,0.986,,,,
90,H6,FALSE,AJG001C4-DA6W,KCNJ6,UNKNOWN,FAM,NFQ-MGB,26.983,26.905,0.105,50.103,52.906,3.784,32.812,0.997,-3.429,95.718,TRUE,0.511,TRUE,3,21,Amp,,0.989,,,,
91,H7,FALSE,NCRM1-DA6W,KCNJ6,UNKNOWN,FAM,NFQ-MGB,27.949,28.053,0.104,26.192,24.470,1.710,32.812,0.997,-3.429,95.718,TRUE,0.511,TRUE,3,22,Amp,,0.989,,,,
92,H8,FALSE,NCRM1-DA6W,KCNJ6,UNKNOWN,FAM,NFQ-MGB,28.052,28.053,0.104,24.445,24.470,1.710,32.812,0.997,-3.429,95.718,TRUE,0.511,TRUE,3,22,Amp,,0.982,,,,
93,H9,FALSE,NCRM1-DA6W,KCNJ6,UNKNOWN,FAM,NFQ-MGB,28.158,28.053,0.104,22.773,24.470,1.710,32.812,0.997,-3.429,95.718,TRUE,0.511,TRUE,3,22,Amp,,0.989,,,,
1,A1,FALSE,AiW001-2-IPSC,SYP,UNKNOWN,FAM,NFQ-MGB,29.107,29.01,0.1,0.831,0.889,0.061,28.836,0.998,-3.372,97.972,TRUE,0.577,TRUE,3,21,Amp,,0.982,,,,
2,A2,FALSE,AiW001-2-IPSC,SYP,UNKNOWN,FAM,NFQ-MGB,29.016,29.01,0.1,0.884,0.889,0.061,28.836,0.998,-3.372,97.972,TRUE,0.577,TRUE,3,21,Amp,,0.982,,,,
3,A3,FALSE,AiW001-2-IPSC,SYP,UNKNOWN,FAM,NFQ-MGB,28.907,29.01,0.1,0.953,0.889,0.061,28.836,0.998,-3.372,97.972,TRUE,0.577,TRUE,3,20,Amp,,0.984,,,,
4,A4,FALSE,AJC001-5-IPSC,SYP,UNKNOWN,FAM,NFQ-MGB,29.375,29.504,0.114,0.692,0.635,0.05,28.836,0.998,-3.372,97.972,TRUE,0.577,TRUE,3,21,Amp,,0.984,,,,
5,A5,FALSE,AJC001-5-IPSC,SYP,UNKNOWN,FAM,NFQ-MGB,29.545,29.504,0.114,0.616,0.635,0.05,28.836,0.998,-3.372,97.972,TRUE,0.577,TRUE,3,23,Amp,,0.981,,,,
6,A6,FALSE,AJC001-5-IPSC,SYP,UNKNOWN,FAM,NFQ-MGB,29.593,29.504,0.114,0.596,0.635,0.05,28.836,0.998,-3.372,97.972,TRUE,0.577,TRUE,3,23,Amp,,0.986,,,,
7,A7,FALSE,522-266-2-IPSC,SYP,UNKNOWN,FAM,NFQ-MGB,29.124,29.011,0.106,0.822,0.889,0.064,28.836,0.998,-3.372,97.972,TRUE,0.577,TRUE,3,22,Amp,,0.983,,,,
8,A8,FALSE,522-266-2-IPSC,SYP,UNKNOWN,FAM,NFQ-MGB,28.914,29.011,0.106,0.948,0.889,0.064,28.836,0.998,-3.372,97.972,TRUE,0.577,TRUE,3,22,Amp,,0.99,,,,
9,A9,FALSE,522-266-2-IPSC,SYP,UNKNOWN,FAM,NFQ-MGB,28.994,29.011,0.106,0.898,0.889,0.064,28.836,0.998,-3.372,97.972,TRUE,0.577,TRUE,3,22,Amp,,0.989,,,,
10,A10,FALSE,,SYP,STANDARD,FAM,NFQ-MGB,23.1,23.109,0.03,50,,,28.836,0.998,-3.372,97.972,TRUE,0.577,TRUE,3,17,Amp,,0.986,,,,
11,A11,FALSE,,SYP,STANDARD,FAM,NFQ-MGB,23.085,23.109,0.03,50,,,28.836,0.998,-3.372,97.972,TRUE,0.577,TRUE,3,17,Amp,,0.987,,,,
12,A12,FALSE,,SYP,STANDARD,FAM,NFQ-MGB,23.143,23.109,0.03,50,,,28.836,0.998,-3.372,97.972,TRUE,0.577,TRUE,3,16,Amp,,0.985,,,,
13,B1,FALSE,AiW001-2-NPC,SYP,UNKNOWN,FAM,NFQ-MGB,27.587,27.575,0.047,2.346,2.367,0.076,28.836,0.998,-3.372,97.972,TRUE,0.577,TRUE,3,21,Amp,,0.988,,,,
14,B2,FALSE,AiW001-2-NPC,SYP,UNKNOWN,FAM,NFQ-MGB,27.614,27.575,0.047,2.303,2.367,0.076,28.836,0.998,-3.372,97.972,TRUE,0.577,TRUE,3,20,Amp,,0.986,,,,
15,B3,FALSE,AiW001-2-NPC,SYP,UNKNOWN,FAM,NFQ-MGB,27.524,27.575,0.047,2.45,2.367,0.076,28.836,0.998,-3.372,97.972,TRUE,0.577,TRUE,3,20,Amp,,0.988,,,,
16,B4,FALSE,AJC001-5-NPC,SYP,UNKNOWN,FAM,NFQ-MGB,28.335,28.459,0.114,1.408,1.297,0.102,28.836,0.998,-3.372,97.972,TRUE,0.577,TRUE,3,21,Amp,,0.983,,,,
17,B5,FALSE,AJC001-5-NPC,SYP,UNKNOWN,FAM,NFQ-MGB,28.483,28.459,0.114,1.272,1.297,0.102,28.836,0.998,-3.372,97.972,TRUE,0.577,TRUE,3,21,Amp,,0.983,,,,
18,B6,FALSE,AJC001-5-NPC,SYP,UNKNOWN,FAM,NFQ-MGB,28.558,28.459,0.114,1.209,1.297,0.102,28.836,0.998,-3.372,97.972,TRUE,0.577,TRUE,3,22,Amp,,0.985,,,,
19,B7,FALSE,522-266-2-NPC,SYP,UNKNOWN,FAM,NFQ-MGB,27.746,27.827,0.12,2.105,1.997,0.16,28.836,0.998,-3.372,97.972,TRUE,0.577,TRUE,3,21,Amp,,0.99,,,,
20,B8,FALSE,522-266-2-NPC,SYP,UNKNOWN,FAM,NFQ-MGB,27.965,27.827,0.12,1.813,1.997,0.16,28.836,0.998,-3.372,97.972,TRUE,0.577,TRUE,3,21,Amp,,0.98,,,,
21,B9,FALSE,522-266-2-NPC,SYP,UNKNOWN,FAM,NFQ-MGB,27.77,27.827,0.12,2.071,1.997,0.16,28.836,0.998,-3.372,97.972,TRUE,0.577,TRUE,3,21,Amp,,0.988,,,,
24,B12,FALSE,,SYP,STANDARD,FAM,NFQ-MGB,25.115,25.115,,12.5,,,28.836,0.998,-3.372,97.972,TRUE,0.577,TRUE,3,19,Amp,,0.983,,,,
25,C1,FALSE,AiW001-2-DA4W,SYP,UNKNOWN,FAM,NFQ-MGB,23.419,23.402,0.064,40.435,40.934,1.802,28.836,0.998,-3.372,97.972,TRUE,0.577,TRUE,3,16,Amp,,0.989,,,,
26,C2,FALSE,AiW001-2-DA4W,SYP,UNKNOWN,FAM,NFQ-MGB,23.331,23.402,0.064,42.933,40.934,1.802,28.836,0.998,-3.372,97.972,TRUE,0.577,TRUE,3,17,Amp,,0.987,,,,
27,C3,FALSE,AiW001-2-DA4W,SYP,UNKNOWN,FAM,NFQ-MGB,23.456,23.402,0.064,39.434,40.934,1.802,28.836,0.998,-3.372,97.972,TRUE,0.577,TRUE,3,16,Amp,,0.98,,,,
28,C4,FALSE,AJC001-5-DA4W,SYP,UNKNOWN,FAM,NFQ-MGB,22.864,22.925,0.054,59.051,56.694,2.111,28.836,0.998,-3.372,97.972,TRUE,0.577,TRUE,3,14,Amp,,0.991,,,,
29,C5,FALSE,AJC001-5-DA4W,SYP,UNKNOWN,FAM,NFQ-MGB,22.969,22.925,0.054,54.977,56.694,2.111,28.836,0.998,-3.372,97.972,TRUE,0.577,TRUE,3,17,Amp,,0.99,,,,
30,C6,FALSE,AJC001-5-DA4W,SYP,UNKNOWN,FAM,NFQ-MGB,22.941,22.925,0.054,56.054,56.694,2.111,28.836,0.998,-3.372,97.972,TRUE,0.577,TRUE,3,16,Amp,,0.989,,,,
31,C7,FALSE,522-266-2-DA4W,SYP,UNKNOWN,FAM,NFQ-MGB,22.651,22.656,0.041,68.304,68.084,1.916,28.836,0.998,-3.372,97.972,TRUE,0.577,TRUE,3,16,Amp,,0.988,,,,
32,C8,FALSE,522-266-2-DA4W,SYP,UNKNOWN,FAM,NFQ-MGB,22.7,22.656,0.041,66.068,68.084,1.916,28.836,0.998,-3.372,97.972,TRUE,0.577,TRUE,3,16,Amp,,0.989,,,,
33,C9,FALSE,522-266-2-DA4W,SYP,UNKNOWN,FAM,NFQ-MGB,22.618,22.656,0.041,69.88,68.084,1.916,28.836,0.998,-3.372,97.972,TRUE,0.577,TRUE,3,16,Amp,,0.985,,,,
34,C10,FALSE,,SYP,STANDARD,FAM,NFQ-MGB,27.054,27.151,0.094,3.125,,,28.836,0.998,-3.372,97.972,TRUE,0.577,TRUE,3,20,Amp,,0.985,,,,
35,C11,FALSE,,SYP,STANDARD,FAM,NFQ-MGB,27.157,27.151,0.094,3.125,,,28.836,0.998,-3.372,97.972,TRUE,0.577,TRUE,3,20,Amp,,0.985,,,,
36,C12,FALSE,,SYP,STANDARD,FAM,NFQ-MGB,27.243,27.151,0.094,3.125,,,28.836,0.998,-3.372,97.972,TRUE,0.577,TRUE,3,20,Amp,,0.986,,,,
37,D1,FALSE,AiW001-2-DA6W,SYP,UNKNOWN,FAM,NFQ-MGB,23.624,23.362,0.249,35.142,42.425,7.079,28.836,0.998,-3.372,97.972,TRUE,0.577,TRUE,3,16,Amp,,0.991,,,,
38,D2,FALSE,AiW001-2-DA6W,SYP,UNKNOWN,FAM,NFQ-MGB,23.129,23.362,0.249,49.282,42.425,7.079,28.836,0.998,-3.372,97.972,TRUE,0.577,TRUE,3,15,Amp,,0.984,,,,
39,D3,FALSE,AiW001-2-DA6W,SYP,UNKNOWN,FAM,NFQ-MGB,23.334,23.362,0.249,42.849,42.425,7.079,28.836,0.998,-3.372,97.972,TRUE,0.577,TRUE,3,16,Amp,,0.988,,,,
40,D4,FALSE,AJC001-5-DA6W,SYP,UNKNOWN,FAM,NFQ-MGB,22.585,22.66,0.083,71.453,67.988,3.808,28.836,0.998,-3.372,97.972,TRUE,0.577,TRUE,3,15,Amp,,0.989,,,,
41,D5,FALSE,AJC001-5-DA6W,SYP,UNKNOWN,FAM,NFQ-MGB,22.748,22.66,0.083,63.911,67.988,3.808,28.836,0.998,-3.372,97.972,TRUE,0.577,TRUE,3,16,Amp,,0.988,,,,
42,D6,FALSE,AJC001-5-DA6W,SYP,UNKNOWN,FAM,NFQ-MGB,22.645,22.66,0.083,68.6,67.988,3.808,28.836,0.998,-3.372,97.972,TRUE,0.577,TRUE,3,14,Amp,,0.989,,,,
43,D7,FALSE,522-266-2-DA6W,SYP,UNKNOWN,FAM,NFQ-MGB,22.561,22.505,0.052,72.631,75.511,2.672,28.836,0.998,-3.372,97.972,TRUE,0.577,TRUE,3,16,Amp,,0.985,,,,
44,D8,FALSE,522-266-2-DA6W,SYP,UNKNOWN,FAM,NFQ-MGB,22.495,22.505,0.052,75.992,75.511,2.672,28.836,0.998,-3.372,97.972,TRUE,0.577,TRUE,3,16,Amp,,0.989,,,,
45,D9,FALSE,522-266-2-DA6W,SYP,UNKNOWN,FAM,NFQ-MGB,22.458,22.505,0.052,77.911,75.511,2.672,28.836,0.998,-3.372,97.972,TRUE,0.577,TRUE,3,15,Amp,,0.987,,,,
46,D10,FALSE,,SYP,STANDARD,FAM,NFQ-MGB,29.132,29.248,0.174,0.781,,,28.836,0.998,-3.372,97.972,TRUE,0.577,TRUE,3,22,Amp,,0.989,,,,
47,D11,FALSE,,SYP,STANDARD,FAM,NFQ-MGB,29.162,29.248,0.174,0.781,,,28.836,0.998,-3.372,97.972,TRUE,0.577,TRUE,3,21,Amp,,0.986,,,,
48,D12,FALSE,,SYP,STANDARD,FAM,NFQ-MGB,29.448,29.248,0.174,0.781,,,28.836,0.998,-3.372,97.972,TRUE,0.577,TRUE,3,21,Amp,,0.989,,,,
49,E1,FALSE,AiW002-2-IPSC,SYP,UNKNOWN,FAM,NFQ-MGB,28.404,28.436,0.03,1.343,1.314,0.027,28.836,0.998,-3.372,97.972,TRUE,0.577,TRUE,3,21,Amp,,0.986,,,,
50,E2,FALSE,AiW002-2-IPSC,SYP,UNKNOWN,FAM,NFQ-MGB,28.442,28.436,0.03,1.309,1.314,0.027,28.836,0.998,-3.372,97.972,TRUE,0.577,TRUE,3,21,Amp,,0.987,,,,
51,E3,FALSE,AiW002-2-IPSC,SYP,UNKNOWN,FAM,NFQ-MGB,28.463,28.436,0.03,1.29,1.314,0.027,28.836,0.998,-3.372,97.972,TRUE,0.577,TRUE,3,21,Amp,,0.986,,,,
52,E4,FALSE,AJG001C4-IPSC,SYP,UNKNOWN,FAM,NFQ-MGB,28.492,28.578,0.109,1.265,1.195,0.087,28.836,0.998,-3.372,97.972,TRUE,0.577,TRUE,3,21,Amp,,0.988,,,,
53,E5,FALSE,AJG001C4-IPSC,SYP,UNKNOWN,FAM,NFQ-MGB,28.542,28.578,0.109,1.222,1.195,0.087,28.836,0.998,-3.372,97.972,TRUE,0.577,TRUE,3,22,Amp,,0.986,,,,
54,E6,FALSE,AJG001C4-IPSC,SYP,UNKNOWN,FAM,NFQ-MGB,28.7,28.578,0.109,1.097,1.195,0.087,28.836,0.998,-3.372,97.972,TRUE,0.577,TRUE,3,21,Amp,,0.987,,,,
55,E7,FALSE,NCRM1-IPSC,SYP,UNKNOWN,FAM,NFQ-MGB,28.265,28.205,0.054,1.477,1.539,0.056,28.836,0.998,-3.372,97.972,TRUE,0.577,TRUE,3,22,Amp,,0.98,,,,
56,E8,FALSE,NCRM1-IPSC,SYP,UNKNOWN,FAM,NFQ-MGB,28.162,28.205,0.054,1.585,1.539,0.056,28.836,0.998,-3.372,97.972,TRUE,0.577,TRUE,3,22,Amp,,0.985,,,,
57,E9,FALSE,NCRM1-IPSC,SYP,UNKNOWN,FAM,NFQ-MGB,28.188,28.205,0.054,1.557,1.539,0.056,28.836,0.998,-3.372,97.972,TRUE,0.577,TRUE,3,22,Amp,,0.985,,,,
58,E10,FALSE,,SYP,STANDARD,FAM,NFQ-MGB,31.124,31.202,0.23,0.195,,,28.836,0.998,-3.372,97.972,TRUE,0.577,TRUE,3,24,Amp,,0.987,,,,
59,E11,FALSE,,SYP,STANDARD,FAM,NFQ-MGB,31.022,31.202,0.23,0.195,,,28.836,0.998,-3.372,97.972,TRUE,0.577,TRUE,3,24,Amp,,0.986,,,,
60,E12,FALSE,,SYP,STANDARD,FAM,NFQ-MGB,31.461,31.202,0.23,0.195,,,28.836,0.998,-3.372,97.972,TRUE,0.577,TRUE,3,24,Amp,,0.988,,,,
61,F1,FALSE,AiW002-2-NPC,SYP,UNKNOWN,FAM,NFQ-MGB,24.618,24.522,0.121,17.832,19.08,1.601,28.836,0.998,-3.372,97.972,TRUE,0.577,TRUE,3,18,Amp,,0.989,,,,
62,F2,FALSE,AiW002-2-NPC,SYP,UNKNOWN,FAM,NFQ-MGB,24.562,24.522,0.121,18.522,19.08,1.601,28.836,0.998,-3.372,97.972,TRUE,0.577,TRUE,3,17,Amp,,0.988,,,,
63,F3,FALSE,AiW002-2-NPC,SYP,UNKNOWN,FAM,NFQ-MGB,24.386,24.522,0.121,20.885,19.08,1.601,28.836,0.998,-3.372,97.972,TRUE,0.577,TRUE,3,16,Amp,,0.987,,,,
64,F4,FALSE,AJG001C4-NPC,SYP,UNKNOWN,FAM,NFQ-MGB,28.622,28.624,0.037,1.157,1.156,0.029,28.836,0.998,-3.372,97.972,TRUE,0.577,TRUE,3,21,Amp,,0.985,,,,
65,F5,FALSE,AJG001C4-NPC,SYP,UNKNOWN,FAM,NFQ-MGB,28.662,28.624,0.037,1.126,1.156,0.029,28.836,0.998,-3.372,97.972,TRUE,0.577,TRUE,3,21,Amp,,0.98,,,,
66,F6,FALSE,AJG001C4-NPC,SYP,UNKNOWN,FAM,NFQ-MGB,28.589,28.624,0.037,1.184,1.156,0.029,28.836,0.998,-3.372,97.972,TRUE,0.577,TRUE,3,21,Amp,,0.979,,,,
67,F7,FALSE,NCRM1-NPC,SYP,UNKNOWN,FAM,NFQ-MGB,24.693,24.707,0.045,16.938,16.786,0.517,28.836,0.998,-3.372,97.972,TRUE,0.577,TRUE,3,18,Amp,,0.988,,,,
68,F8,FALSE,NCRM1-NPC,SYP,UNKNOWN,FAM,NFQ-MGB,24.757,24.707,0.045,16.209,16.786,0.517,28.836,0.998,-3.372,97.972,TRUE,0.577,TRUE,3,18,Amp,,0.985,,,,
69,F9,FALSE,NCRM1-NPC,SYP,UNKNOWN,FAM,NFQ-MGB,24.67,24.707,0.045,17.209,16.786,0.517,28.836,0.998,-3.372,97.972,TRUE,0.577,TRUE,3,16,Amp,,0.987,,,,
73,G1,FALSE,AiW002-2-DA4W,SYP,UNKNOWN,FAM,NFQ-MGB,23.23,23.155,0.115,46.003,48.506,3.873,28.836,0.998,-3.372,97.972,TRUE,0.577,TRUE,3,17,Amp,,0.986,,,,
74,G2,FALSE,AiW002-2-DA4W,SYP,UNKNOWN,FAM,NFQ-MGB,23.213,23.155,0.115,46.548,48.506,3.873,28.836,0.998,-3.372,97.972,TRUE,0.577,TRUE,3,16,Amp,,0.988,,,,
75,G3,FALSE,AiW002-2-DA4W,SYP,UNKNOWN,FAM,NFQ-MGB,23.024,23.155,0.115,52.968,48.506,3.873,28.836,0.998,-3.372,97.972,TRUE,0.577,TRUE,3,16,Amp,,0.986,,,,
76,G4,FALSE,AJG001C4-DA4W,SYP,UNKNOWN,FAM,NFQ-MGB,22.375,22.391,0.022,82.503,81.618,1.218,28.836,0.998,-3.372,97.972,TRUE,0.577,TRUE,3,15,Amp,,0.988,,,,
77,G5,FALSE,AJG001C4-DA4W,SYP,UNKNOWN,FAM,NFQ-MGB,22.416,22.391,0.022,80.229,81.618,1.218,28.836,0.998,-3.372,97.972,TRUE,0.577,TRUE,3,14,Amp,,0.986,,,,
78,G6,FALSE,AJG001C4-DA4W,SYP,UNKNOWN,FAM,NFQ-MGB,22.381,22.391,0.022,82.121,81.618,1.218,28.836,0.998,-3.372,97.972,TRUE,0.577,TRUE,3,15,Amp,,0.988,,,,
79,G7,FALSE,NCRM1-DA4W,SYP,UNKNOWN,FAM,NFQ-MGB,22.698,22.68,0.028,66.131,66.973,1.304,28.836,0.998,-3.372,97.972,TRUE,0.577,TRUE,3,15,Amp,,0.987,,,,
80,G8,FALSE,NCRM1-DA4W,SYP,UNKNOWN,FAM,NFQ-MGB,22.694,22.68,0.028,66.314,66.973,1.304,28.836,0.998,-3.372,97.972,TRUE,0.577,TRUE,3,16,Amp,,0.99,,,,
81,G9,FALSE,NCRM1-DA4W,SYP,UNKNOWN,FAM,NFQ-MGB,22.648,22.68,0.028,68.475,66.973,1.304,28.836,0.998,-3.372,97.972,TRUE,0.577,TRUE,3,15,Amp,,0.989,,,,
85,H1,FALSE,AiW002-2-DA6W,SYP,UNKNOWN,FAM,NFQ-MGB,22.938,22.905,0.054,56.168,57.478,2.142,28.836,0.998,-3.372,97.972,TRUE,0.577,TRUE,3,17,Amp,,0.988,,,,
86,H2,FALSE,AiW002-2-DA6W,SYP,UNKNOWN,FAM,NFQ-MGB,22.934,22.905,0.054,56.315,57.478,2.142,28.836,0.998,-3.372,97.972,TRUE,0.577,TRUE,3,16,Amp,,0.988,,,,
87,H3,FALSE,AiW002-2-DA6W,SYP,UNKNOWN,FAM,NFQ-MGB,22.842,22.905,0.054,59.949,57.478,2.142,28.836,0.998,-3.372,97.972,TRUE,0.577,TRUE,3,16,Amp,,0.985,,,,
88,H4,FALSE,AJG001C4-DA6W,SYP,UNKNOWN,FAM,NFQ-MGB,22.343,22.295,0.074,84.289,87.161,4.437,28.836,0.998,-3.372,97.972,TRUE,0.577,TRUE,3,16,Amp,,0.983,,,,
89,H5,FALSE,AJG001C4-DA6W,SYP,UNKNOWN,FAM,NFQ-MGB,22.332,22.295,0.074,84.923,87.161,4.437,28.836,0.998,-3.372,97.972,TRUE,0.577,TRUE,3,14,Amp,,0.981,,,,
90,H6,FALSE,AJG001C4-DA6W,SYP,UNKNOWN,FAM,NFQ-MGB,22.211,22.295,0.074,92.271,87.161,4.437,28.836,0.998,-3.372,97.972,TRUE,0.577,TRUE,3,14,Amp,,0.987,,,,
91,H7,FALSE,NCRM1-DA6W,SYP,UNKNOWN,FAM,NFQ-MGB,22.408,22.531,0.128,80.635,74.35,6.468,28.836,0.998,-3.372,97.972,TRUE,0.577,TRUE,3,16,Amp,,0.985,,,,
92,H8,FALSE,NCRM1-DA6W,SYP,UNKNOWN,FAM,NFQ-MGB,22.52,22.531,0.128,74.701,74.35,6.468,28.836,0.998,-3.372,97.972,TRUE,0.577,TRUE,3,14,Amp,,0.989,,,,
93,H9,FALSE,NCRM1-DA6W,SYP,UNKNOWN,FAM,NFQ-MGB,22.664,22.531,0.128,67.714,74.35,6.468,28.836,0.998,-3.372,97.972,TRUE,0.577,TRUE,3,16,Amp,,0.99,,,,
1,A1,FALSE,AiW001-2-IPSC,GRIA1,UNKNOWN,FAM,NFQ-MGB,28.306,28.458,0.229,1.638,1.488,0.221,29.033,0.996,-3.392,97.161,TRUE,0.310,TRUE,3,22,Amp,,0.988,,,,
2,A2,FALSE,AiW001-2-IPSC,GRIA1,UNKNOWN,FAM,NFQ-MGB,28.347,28.458,0.229,1.592,1.488,0.221,29.033,0.996,-3.392,97.161,TRUE,0.310,TRUE,3,22,Amp,,0.984,,,,
3,A3,FALSE,AiW001-2-IPSC,GRIA1,UNKNOWN,FAM,NFQ-MGB,28.722,28.458,0.229,1.235,1.488,0.221,29.033,0.996,-3.392,97.161,TRUE,0.310,TRUE,3,23,Amp,,0.985,,,,
4,A4,FALSE,AJC001-5-IPSC,GRIA1,UNKNOWN,FAM,NFQ-MGB,28.680,28.703,0.063,1.271,1.252,0.053,29.033,0.996,-3.392,97.161,TRUE,0.310,TRUE,3,22,Amp,,0.985,,,,
5,A5,FALSE,AJC001-5-IPSC,GRIA1,UNKNOWN,FAM,NFQ-MGB,28.774,28.703,0.063,1.192,1.252,0.053,29.033,0.996,-3.392,97.161,TRUE,0.310,TRUE,3,23,Amp,,0.984,,,,
6,A6,FALSE,AJC001-5-IPSC,GRIA1,UNKNOWN,FAM,NFQ-MGB,28.654,28.703,0.063,1.293,1.252,0.053,29.033,0.996,-3.392,97.161,TRUE,0.310,TRUE,3,23,Amp,,0.991,,,,
7,A7,FALSE,522-266-2-IPSC,GRIA1,UNKNOWN,FAM,NFQ-MGB,28.566,28.630,0.059,1.372,1.315,0.053,29.033,0.996,-3.392,97.161,TRUE,0.310,TRUE,3,23,Amp,,0.984,,,,
8,A8,FALSE,522-266-2-IPSC,GRIA1,UNKNOWN,FAM,NFQ-MGB,28.640,28.630,0.059,1.306,1.315,0.053,29.033,0.996,-3.392,97.161,TRUE,0.310,TRUE,3,23,Amp,,0.985,,,,
9,A9,FALSE,522-266-2-IPSC,GRIA1,UNKNOWN,FAM,NFQ-MGB,28.683,28.630,0.059,1.268,1.315,0.053,29.033,0.996,-3.392,97.161,TRUE,0.310,TRUE,3,23,Amp,,0.984,,,,
10,A10,FALSE,,GRIA1,STANDARD,FAM,NFQ-MGB,22.982,23.134,0.132,50.000,,,29.033,0.996,-3.392,97.161,TRUE,0.310,TRUE,3,17,Amp,,0.990,,,,
11,A11,FALSE,,GRIA1,STANDARD,FAM,NFQ-MGB,23.207,23.134,0.132,50.000,,,29.033,0.996,-3.392,97.161,TRUE,0.310,TRUE,3,17,Amp,,0.988,,,,
12,A12,FALSE,,GRIA1,STANDARD,FAM,NFQ-MGB,23.212,23.134,0.132,50.000,,,29.033,0.996,-3.392,97.161,TRUE,0.310,TRUE,3,16,Amp,,0.987,,,,
13,B1,FALSE,AiW001-2-NPC,GRIA1,UNKNOWN,FAM,NFQ-MGB,24.735,24.821,0.088,18.494,17.464,1.044,29.033,0.996,-3.392,97.161,TRUE,0.310,TRUE,3,19,Amp,,0.986,,,,
14,B2,FALSE,AiW001-2-NPC,GRIA1,UNKNOWN,FAM,NFQ-MGB,24.817,24.821,0.088,17.492,17.464,1.044,29.033,0.996,-3.392,97.161,TRUE,0.310,TRUE,3,19,Amp,,0.994,,,,
15,B3,FALSE,AiW001-2-NPC,GRIA1,UNKNOWN,FAM,NFQ-MGB,24.911,24.821,0.088,16.405,17.464,1.044,29.033,0.996,-3.392,97.161,TRUE,0.310,TRUE,3,18,Amp,,0.993,,,,
16,B4,FALSE,AJC001-5-NPC,GRIA1,UNKNOWN,FAM,NFQ-MGB,26.194,26.248,0.054,6.869,6.624,0.244,29.033,0.996,-3.392,97.161,TRUE,0.310,TRUE,3,20,Amp,,0.989,,,,
17,B5,FALSE,AJC001-5-NPC,GRIA1,UNKNOWN,FAM,NFQ-MGB,26.247,26.248,0.054,6.624,6.624,0.244,29.033,0.996,-3.392,97.161,TRUE,0.310,TRUE,3,20,Amp,,0.988,,,,
18,B6,FALSE,AJC001-5-NPC,GRIA1,UNKNOWN,FAM,NFQ-MGB,26.303,26.248,0.054,6.380,6.624,0.244,29.033,0.996,-3.392,97.161,TRUE,0.310,TRUE,3,20,Amp,,0.987,,,,
19,B7,FALSE,522-266-2-NPC,GRIA1,UNKNOWN,FAM,NFQ-MGB,26.631,26.737,0.109,5.106,4.759,0.352,29.033,0.996,-3.392,97.161,TRUE,0.310,TRUE,3,21,Amp,,0.991,,,,
20,B8,FALSE,522-266-2-NPC,GRIA1,UNKNOWN,FAM,NFQ-MGB,26.849,26.737,0.109,4.403,4.759,0.352,29.033,0.996,-3.392,97.161,TRUE,0.310,TRUE,3,20,Amp,,0.988,,,,
21,B9,FALSE,522-266-2-NPC,GRIA1,UNKNOWN,FAM,NFQ-MGB,26.732,26.737,0.109,4.769,4.759,0.352,29.033,0.996,-3.392,97.161,TRUE,0.310,TRUE,3,20,Amp,,0.989,,,,
22,B10,FALSE,,GRIA1,STANDARD,FAM,NFQ-MGB,25.197,25.357,0.143,12.500,,,29.033,0.996,-3.392,97.161,TRUE,0.310,TRUE,3,18,Amp,,0.990,,,,
23,B11,FALSE,,GRIA1,STANDARD,FAM,NFQ-MGB,25.474,25.357,0.143,12.500,,,29.033,0.996,-3.392,97.161,TRUE,0.310,TRUE,3,19,Amp,,0.991,,,,
24,B12,FALSE,,GRIA1,STANDARD,FAM,NFQ-MGB,25.399,25.357,0.143,12.500,,,29.033,0.996,-3.392,97.161,TRUE,0.310,TRUE,3,19,Amp,,0.988,,,,
25,C1,FALSE,AiW001-2-DA4W,GRIA1,UNKNOWN,FAM,NFQ-MGB,23.961,24.014,0.122,31.272,30.238,2.446,29.033,0.996,-3.392,97.161,TRUE,0.310,TRUE,3,19,Amp,,0.987,,,,
26,C2,FALSE,AiW001-2-DA4W,GRIA1,UNKNOWN,FAM,NFQ-MGB,23.927,24.014,0.122,31.998,30.238,2.446,29.033,0.996,-3.392,97.161,TRUE,0.310,TRUE,3,17,Amp,,0.989,,,,
27,C3,FALSE,AiW001-2-DA4W,GRIA1,UNKNOWN,FAM,NFQ-MGB,24.153,24.014,0.122,27.445,30.238,2.446,29.033,0.996,-3.392,97.161,TRUE,0.310,TRUE,3,19,Amp,,0.990,,,,
28,C4,FALSE,AJC001-5-DA4W,GRIA1,UNKNOWN,FAM,NFQ-MGB,23.984,24.035,0.054,30.792,29.755,1.083,29.033,0.996,-3.392,97.161,TRUE,0.310,TRUE,3,17,Amp,,0.989,,,,
29,C5,FALSE,AJC001-5-DA4W,GRIA1,UNKNOWN,FAM,NFQ-MGB,24.091,24.035,0.054,28.632,29.755,1.083,29.033,0.996,-3.392,97.161,TRUE,0.310,TRUE,3,18,Amp,,0.986,,,,
30,C6,FALSE,AJC001-5-DA4W,GRIA1,UNKNOWN,FAM,NFQ-MGB,24.030,24.035,0.054,29.842,29.755,1.083,29.033,0.996,-3.392,97.161,TRUE,0.310,TRUE,3,19,Amp,,0.989,,,,
31,C7,FALSE,522-266-2-DA4W,GRIA1,UNKNOWN,FAM,NFQ-MGB,25.136,25.079,0.084,14.083,14.662,0.854,29.033,0.996,-3.392,97.161,TRUE,0.310,TRUE,3,19,Amp,,0.991,,,,
32,C8,FALSE,522-266-2-DA4W,GRIA1,UNKNOWN,FAM,NFQ-MGB,25.118,25.079,0.084,14.262,14.662,0.854,29.033,0.996,-3.392,97.161,TRUE,0.310,TRUE,3,19,Amp,,0.991,,,,
33,C9,FALSE,522-266-2-DA4W,GRIA1,UNKNOWN,FAM,NFQ-MGB,24.982,25.079,0.084,15.643,14.662,0.854,29.033,0.996,-3.392,97.161,TRUE,0.310,TRUE,3,19,Amp,,0.993,,,,
34,C10,FALSE,,GRIA1,STANDARD,FAM,NFQ-MGB,27.281,27.457,0.174,3.125,,,29.033,0.996,-3.392,97.161,TRUE,0.310,TRUE,3,21,Amp,,0.993,,,,
35,C11,FALSE,,GRIA1,STANDARD,FAM,NFQ-MGB,27.464,27.457,0.174,3.125,,,29.033,0.996,-3.392,97.161,TRUE,0.310,TRUE,3,20,Amp,,0.989,,,,
36,C12,FALSE,,GRIA1,STANDARD,FAM,NFQ-MGB,27.628,27.457,0.174,3.125,,,29.033,0.996,-3.392,97.161,TRUE,0.310,TRUE,3,22,Amp,,0.991,,,,
37,D1,FALSE,AiW001-2-DA6W,GRIA1,UNKNOWN,FAM,NFQ-MGB,23.759,23.818,0.067,35.872,34.482,1.564,29.033,0.996,-3.392,97.161,TRUE,0.310,TRUE,3,17,Amp,,0.992,,,,
38,D2,FALSE,AiW001-2-DA6W,GRIA1,UNKNOWN,FAM,NFQ-MGB,23.804,23.818,0.067,34.784,34.482,1.564,29.033,0.996,-3.392,97.161,TRUE,0.310,TRUE,3,18,Amp,,0.988,,,,
39,D3,FALSE,AiW001-2-DA6W,GRIA1,UNKNOWN,FAM,NFQ-MGB,23.891,23.818,0.067,32.789,34.482,1.564,29.033,0.996,-3.392,97.161,TRUE,0.310,TRUE,3,18,Amp,,0.992,,,,
40,D4,FALSE,AJC001-5-DA6W,GRIA1,UNKNOWN,FAM,NFQ-MGB,24.228,24.245,0.043,26.095,25.804,0.743,29.033,0.996,-3.392,97.161,TRUE,0.310,TRUE,3,18,Amp,,0.988,,,,
41,D5,FALSE,AJC001-5-DA6W,GRIA1,UNKNOWN,FAM,NFQ-MGB,24.293,24.245,0.043,24.959,25.804,0.743,29.033,0.996,-3.392,97.161,TRUE,0.310,TRUE,3,19,Amp,,0.988,,,,
42,D6,FALSE,AJC001-5-DA6W,GRIA1,UNKNOWN,FAM,NFQ-MGB,24.213,24.245,0.043,26.357,25.804,0.743,29.033,0.996,-3.392,97.161,TRUE,0.310,TRUE,3,18,Amp,,0.992,,,,
43,D7,FALSE,522-266-2-DA6W,GRIA1,UNKNOWN,FAM,NFQ-MGB,24.590,24.586,0.009,20.411,20.465,0.121,29.033,0.996,-3.392,97.161,TRUE,0.310,TRUE,3,18,Amp,,0.987,,,,
44,D8,FALSE,522-266-2-DA6W,GRIA1,UNKNOWN,FAM,NFQ-MGB,24.576,24.586,0.009,20.603,20.465,0.121,29.033,0.996,-3.392,97.161,TRUE,0.310,TRUE,3,18,Amp,,0.992,,,,
45,D9,FALSE,522-266-2-DA6W,GRIA1,UNKNOWN,FAM,NFQ-MGB,24.592,24.586,0.009,20.380,20.465,0.121,29.033,0.996,-3.392,97.161,TRUE,0.310,TRUE,3,17,Amp,,0.992,,,,
46,D10,FALSE,,GRIA1,STANDARD,FAM,NFQ-MGB,29.198,29.479,0.263,0.781,,,29.033,0.996,-3.392,97.161,TRUE,0.310,TRUE,3,23,Amp,,0.988,,,,
47,D11,FALSE,,GRIA1,STANDARD,FAM,NFQ-MGB,29.520,29.479,0.263,0.781,,,29.033,0.996,-3.392,97.161,TRUE,0.310,TRUE,3,24,Amp,,0.992,,,,
48,D12,FALSE,,GRIA1,STANDARD,FAM,NFQ-MGB,29.719,29.479,0.263,0.781,,,29.033,0.996,-3.392,97.161,TRUE,0.310,TRUE,3,24,Amp,,0.993,,,,
49,E1,FALSE,AiW002-2-IPSC,GRIA1,UNKNOWN,FAM,NFQ-MGB,28.457,28.385,0.089,1.478,1.555,0.095,29.033,0.996,-3.392,97.161,TRUE,0.310,TRUE,3,22,Amp,,0.985,,,,
50,E2,FALSE,AiW002-2-IPSC,GRIA1,UNKNOWN,FAM,NFQ-MGB,28.411,28.385,0.089,1.524,1.555,0.095,29.033,0.996,-3.392,97.161,TRUE,0.310,TRUE,3,21,Amp,,0.988,,,,
51,E3,FALSE,AiW002-2-IPSC,GRIA1,UNKNOWN,FAM,NFQ-MGB,28.285,28.385,0.089,1.661,1.555,0.095,29.033,0.996,-3.392,97.161,TRUE,0.310,TRUE,3,23,Amp,,0.984,,,,
52,E4,FALSE,AJG001C4-IPSC,GRIA1,UNKNOWN,FAM,NFQ-MGB,28.226,28.112,0.100,1.729,1.871,0.125,29.033,0.996,-3.392,97.161,TRUE,0.310,TRUE,3,23,Amp,,0.988,,,,
53,E5,FALSE,AJG001C4-IPSC,GRIA1,UNKNOWN,FAM,NFQ-MGB,28.075,28.112,0.100,1.916,1.871,0.125,29.033,0.996,-3.392,97.161,TRUE,0.310,TRUE,3,22,Amp,,0.986,,,,
54,E6,FALSE,AJG001C4-IPSC,GRIA1,UNKNOWN,FAM,NFQ-MGB,28.036,28.112,0.100,1.967,1.871,0.125,29.033,0.996,-3.392,97.161,TRUE,0.310,TRUE,3,22,Amp,,0.990,,,,
55,E7,FALSE,NCRM1-IPSC,GRIA1,UNKNOWN,FAM,NFQ-MGB,28.223,28.114,0.120,1.732,1.870,0.154,29.033,0.996,-3.392,97.161,TRUE,0.310,TRUE,3,22,Amp,,0.990,,,,
56,E8,FALSE,NCRM1-IPSC,GRIA1,UNKNOWN,FAM,NFQ-MGB,28.132,28.114,0.120,1.842,1.870,0.154,29.033,0.996,-3.392,97.161,TRUE,0.310,TRUE,3,19,Amp,,0.989,,,,
57,E9,FALSE,NCRM1-IPSC,GRIA1,UNKNOWN,FAM,NFQ-MGB,27.985,28.114,0.120,2.036,1.870,0.154,29.033,0.996,-3.392,97.161,TRUE,0.310,TRUE,3,22,Amp,,0.988,,,,
58,E10,FALSE,,GRIA1,STANDARD,FAM,NFQ-MGB,31.229,31.516,0.374,0.195,,,29.033,0.996,-3.392,97.161,TRUE,0.310,TRUE,3,25,Amp,,0.985,,,,
59,E11,FALSE,,GRIA1,STANDARD,FAM,NFQ-MGB,31.381,31.516,0.374,0.195,,,29.033,0.996,-3.392,97.161,TRUE,0.310,TRUE,3,25,Amp,,0.989,,,,
60,E12,FALSE,,GRIA1,STANDARD,FAM,NFQ-MGB,31.939,31.516,0.374,0.195,,,29.033,0.996,-3.392,97.161,TRUE,0.310,TRUE,3,25,Amp,,0.991,,,,
61,F1,FALSE,AiW002-2-NPC,GRIA1,UNKNOWN,FAM,NFQ-MGB,24.112,24.028,0.133,28.223,29.972,2.777,29.033,0.996,-3.392,97.161,TRUE,0.310,TRUE,3,18,Amp,,0.991,,,,
62,F2,FALSE,AiW002-2-NPC,GRIA1,UNKNOWN,FAM,NFQ-MGB,24.097,24.028,0.133,28.519,29.972,2.777,29.033,0.996,-3.392,97.161,TRUE,0.310,TRUE,3,19,Amp,,0.988,,,,
63,F3,FALSE,AiW002-2-NPC,GRIA1,UNKNOWN,FAM,NFQ-MGB,23.874,24.028,0.133,33.174,29.972,2.777,29.033,0.996,-3.392,97.161,TRUE,0.310,TRUE,3,16,Amp,,0.995,,,,
64,F4,FALSE,AJG001C4-NPC,GRIA1,UNKNOWN,FAM,NFQ-MGB,27.218,27.222,0.087,3.427,3.423,0.203,29.033,0.996,-3.392,97.161,TRUE,0.310,TRUE,3,22,Amp,,0.987,,,,
65,F5,FALSE,AJG001C4-NPC,GRIA1,UNKNOWN,FAM,NFQ-MGB,27.311,27.222,0.087,3.218,3.423,0.203,29.033,0.996,-3.392,97.161,TRUE,0.310,TRUE,3,23,Amp,,0.987,,,,
66,F6,FALSE,AJG001C4-NPC,GRIA1,UNKNOWN,FAM,NFQ-MGB,27.136,27.222,0.087,3.624,3.423,0.203,29.033,0.996,-3.392,97.161,TRUE,0.310,TRUE,3,22,Amp,,0.985,,,,
67,F7,FALSE,NCRM1-NPC,GRIA1,UNKNOWN,FAM,NFQ-MGB,24.185,24.024,0.156,26.864,30.069,3.167,29.033,0.996,-3.392,97.161,TRUE,0.310,TRUE,3,19,Amp,,0.986,,,,
68,F8,FALSE,NCRM1-NPC,GRIA1,UNKNOWN,FAM,NFQ-MGB,24.015,24.024,0.156,30.145,30.069,3.167,29.033,0.996,-3.392,97.161,TRUE,0.310,TRUE,3,18,Amp,,0.988,,,,
69,F9,FALSE,NCRM1-NPC,GRIA1,UNKNOWN,FAM,NFQ-MGB,23.873,24.024,0.156,33.197,30.069,3.167,29.033,0.996,-3.392,97.161,TRUE,0.310,TRUE,3,18,Amp,,0.994,,,,
70,F10,FALSE,,GRIA1,STANDARD,FAM,NFQ-MGB,32.995,33.259,0.342,0.049,,,29.033,0.996,-3.392,97.161,TRUE,0.310,TRUE,3,28,Amp,,0.993,,,,
71,F11,FALSE,,GRIA1,STANDARD,FAM,NFQ-MGB,33.137,33.259,0.342,0.049,,,29.033,0.996,-3.392,97.161,TRUE,0.310,TRUE,3,27,Amp,,0.990,,,,
72,F12,FALSE,,GRIA1,STANDARD,FAM,NFQ-MGB,33.645,33.259,0.342,0.049,,,29.033,0.996,-3.392,97.161,TRUE,0.310,TRUE,3,28,Amp,,0.987,,,,
73,G1,FALSE,AiW002-2-DA4W,GRIA1,UNKNOWN,FAM,NFQ-MGB,24.605,24.566,0.095,20.200,20.775,1.363,29.033,0.996,-3.392,97.161,TRUE,0.310,TRUE,3,19,Amp,,0.985,,,,
74,G2,FALSE,AiW002-2-DA4W,GRIA1,UNKNOWN,FAM,NFQ-MGB,24.635,24.566,0.095,19.795,20.775,1.363,29.033,0.996,-3.392,97.161,TRUE,0.310,TRUE,3,19,Amp,,0.988,,,,
75,G3,FALSE,AiW002-2-DA4W,GRIA1,UNKNOWN,FAM,NFQ-MGB,24.457,24.566,0.095,22.331,20.775,1.363,29.033,0.996,-3.392,97.161,TRUE,0.310,TRUE,3,18,Amp,,0.993,,,,
76,G4,FALSE,AJG001C4-DA4W,GRIA1,UNKNOWN,FAM,NFQ-MGB,24.523,24.504,0.029,21.360,21.629,0.435,29.033,0.996,-3.392,97.161,TRUE,0.310,TRUE,3,19,Amp,,0.991,,,,
77,G5,FALSE,AJG001C4-DA4W,GRIA1,UNKNOWN,FAM,NFQ-MGB,24.520,24.504,0.029,21.397,21.629,0.435,29.033,0.996,-3.392,97.161,TRUE,0.310,TRUE,3,18,Amp,,0.988,,,,
78,G6,FALSE,AJG001C4-DA4W,GRIA1,UNKNOWN,FAM,NFQ-MGB,24.471,24.504,0.029,22.130,21.629,0.435,29.033,0.996,-3.392,97.161,TRUE,0.310,TRUE,3,19,Amp,,0.992,,,,
79,G7,FALSE,NCRM1-DA4W,GRIA1,UNKNOWN,FAM,NFQ-MGB,22.615,22.556,0.114,77.998,81.320,6.433,29.033,0.996,-3.392,97.161,TRUE,0.310,TRUE,3,16,Amp,,0.990,,,,
80,G8,FALSE,NCRM1-DA4W,GRIA1,UNKNOWN,FAM,NFQ-MGB,22.629,22.556,0.114,77.226,81.320,6.433,29.033,0.996,-3.392,97.161,TRUE,0.310,TRUE,3,17,Amp,,0.987,,,,
81,G9,FALSE,NCRM1-DA4W,GRIA1,UNKNOWN,FAM,NFQ-MGB,22.425,22.556,0.114,88.735,81.320,6.433,29.033,0.996,-3.392,97.161,TRUE,0.310,TRUE,3,17,Amp,,0.991,,,,
82,G10,FALSE,,GRIA1,STANDARD,FAM,NFQ-MGB,36.004,35.595,0.399,0.012,,,29.033,0.996,-3.392,97.161,TRUE,0.310,TRUE,3,30,Amp,,0.972,,,,
83,G11,FALSE,,GRIA1,STANDARD,FAM,NFQ-MGB,35.206,35.595,0.399,0.012,,,29.033,0.996,-3.392,97.161,TRUE,0.310,TRUE,3,29,Amp,,0.981,,,,
84,G12,FALSE,,GRIA1,STANDARD,FAM,NFQ-MGB,35.576,35.595,0.399,0.012,,,29.033,0.996,-3.392,97.161,TRUE,0.310,TRUE,3,29,Amp,,0.988,,,,
85,H1,FALSE,AiW002-2-DA6W,GRIA1,UNKNOWN,FAM,NFQ-MGB,24.881,24.919,0.039,16.743,16.328,0.430,29.033,0.996,-3.392,97.161,TRUE,0.310,TRUE,3,18,Amp,,0.992,,,,
86,H2,FALSE,AiW002-2-DA6W,GRIA1,UNKNOWN,FAM,NFQ-MGB,24.916,24.919,0.039,16.356,16.328,0.430,29.033,0.996,-3.392,97.161,TRUE,0.310,TRUE,3,19,Amp,,0.989,,,,
87,H3,FALSE,AiW002-2-DA6W,GRIA1,UNKNOWN,FAM,NFQ-MGB,24.959,24.919,0.039,15.885,16.328,0.430,29.033,0.996,-3.392,97.161,TRUE,0.310,TRUE,3,18,Amp,,0.988,,,,
88,H4,FALSE,AJG001C4-DA6W,GRIA1,UNKNOWN,FAM,NFQ-MGB,24.432,24.417,0.013,22.719,22.949,0.202,29.033,0.996,-3.392,97.161,TRUE,0.310,TRUE,3,18,Amp,,0.988,,,,
89,H5,FALSE,AJG001C4-DA6W,GRIA1,UNKNOWN,FAM,NFQ-MGB,24.407,24.417,0.013,23.100,22.949,0.202,29.033,0.996,-3.392,97.161,TRUE,0.310,TRUE,3,18,Amp,,0.990,,,,
90,H6,FALSE,AJG001C4-DA6W,GRIA1,UNKNOWN,FAM,NFQ-MGB,24.412,24.417,0.013,23.028,22.949,0.202,29.033,0.996,-3.392,97.161,TRUE,0.310,TRUE,3,18,Amp,,0.990,,,,
91,H7,FALSE,NCRM1-DA6W,GRIA1,UNKNOWN,FAM,NFQ-MGB,22.671,22.677,0.085,75.071,74.868,4.310,29.033,0.996,-3.392,97.161,TRUE,0.310,TRUE,3,16,Amp,,0.992,,,,
92,H8,FALSE,NCRM1-DA6W,GRIA1,UNKNOWN,FAM,NFQ-MGB,22.765,22.677,0.085,70.460,74.868,4.310,29.033,0.996,-3.392,97.161,TRUE,0.310,TRUE,3,15,Amp,,0.993,,,,
93,H9,FALSE,NCRM1-DA6W,GRIA1,UNKNOWN,FAM,NFQ-MGB,22.595,22.677,0.085,79.072,74.868,4.310,29.033,0.996,-3.392,97.161,TRUE,0.310,TRUE,3,16,Amp,,0.991,,,,
1,A1,FALSE,AiW001-2-IPSC,ACTB,UNKNOWN,VIC,NFQ-MGB,19.619,19.623,0.012,7.698,7.679,0.055,23.048,0.997,-3.869,81.334,TRUE,0.146,TRUE,3,14,Amp,,0.989,,,,
2,A2,FALSE,AiW001-2-IPSC,ACTB,UNKNOWN,VIC,NFQ-MGB,19.614,19.623,0.012,7.722,7.679,0.055,23.048,0.997,-3.869,81.334,TRUE,0.146,TRUE,3,14,Amp,,0.986,,,,
3,A3,FALSE,AiW001-2-IPSC,ACTB,UNKNOWN,VIC,NFQ-MGB,19.637,19.623,0.012,7.617,7.679,0.055,23.048,0.997,-3.869,81.334,TRUE,0.146,TRUE,3,14,Amp,,0.985,,,,
4,A4,FALSE,AJC001-5-IPSC,ACTB,UNKNOWN,VIC,NFQ-MGB,20.609,20.527,0.074,4.271,4.488,0.195,23.048,0.997,-3.869,81.334,TRUE,0.146,TRUE,3,15,Amp,,0.989,,,,
5,A5,FALSE,AJC001-5-IPSC,ACTB,UNKNOWN,VIC,NFQ-MGB,20.466,20.527,0.074,4.650,4.488,0.195,23.048,0.997,-3.869,81.334,TRUE,0.146,TRUE,3,15,Amp,,0.988,,,,
6,A6,FALSE,AJC001-5-IPSC,ACTB,UNKNOWN,VIC,NFQ-MGB,20.505,20.527,0.074,4.543,4.488,0.195,23.048,0.997,-3.869,81.334,TRUE,0.146,TRUE,3,15,Amp,,0.986,,,,
7,A7,FALSE,522-266-2-IPSC,ACTB,UNKNOWN,VIC,NFQ-MGB,20.639,20.633,0.005,4.195,4.210,0.013,23.048,0.997,-3.869,81.334,TRUE,0.146,TRUE,3,16,Amp,,0.988,,,,
8,A8,FALSE,522-266-2-IPSC,ACTB,UNKNOWN,VIC,NFQ-MGB,20.629,20.633,0.005,4.220,4.210,0.013,23.048,0.997,-3.869,81.334,TRUE,0.146,TRUE,3,16,Amp,,0.990,,,,
9,A9,FALSE,522-266-2-IPSC,ACTB,UNKNOWN,VIC,NFQ-MGB,20.631,20.633,0.005,4.214,4.210,0.013,23.048,0.997,-3.869,81.334,TRUE,0.146,TRUE,3,15,Amp,,0.990,,,,
10,A10,FALSE,,ACTB,STANDARD,VIC,NFQ-MGB,16.666,16.735,0.072,50.000,,,23.048,0.997,-3.869,81.334,TRUE,0.146,TRUE,3,12,Amp,,0.951,,,,
11,A11,FALSE,,ACTB,STANDARD,VIC,NFQ-MGB,16.810,16.735,0.072,50.000,,,23.048,0.997,-3.869,81.334,TRUE,0.146,TRUE,3,12,Amp,,0.938,,,,
12,A12,FALSE,,ACTB,STANDARD,VIC,NFQ-MGB,16.727,16.735,0.072,50.000,,,23.048,0.997,-3.869,81.334,TRUE,0.146,TRUE,3,12,Amp,,0.950,,,,
13,B1,FALSE,AiW001-2-NPC,ACTB,UNKNOWN,VIC,NFQ-MGB,18.745,18.747,0.012,12.951,12.933,0.091,23.048,0.997,-3.869,81.334,TRUE,0.146,TRUE,3,13,Amp,,0.968,,,,
14,B2,FALSE,AiW001-2-NPC,ACTB,UNKNOWN,VIC,NFQ-MGB,18.737,18.747,0.012,13.014,12.933,0.091,23.048,0.997,-3.869,81.334,TRUE,0.146,TRUE,3,14,Amp,,0.961,,,,
15,B3,FALSE,AiW001-2-NPC,ACTB,UNKNOWN,VIC,NFQ-MGB,18.760,18.747,0.012,12.834,12.933,0.091,23.048,0.997,-3.869,81.334,TRUE,0.146,TRUE,3,13,Amp,,0.966,,,,
16,B4,FALSE,AJC001-5-NPC,ACTB,UNKNOWN,VIC,NFQ-MGB,18.842,18.785,0.092,12.222,12.660,0.705,23.048,0.997,-3.869,81.334,TRUE,0.146,TRUE,3,14,Amp,,0.964,,,,
17,B5,FALSE,AJC001-5-NPC,ACTB,UNKNOWN,VIC,NFQ-MGB,18.679,18.785,0.092,13.473,12.660,0.705,23.048,0.997,-3.869,81.334,TRUE,0.146,TRUE,3,13,Amp,,0.945,,,,
18,B6,FALSE,AJC001-5-NPC,ACTB,UNKNOWN,VIC,NFQ-MGB,18.834,18.785,0.092,12.286,12.660,0.705,23.048,0.997,-3.869,81.334,TRUE,0.146,TRUE,3,14,Amp,,0.955,,,,
19,B7,FALSE,522-266-2-NPC,ACTB,UNKNOWN,VIC,NFQ-MGB,18.669,18.793,0.108,13.555,12.604,0.827,23.048,0.997,-3.869,81.334,TRUE,0.146,TRUE,3,14,Amp,,0.961,,,,
20,B8,FALSE,522-266-2-NPC,ACTB,UNKNOWN,VIC,NFQ-MGB,18.845,18.793,0.108,12.204,12.604,0.827,23.048,0.997,-3.869,81.334,TRUE,0.146,TRUE,3,14,Amp,,0.973,,,,
21,B9,FALSE,522-266-2-NPC,ACTB,UNKNOWN,VIC,NFQ-MGB,18.866,18.793,0.108,12.052,12.604,0.827,23.048,0.997,-3.869,81.334,TRUE,0.146,TRUE,3,13,Amp,,0.988,,,,
22,B10,FALSE,,ACTB,STANDARD,VIC,NFQ-MGB,18.641,18.884,0.222,12.500,,,23.048,0.997,-3.869,81.334,TRUE,0.146,TRUE,3,14,Amp,,0.944,,,,
23,B11,FALSE,,ACTB,STANDARD,VIC,NFQ-MGB,18.934,18.884,0.222,12.500,,,23.048,0.997,-3.869,81.334,TRUE,0.146,TRUE,3,15,Amp,,0.957,,,,
24,B12,FALSE,,ACTB,STANDARD,VIC,NFQ-MGB,19.077,18.884,0.222,12.500,,,23.048,0.997,-3.869,81.334,TRUE,0.146,TRUE,3,15,Amp,,0.969,,,,
25,C1,FALSE,AiW001-2-DA4W,ACTB,UNKNOWN,VIC,NFQ-MGB,19.557,19.582,0.080,7.989,7.877,0.372,23.048,0.997,-3.869,81.334,TRUE,0.146,TRUE,3,14,Amp,,0.976,,,,
26,C2,FALSE,AiW001-2-DA4W,ACTB,UNKNOWN,VIC,NFQ-MGB,19.517,19.582,0.080,8.180,7.877,0.372,23.048,0.997,-3.869,81.334,TRUE,0.146,TRUE,3,14,Amp,,0.976,,,,
27,C3,FALSE,AiW001-2-DA4W,ACTB,UNKNOWN,VIC,NFQ-MGB,19.672,19.582,0.080,7.462,7.877,0.372,23.048,0.997,-3.869,81.334,TRUE,0.146,TRUE,3,15,Amp,,0.978,,,,
28,C4,FALSE,AJC001-5-DA4W,ACTB,UNKNOWN,VIC,NFQ-MGB,19.162,19.196,0.074,10.103,9.910,0.433,23.048,0.997,-3.869,81.334,TRUE,0.146,TRUE,3,14,Amp,,0.957,,,,
29,C5,FALSE,AJC001-5-DA4W,ACTB,UNKNOWN,VIC,NFQ-MGB,19.144,19.196,0.074,10.212,9.910,0.433,23.048,0.997,-3.869,81.334,TRUE,0.146,TRUE,3,13,Amp,,0.959,,,,
30,C6,FALSE,AJC001-5-DA4W,ACTB,UNKNOWN,VIC,NFQ-MGB,19.281,19.196,0.074,9.414,9.910,0.433,23.048,0.997,-3.869,81.334,TRUE,0.146,TRUE,3,14,Amp,,0.964,,,,
31,C7,FALSE,522-266-2-DA4W,ACTB,UNKNOWN,VIC,NFQ-MGB,19.216,19.269,0.048,9.784,9.487,0.272,23.048,0.997,-3.869,81.334,TRUE,0.146,TRUE,3,14,Amp,,0.961,,,,
32,C8,FALSE,522-266-2-DA4W,ACTB,UNKNOWN,VIC,NFQ-MGB,19.279,19.269,0.048,9.427,9.487,0.272,23.048,0.997,-3.869,81.334,TRUE,0.146,TRUE,3,14,Amp,,0.957,,,,
33,C9,FALSE,522-266-2-DA4W,ACTB,UNKNOWN,VIC,NFQ-MGB,19.311,19.269,0.048,9.250,9.487,0.272,23.048,0.997,-3.869,81.334,TRUE,0.146,TRUE,3,14,Amp,,0.975,,,,
34,C10,FALSE,,ACTB,STANDARD,VIC,NFQ-MGB,20.822,21.004,0.165,3.125,,,23.048,0.997,-3.869,81.334,TRUE,0.146,TRUE,3,16,Amp,,0.976,,,,
35,C11,FALSE,,ACTB,STANDARD,VIC,NFQ-MGB,21.047,21.004,0.165,3.125,,,23.048,0.997,-3.869,81.334,TRUE,0.146,TRUE,3,16,Amp,,0.973,,,,
36,C12,FALSE,,ACTB,STANDARD,VIC,NFQ-MGB,21.144,21.004,0.165,3.125,,,23.048,0.997,-3.869,81.334,TRUE,0.146,TRUE,3,16,Amp,,0.971,,,,
37,D1,FALSE,AiW001-2-DA6W,ACTB,UNKNOWN,VIC,NFQ-MGB,19.041,19.030,0.053,10.861,10.934,0.349,23.048,0.997,-3.869,81.334,TRUE,0.146,TRUE,3,14,Amp,,0.982,,,,
38,D2,FALSE,AiW001-2-DA6W,ACTB,UNKNOWN,VIC,NFQ-MGB,18.972,19.030,0.053,11.314,10.934,0.349,23.048,0.997,-3.869,81.334,TRUE,0.146,TRUE,3,14,Amp,,0.975,,,,
39,D3,FALSE,AiW001-2-DA6W,ACTB,UNKNOWN,VIC,NFQ-MGB,19.077,19.030,0.053,10.628,10.934,0.349,23.048,0.997,-3.869,81.334,TRUE,0.146,TRUE,3,14,Amp,,0.976,,,,
40,D4,FALSE,AJC001-5-DA6W,ACTB,UNKNOWN,VIC,NFQ-MGB,19.249,19.302,0.058,9.596,9.301,0.322,23.048,0.997,-3.869,81.334,TRUE,0.146,TRUE,3,15,Amp,,0.978,,,,
41,D5,FALSE,AJC001-5-DA6W,ACTB,UNKNOWN,VIC,NFQ-MGB,19.365,19.302,0.058,8.957,9.301,0.322,23.048,0.997,-3.869,81.334,TRUE,0.146,TRUE,3,14,Amp,,0.956,,,,
42,D6,FALSE,AJC001-5-DA6W,ACTB,UNKNOWN,VIC,NFQ-MGB,19.292,19.302,0.058,9.351,9.301,0.322,23.048,0.997,-3.869,81.334,TRUE,0.146,TRUE,3,14,Amp,,0.946,,,,
43,D7,FALSE,522-266-2-DA6W,ACTB,UNKNOWN,VIC,NFQ-MGB,18.986,19.056,0.084,11.223,10.773,0.533,23.048,0.997,-3.869,81.334,TRUE,0.146,TRUE,3,14,Amp,,0.964,,,,
44,D8,FALSE,522-266-2-DA6W,ACTB,UNKNOWN,VIC,NFQ-MGB,19.033,19.056,0.084,10.912,10.773,0.533,23.048,0.997,-3.869,81.334,TRUE,0.146,TRUE,3,14,Amp,,0.956,,,,
45,D9,FALSE,522-266-2-DA6W,ACTB,UNKNOWN,VIC,NFQ-MGB,19.149,19.056,0.084,10.185,10.773,0.533,23.048,0.997,-3.869,81.334,TRUE,0.146,TRUE,3,14,Amp,,0.958,,,,
46,D10,FALSE,,ACTB,STANDARD,VIC,NFQ-MGB,23.025,23.242,0.191,0.781,,,23.048,0.997,-3.869,81.334,TRUE,0.146,TRUE,3,18,Amp,,0.973,,,,
47,D11,FALSE,,ACTB,STANDARD,VIC,NFQ-MGB,23.314,23.242,0.191,0.781,,,23.048,0.997,-3.869,81.334,TRUE,0.146,TRUE,3,18,Amp,,0.971,,,,
48,D12,FALSE,,ACTB,STANDARD,VIC,NFQ-MGB,23.386,23.242,0.191,0.781,,,23.048,0.997,-3.869,81.334,TRUE,0.146,TRUE,3,18,Amp,,0.973,,,,
49,E1,FALSE,AiW002-2-IPSC,ACTB,UNKNOWN,VIC,NFQ-MGB,20.261,20.271,0.014,5.253,5.223,0.043,23.048,0.997,-3.869,81.334,TRUE,0.146,TRUE,3,15,Amp,,0.985,,,,
50,E2,FALSE,AiW002-2-IPSC,ACTB,UNKNOWN,VIC,NFQ-MGB,20.287,20.271,0.014,5.175,5.223,0.043,23.048,0.997,-3.869,81.334,TRUE,0.146,TRUE,3,15,Amp,,0.988,,,,
51,E3,FALSE,AiW002-2-IPSC,ACTB,UNKNOWN,VIC,NFQ-MGB,20.265,20.271,0.014,5.243,5.223,0.043,23.048,0.997,-3.869,81.334,TRUE,0.146,TRUE,3,15,Amp,,0.989,,,,
52,E4,FALSE,AJG001C4-IPSC,ACTB,UNKNOWN,VIC,NFQ-MGB,19.917,19.882,0.030,6.449,6.583,0.116,23.048,0.997,-3.869,81.334,TRUE,0.146,TRUE,3,15,Amp,,0.994,,,,
53,E5,FALSE,AJG001C4-IPSC,ACTB,UNKNOWN,VIC,NFQ-MGB,19.867,19.882,0.030,6.643,6.583,0.116,23.048,0.997,-3.869,81.334,TRUE,0.146,TRUE,3,15,Amp,,0.989,,,,
54,E6,FALSE,AJG001C4-IPSC,ACTB,UNKNOWN,VIC,NFQ-MGB,19.863,19.882,0.030,6.656,6.583,0.116,23.048,0.997,-3.869,81.334,TRUE,0.146,TRUE,3,15,Amp,,0.986,,,,
55,E7,FALSE,NCRM1-IPSC,ACTB,UNKNOWN,VIC,NFQ-MGB,19.977,20.052,0.067,6.222,5.955,0.238,23.048,0.997,-3.869,81.334,TRUE,0.146,TRUE,3,15,Amp,,0.991,,,,
56,E8,FALSE,NCRM1-IPSC,ACTB,UNKNOWN,VIC,NFQ-MGB,20.073,20.052,0.067,5.877,5.955,0.238,23.048,0.997,-3.869,81.334,TRUE,0.146,TRUE,3,15,Amp,,0.989,,,,
57,E9,FALSE,NCRM1-IPSC,ACTB,UNKNOWN,VIC,NFQ-MGB,20.105,20.052,0.067,5.765,5.955,0.238,23.048,0.997,-3.869,81.334,TRUE,0.146,TRUE,3,15,Amp,,0.988,,,,
58,E10,FALSE,,ACTB,STANDARD,VIC,NFQ-MGB,25.253,25.410,0.154,0.195,,,23.048,0.997,-3.869,81.334,TRUE,0.146,TRUE,3,20,Amp,,0.972,,,,
59,E11,FALSE,,ACTB,STANDARD,VIC,NFQ-MGB,25.420,25.410,0.154,0.195,,,23.048,0.997,-3.869,81.334,TRUE,0.146,TRUE,3,20,Amp,,0.978,,,,
60,E12,FALSE,,ACTB,STANDARD,VIC,NFQ-MGB,25.559,25.410,0.154,0.195,,,23.048,0.997,-3.869,81.334,TRUE,0.146,TRUE,3,20,Amp,,0.970,,,,
61,F1,FALSE,AiW002-2-NPC,ACTB,UNKNOWN,VIC,NFQ-MGB,19.039,19.012,0.025,10.870,11.048,0.161,23.048,0.997,-3.869,81.334,TRUE,0.146,TRUE,3,14,Amp,,0.976,,,,
62,F2,FALSE,AiW002-2-NPC,ACTB,UNKNOWN,VIC,NFQ-MGB,18.991,19.012,0.025,11.186,11.048,0.161,23.048,0.997,-3.869,81.334,TRUE,0.146,TRUE,3,14,Amp,,0.963,,,,
63,F3,FALSE,AiW002-2-NPC,ACTB,UNKNOWN,VIC,NFQ-MGB,19.006,19.012,0.025,11.087,11.048,0.161,23.048,0.997,-3.869,81.334,TRUE,0.146,TRUE,3,14,Amp,,0.967,,,,
64,F4,FALSE,AJG001C4-NPC,ACTB,UNKNOWN,VIC,NFQ-MGB,19.285,19.298,0.031,9.389,9.323,0.173,23.048,0.997,-3.869,81.334,TRUE,0.146,TRUE,3,14,Amp,,0.955,,,,
65,F5,FALSE,AJG001C4-NPC,ACTB,UNKNOWN,VIC,NFQ-MGB,19.274,19.298,0.031,9.453,9.323,0.173,23.048,0.997,-3.869,81.334,TRUE,0.146,TRUE,3,13,Amp,,0.970,,,,
66,F6,FALSE,AJG001C4-NPC,ACTB,UNKNOWN,VIC,NFQ-MGB,19.333,19.298,0.031,9.127,9.323,0.173,23.048,0.997,-3.869,81.334,TRUE,0.146,TRUE,3,14,Amp,,0.968,,,,
67,F7,FALSE,NCRM1-NPC,ACTB,UNKNOWN,VIC,NFQ-MGB,18.993,19.051,0.074,11.178,10.804,0.469,23.048,0.997,-3.869,81.334,TRUE,0.146,TRUE,3,14,Amp,,0.956,,,,
68,F8,FALSE,NCRM1-NPC,ACTB,UNKNOWN,VIC,NFQ-MGB,19.026,19.051,0.074,10.957,10.804,0.469,23.048,0.997,-3.869,81.334,TRUE,0.146,TRUE,3,14,Amp,,0.954,,,,
69,F9,FALSE,NCRM1-NPC,ACTB,UNKNOWN,VIC,NFQ-MGB,19.133,19.051,0.074,10.278,10.804,0.469,23.048,0.997,-3.869,81.334,TRUE,0.146,TRUE,3,14,Amp,,0.969,,,,
70,F10,FALSE,,ACTB,STANDARD,VIC,NFQ-MGB,27.821,28.315,0.463,0.049,,,23.048,0.997,-3.869,81.334,TRUE,0.146,TRUE,3,23,Amp,,0.975,,,,
71,F11,FALSE,,ACTB,STANDARD,VIC,NFQ-MGB,28.383,28.315,0.463,0.049,,,23.048,0.997,-3.869,81.334,TRUE,0.146,TRUE,3,23,Amp,,0.971,,,,
72,F12,FALSE,,ACTB,STANDARD,VIC,NFQ-MGB,28.739,28.315,0.463,0.049,,,23.048,0.997,-3.869,81.334,TRUE,0.146,TRUE,3,24,Amp,,0.972,,,,
73,G1,FALSE,AiW002-2-DA4W,ACTB,UNKNOWN,VIC,NFQ-MGB,19.422,19.462,0.053,8.656,8.457,0.265,23.048,0.997,-3.869,81.334,TRUE,0.146,TRUE,3,14,Amp,,0.987,,,,
74,G2,FALSE,AiW002-2-DA4W,ACTB,UNKNOWN,VIC,NFQ-MGB,19.522,19.462,0.053,8.156,8.457,0.265,23.048,0.997,-3.869,81.334,TRUE,0.146,TRUE,3,14,Amp,,0.979,,,,
75,G3,FALSE,AiW002-2-DA4W,ACTB,UNKNOWN,VIC,NFQ-MGB,19.441,19.462,0.053,8.560,8.457,0.265,23.048,0.997,-3.869,81.334,TRUE,0.146,TRUE,3,14,Amp,,0.978,,,,
76,G4,FALSE,AJG001C4-DA4W,ACTB,UNKNOWN,VIC,NFQ-MGB,19.047,19.139,0.081,10.820,10.254,0.498,23.048,0.997,-3.869,81.334,TRUE,0.146,TRUE,3,14,Amp,,0.968,,,,
77,G5,FALSE,AJG001C4-DA4W,ACTB,UNKNOWN,VIC,NFQ-MGB,19.170,19.139,0.081,10.057,10.254,0.498,23.048,0.997,-3.869,81.334,TRUE,0.146,TRUE,3,14,Amp,,0.970,,,,
78,G6,FALSE,AJG001C4-DA4W,ACTB,UNKNOWN,VIC,NFQ-MGB,19.199,19.139,0.081,9.884,10.254,0.498,23.048,0.997,-3.869,81.334,TRUE,0.146,TRUE,3,14,Amp,,0.972,,,,
79,G7,FALSE,NCRM1-DA4W,ACTB,UNKNOWN,VIC,NFQ-MGB,18.667,18.823,0.150,13.569,12.397,1.111,23.048,0.997,-3.869,81.334,TRUE,0.146,TRUE,3,13,Amp,,0.952,,,,
80,G8,FALSE,NCRM1-DA4W,ACTB,UNKNOWN,VIC,NFQ-MGB,18.837,18.823,0.150,12.261,12.397,1.111,23.048,0.997,-3.869,81.334,TRUE,0.146,TRUE,3,14,Amp,,0.963,,,,
81,G9,FALSE,NCRM1-DA4W,ACTB,UNKNOWN,VIC,NFQ-MGB,18.965,18.823,0.150,11.360,12.397,1.111,23.048,0.997,-3.869,81.334,TRUE,0.146,TRUE,3,14,Amp,,0.976,,,,
82,G10,FALSE,,ACTB,STANDARD,VIC,NFQ-MGB,30.148,30.484,0.371,0.012,,,23.048,0.997,-3.869,81.334,TRUE,0.146,TRUE,3,25,Amp,,0.966,,,,
83,G11,FALSE,,ACTB,STANDARD,VIC,NFQ-MGB,30.423,30.484,0.371,0.012,,,23.048,0.997,-3.869,81.334,TRUE,0.146,TRUE,3,25,Amp,,0.968,,,,
84,G12,FALSE,,ACTB,STANDARD,VIC,NFQ-MGB,30.882,30.484,0.371,0.012,,,23.048,0.997,-3.869,81.334,TRUE,0.146,TRUE,3,26,Amp,,0.970,,,,
85,H1,FALSE,AiW002-2-DA6W,ACTB,UNKNOWN,VIC,NFQ-MGB,19.356,19.517,0.140,9.001,8.200,0.700,23.048,0.997,-3.869,81.334,TRUE,0.146,TRUE,3,14,Amp,,0.981,,,,
86,H2,FALSE,AiW002-2-DA6W,ACTB,UNKNOWN,VIC,NFQ-MGB,19.577,19.517,0.140,7.891,8.200,0.700,23.048,0.997,-3.869,81.334,TRUE,0.146,TRUE,3,15,Amp,,0.988,,,,
87,H3,FALSE,AiW002-2-DA6W,ACTB,UNKNOWN,VIC,NFQ-MGB,19.617,19.517,0.140,7.708,8.200,0.700,23.048,0.997,-3.869,81.334,TRUE,0.146,TRUE,3,15,Amp,,0.979,,,,
88,H4,FALSE,AJG001C4-DA6W,ACTB,UNKNOWN,VIC,NFQ-MGB,19.073,19.178,0.096,10.656,10.019,0.580,23.048,0.997,-3.869,81.334,TRUE,0.146,TRUE,3,14,Amp,,0.970,,,,
89,H5,FALSE,AJG001C4-DA6W,ACTB,UNKNOWN,VIC,NFQ-MGB,19.200,19.178,0.096,9.878,10.019,0.580,23.048,0.997,-3.869,81.334,TRUE,0.146,TRUE,3,14,Amp,,0.969,,,,
90,H6,FALSE,AJG001C4-DA6W,ACTB,UNKNOWN,VIC,NFQ-MGB,19.262,19.178,0.096,9.523,10.019,0.580,23.048,0.997,-3.869,81.334,TRUE,0.146,TRUE,3,14,Amp,,0.956,,,,
91,H7,FALSE,NCRM1-DA6W,ACTB,UNKNOWN,VIC,NFQ-MGB,18.712,18.860,0.140,13.206,12.124,1.017,23.048,0.997,-3.869,81.334,TRUE,0.146,TRUE,3,14,Amp,,0.967,,,,
92,H8,FALSE,NCRM1-DA6W,ACTB,UNKNOWN,VIC,NFQ-MGB,18.877,18.860,0.140,11.975,12.124,1.017,23.048,0.997,-3.869,81.334,TRUE,0.146,TRUE,3,14,Amp,,0.966,,,,
93,H9,FALSE,NCRM1-DA6W,ACTB,UNKNOWN,VIC,NFQ-MGB,18.991,18.860,0.140,11.189,12.124,1.017,23.048,0.997,-3.869,81.334,TRUE,0.146,TRUE,3,13,Amp,,0.978,,,,
94,H10,FALSE,,ACTB,STANDARD,VIC,NFQ-MGB,32.812,33.004,0.166,0.003,,,23.048,0.997,-3.869,81.334,TRUE,0.146,TRUE,3,27,Amp,,0.958,,,,
95,H11,FALSE,,ACTB,STANDARD,VIC,NFQ-MGB,33.085,33.004,0.166,0.003,,,23.048,0.997,-3.869,81.334,TRUE,0.146,TRUE,3,28,Amp,,0.949,,,,
96,H12,FALSE,,ACTB,STANDARD,VIC,NFQ-MGB,33.114,33.004,0.166,0.003,,,23.048,0.997,-3.869,81.334,TRUE,0.146,TRUE,3,28,Amp,,0.955,,,,