Block Type,384-Well Block,,,,,,,,,,,,,,,,,,,,,,,,,,,,,,,,,,,,
Calibration Background is expired ,No,,,,,,,,,,,,,,,,,,,,,,,,,,,,,,,,,,,,
Calibration Background performed on,2018-12-11,,,,,,,,,,,,,,,,,,,,,,,,,,,,,,,,,,,,
Calibration Pure Dye ABY is expired,No,,,,,,,,,,,,,,,,,,,,,,,,,,,,,,,,,,,,
Calibration Pure Dye ABY performed on,2018-12-11,,,,,,,,,,,,,,,,,,,,,,,,,,,,,,,,,,,,
Calibration Pure Dye CY5 is expired,No,,,,,,,,,,,,,,,,,,,,,,,,,,,,,,,,,,,,
Calibration Pure Dye CY5 performed on,2018-12-11,,,,,,,,,,,,,,,,,,,,,,,,,,,,,,,,,,,,
Calibration Pure Dye FAM is expired,No,,,,,,,,,,,,,,,,,,,,,,,,,,,,,,,,,,,,
Calibration Pure Dye FAM performed on,2018-12-11,,,,,,,,,,,,,,,,,,,,,,,,,,,,,,,,,,,,
Calibration Pure Dye JUN is expired,No,,,,,,,,,,,,,,,,,,,,,,,,,,,,,,,,,,,,
Calibration Pure Dye JUN performed on,2018-12-11,,,,,,,,,,,,,,,,,,,,,,,,,,,,,,,,,,,,
Calibration Pure Dye MUSTANG PURPLE is expired,No,,,,,,,,,,,,,,,,,,,,,,,,,,,,,,,,,,,,
Calibration Pure Dye MUSTANG PURPLE performed on,2018-12-11,,,,,,,,,,,,,,,,,,,,,,,,,,,,,,,,,,,,
Calibration Pure Dye NED is expired,No,,,,,,,,,,,,,,,,,,,,,,,,,,,,,,,,,,,,
Calibration Pure Dye NED performed on,2018-12-11,,,,,,,,,,,,,,,,,,,,,,,,,,,,,,,,,,,,
Calibration Pure Dye ROX is expired,No,,,,,,,,,,,,,,,,,,,,,,,,,,,,,,,,,,,,
Calibration Pure Dye ROX performed on,2018-12-11,,,,,,,,,,,,,,,,,,,,,,,,,,,,,,,,,,,,
Calibration Pure Dye SYBR is expired,No,,,,,,,,,,,,,,,,,,,,,,,,,,,,,,,,,,,,
Calibration Pure Dye SYBR performed on,2018-12-11,,,,,,,,,,,,,,,,,,,,,,,,,,,,,,,,,,,,
Calibration Pure Dye TAMRA is expired,No,,,,,,,,,,,,,,,,,,,,,,,,,,,,,,,,,,,,
Calibration Pure Dye TAMRA performed on,2018-12-11,,,,,,,,,,,,,,,,,,,,,,,,,,,,,,,,,,,,
Calibration Pure Dye VIC is expired,No,,,,,,,,,,,,,,,,,,,,,,,,,,,,,,,,,,,,
Calibration Pure Dye VIC performed on,2018-12-11,,,,,,,,,,,,,,,,,,,,,,,,,,,,,,,,,,,,
Calibration ROI is expired ,No,,,,,,,,,,,,,,,,,,,,,,,,,,,,,,,,,,,,
Calibration ROI performed on,2018-12-11,,,,,,,,,,,,,,,,,,,,,,,,,,,,,,,,,,,,
Calibration Uniformity is expired ,No,,,,,,,,,,,,,,,,,,,,,,,,,,,,,,,,,,,,
Calibration Uniformity performed on,2018-12-11,,,,,,,,,,,,,,,,,,,,,,,,,,,,,,,,,,,,
Chemistry,TAQMAN,,,,,,,,,,,,,,,,,,,,,,,,,,,,,,,,,,,,
Date Created,2019-11-11 10:36:21 AM PST,,,,,,,,,,,,,,,,,,,,,,,,,,,,,,,,,,,,
Experiment Barcode,,,,,,,,,,,,,,,,,,,,,,,,,,,,,,,,,,,,,
Experiment Comment,,,,,,,,,,,,,,,,,,,,,,,,,,,,,,,,,,,,,
Experiment File Name,D:\Users\Administrator\Experiments\Narges\STABILITY TEST\2019-11-11_NOV1.eds,,,,,,,,,,,,,,,,,,,,,,,,,,,,,,,,,,,,
Experiment Name,2019-11-11_085503,,,,,,,,,,,,,,,,,,,,,,,,,,,,,,,,,,,,
Experiment Run End Time,2019-11-11 10:26:03 AM PST,,,,,,,,,,,,,,,,,,,,,,,,,,,,,,,,,,,,
Experiment Type,Comparative C? (??C?) ,,,,,,,,,,,,,,,,,,,,,,,,,,,,,,,,,,,,
Instrument Name,272530975,,,,,,,,,,,,,,,,,,,,,,,,,,,,,,,,,,,,
Instrument Serial Number,272530975,,,,,,,,,,,,,,,,,,,,,,,,,,,,,,,,,,,,
Instrument Type,QuantStudio™ 5 System,,,,,,,,,,,,,,,,,,,,,,,,,,,,,,,,,,,,
Passive Reference,ROX,,,,,,,,,,,,,,,,,,,,,,,,,,,,,,,,,,,,
Post-read Stage/Step,,,,,,,,,,,,,,,,,,,,,,,,,,,,,,,,,,,,,
Pre-read Stage/Step,,,,,,,,,,,,,,,,,,,,,,,,,,,,,,,,,,,,,
Quantification Cycle Method,Ct,,,,,,,,,,,,,,,,,,,,,,,,,,,,,,,,,,,,
Signal Smoothing On,TRUE,,,,,,,,,,,,,,,,,,,,,,,,,,,,,,,,,,,,
Stage/ Cycle where Ct Analysis is performed,"Stage2, Step2",,,,,,,,,,,,,,,,,,,,,,,,,,,,,,,,,,,,
User Name,,,,,,,,,,,,,,,,,,,,,,,,,,,,,,,,,,,,,
,,,,,,,,,,,,,,,,,,,,,,,,,,,,,,,,,,,,,
Well,Well Position,Omit,Sample Name,Target Name,Task,Reporter,Quencher,Quantity,Quantity Mean,Quantity SD,RQ,RQ Min,RQ Max,CT,Ct Mean,Ct SD,Delta Ct,Delta Ct Mean,Delta Ct SD,Delta Ct SE,Delta Delta Ct,Automatic Ct Threshold,Ct Threshold,Automatic Baseline,Baseline Start,Baseline End,Amp Status,Comments,Cq Conf,PRFLOW,CQCONF,EXPFAIL,NOISE,HIGHSD,SPIKE,BADROX,OUTLIERRG
1,A1,FALSE,Normal,CHR1,UNKNOWN,FAM,NFQ-MGB,,,,,,,24.702,24.755,0.046,,,,,,TRUE,0.255,TRUE,3,19,Amp,,0.976,N,N,N,N,N,N,N,N
2,A2,FALSE,Normal,CHR1,UNKNOWN,FAM,NFQ-MGB,,,,,,,24.777,24.755,0.046,,,,,,TRUE,0.255,TRUE,3,19,Amp,,0.979,N,N,N,N,N,N,N,N
3,A3,FALSE,Normal,CHR1,UNKNOWN,FAM,NFQ-MGB,,,,,,,24.786,24.755,0.046,,,,,,TRUE,0.255,TRUE,3,18,Amp,,0.979,N,N,N,N,N,N,N,N
4,A4,FALSE,fxs,CHR1,UNKNOWN,FAM,NFQ-MGB,,,,,,,28.864,28.711,0.135,,,,,,TRUE,0.255,TRUE,3,23,Amp,,0.975,N,N,N,N,N,N,N,N
5,A5,FALSE,fxs,CHR1,UNKNOWN,FAM,NFQ-MGB,,,,,,,28.665,28.711,0.135,,,,,,TRUE,0.255,TRUE,3,23,Amp,,0.972,N,N,N,N,N,N,N,N
6,A6,FALSE,fxs,CHR1,UNKNOWN,FAM,NFQ-MGB,,,,,,,28.605,28.711,0.135,,,,,,TRUE,0.255,TRUE,3,23,Amp,,0.976,N,N,N,N,N,N,N,N
7,A7,FALSE,GM25953,CHR1,UNKNOWN,FAM,NFQ-MGB,,,,,,,27.286,27.322,0.042,,,,,,TRUE,0.255,TRUE,3,21,Amp,,0.971,N,N,N,N,N,N,N,N
8,A8,FALSE,GM25953,CHR1,UNKNOWN,FAM,NFQ-MGB,,,,,,,27.313,27.322,0.042,,,,,,TRUE,0.255,TRUE,3,22,Amp,,0.977,N,N,N,N,N,N,N,N
9,A9,FALSE,GM25953,CHR1,UNKNOWN,FAM,NFQ-MGB,,,,,,,27.368,27.322,0.042,,,,,,TRUE,0.255,TRUE,3,21,Amp,,0.971,N,N,N,N,N,N,N,N
10,A10,FALSE,GM25975,CHR1,UNKNOWN,FAM,NFQ-MGB,,,,,,,26.779,26.815,0.052,,,,,,TRUE,0.255,TRUE,3,21,Amp,,0.974,N,N,N,N,N,N,N,N
11,A11,FALSE,GM25975,CHR1,UNKNOWN,FAM,NFQ-MGB,,,,,,,26.875,26.815,0.052,,,,,,TRUE,0.255,TRUE,3,21,Amp,,0.974,N,N,N,N,N,N,N,N
12,A12,FALSE,GM25975,CHR1,UNKNOWN,FAM,NFQ-MGB,,,,,,,26.793,26.815,0.052,,,,,,TRUE,0.255,TRUE,3,21,Amp,,0.975,N,N,N,N,N,N,N,N
13,A13,FALSE,GM25974,CHR1,UNKNOWN,FAM,NFQ-MGB,,,,,,,26.75,26.753,0.015,,,,,,TRUE,0.255,TRUE,3,21,Amp,,0.975,N,N,N,N,N,N,N,N
14,A14,FALSE,GM25974,CHR1,UNKNOWN,FAM,NFQ-MGB,,,,,,,26.77,26.753,0.015,,,,,,TRUE,0.255,TRUE,3,21,Amp,,0.983,N,N,N,N,N,N,N,N
15,A15,FALSE,GM25974,CHR1,UNKNOWN,FAM,NFQ-MGB,,,,,,,26.741,26.753,0.015,,,,,,TRUE,0.255,TRUE,3,21,Amp,,0.976,N,N,N,N,N,N,N,N
16,A16,FALSE,GM25952,CHR1,UNKNOWN,FAM,NFQ-MGB,,,,,,,27.367,27.275,0.087,,,,,,TRUE,0.255,TRUE,3,22,Amp,,0.974,N,N,N,N,N,N,N,N
17,A17,FALSE,GM25952,CHR1,UNKNOWN,FAM,NFQ-MGB,,,,,,,27.263,27.275,0.087,,,,,,TRUE,0.255,TRUE,3,22,Amp,,0.978,N,N,N,N,N,N,N,N
18,A18,FALSE,GM25952,CHR1,UNKNOWN,FAM,NFQ-MGB,,,,,,,27.194,27.275,0.087,,,,,,TRUE,0.255,TRUE,3,22,Amp,,0.971,N,N,N,N,N,N,N,N
19,A19,FALSE,AIW001-02 P4+P7,CHR1,UNKNOWN,FAM,NFQ-MGB,,,,,,,34.453,34.006,0.427,,,,,,TRUE,0.255,TRUE,3,29,Amp,,0.961,N,N,N,N,N,N,N,N
20,A20,FALSE,AIW001-02 P4+P7,CHR1,UNKNOWN,FAM,NFQ-MGB,,,,,,,33.963,34.006,0.427,,,,,,TRUE,0.255,TRUE,3,28,Amp,,0.965,N,N,N,N,N,N,N,N
21,A21,FALSE,AIW001-02 P4+P7,CHR1,UNKNOWN,FAM,NFQ-MGB,,,,,,,33.602,34.006,0.427,,,,,,TRUE,0.255,TRUE,3,28,Amp,,0.971,N,N,N,N,N,N,N,N
22,A22,FALSE,3450-C WT,CHR1,UNKNOWN,FAM,NFQ-MGB,,,,,,,26.172,26.118,0.062,,,,,,TRUE,0.255,TRUE,3,20,Amp,,0.978,N,N,N,N,N,N,N,N
23,A23,FALSE,3450-C WT,CHR1,UNKNOWN,FAM,NFQ-MGB,,,,,,,26.131,26.118,0.062,,,,,,TRUE,0.255,TRUE,3,20,Amp,,0.977,N,N,N,N,N,N,N,N
24,A24,FALSE,3450-C WT,CHR1,UNKNOWN,FAM,NFQ-MGB,,,,,,,26.05,26.118,0.062,,,,,,TRUE,0.255,TRUE,3,20,Amp,,0.974,N,N,N,N,N,N,N,N
25,B1,FALSE,Normal,CHR4,UNKNOWN,FAM,NFQ-MGB,,,,1,0.944,1.06,24.874,24.903,0.024,,0.148,0.052,0.03,0,TRUE,0.258,TRUE,3,19,Amp,,0.992,N,N,N,N,N,N,N,N
26,B2,FALSE,Normal,CHR4,UNKNOWN,FAM,NFQ-MGB,,,,1,0.944,1.06,24.916,24.903,0.024,,0.148,0.052,0.03,0,TRUE,0.258,TRUE,3,19,Amp,,0.979,N,N,N,N,N,N,N,N
27,B3,FALSE,Normal,CHR4,UNKNOWN,FAM,NFQ-MGB,,,,1,0.944,1.06,24.918,24.903,0.024,,0.148,0.052,0.03,0,TRUE,0.258,TRUE,3,19,Amp,,0.985,N,N,N,N,N,N,N,N
28,B4,FALSE,fxs,CHR4,UNKNOWN,FAM,NFQ-MGB,,,,1.029,0.879,1.205,28.841,28.818,0.044,,0.106,0.142,0.082,#FIELD!,TRUE,0.258,TRUE,3,23,Amp,,0.982,N,N,N,N,N,N,N,N
29,B5,FALSE,fxs,CHR4,UNKNOWN,FAM,NFQ-MGB,,,,1.029,0.879,1.205,28.767,28.818,0.044,,0.106,0.142,0.082,#FIELD!,TRUE,0.258,TRUE,3,23,Amp,,0.987,N,N,N,N,N,N,N,N
30,B6,FALSE,fxs,CHR4,UNKNOWN,FAM,NFQ-MGB,,,,1.029,0.879,1.205,28.845,28.818,0.044,,0.106,0.142,0.082,#FIELD!,TRUE,0.258,TRUE,3,23,Amp,,0.984,N,N,N,N,N,N,N,N
31,B7,FALSE,GM25953,CHR4,UNKNOWN,FAM,NFQ-MGB,,,,1.044,0.996,1.094,27.404,27.408,0.008,,0.086,0.043,0.025,#FIELD!,TRUE,0.258,TRUE,3,22,Amp,,0.982,N,N,N,N,N,N,N,N
32,B8,FALSE,GM25953,CHR4,UNKNOWN,FAM,NFQ-MGB,,,,1.044,0.996,1.094,27.418,27.408,0.008,,0.086,0.043,0.025,#FIELD!,TRUE,0.258,TRUE,3,21,Amp,,0.985,N,N,N,N,N,N,N,N
33,B9,FALSE,GM25953,CHR4,UNKNOWN,FAM,NFQ-MGB,,,,1.044,0.996,1.094,27.402,27.408,0.008,,0.086,0.043,0.025,#FIELD!,TRUE,0.258,TRUE,3,21,Amp,,0.987,N,N,N,N,N,N,N,N
34,B10,FALSE,GM25975,CHR4,UNKNOWN,FAM,NFQ-MGB,,,,0.992,0.933,1.054,26.989,26.975,0.017,,0.16,0.055,0.032,0.012,TRUE,0.258,TRUE,3,21,Amp,,0.985,N,N,N,N,N,N,N,N
35,B11,FALSE,GM25975,CHR4,UNKNOWN,FAM,NFQ-MGB,,,,0.992,0.933,1.054,26.981,26.975,0.017,,0.16,0.055,0.032,0.012,TRUE,0.258,TRUE,3,21,Amp,,0.988,N,N,N,N,N,N,N,N
36,B12,FALSE,GM25975,CHR4,UNKNOWN,FAM,NFQ-MGB,,,,0.992,0.933,1.054,26.956,26.975,0.017,,0.16,0.055,0.032,0.012,TRUE,0.258,TRUE,3,21,Amp,,0.983,N,N,N,N,N,N,N,N
37,B13,FALSE,GM25974,CHR4,UNKNOWN,FAM,NFQ-MGB,,,,0.974,0.944,1.006,26.966,26.939,0.024,,0.185,0.028,0.016,0.037,TRUE,0.258,TRUE,3,20,Amp,,0.988,N,N,N,N,N,N,N,N
38,B14,FALSE,GM25974,CHR4,UNKNOWN,FAM,NFQ-MGB,,,,0.974,0.944,1.006,26.924,26.939,0.024,,0.185,0.028,0.016,0.037,TRUE,0.258,TRUE,3,21,Amp,,0.976,N,N,N,N,N,N,N,N
39,B15,FALSE,GM25974,CHR4,UNKNOWN,FAM,NFQ-MGB,,,,0.974,0.944,1.006,26.926,26.939,0.024,,0.185,0.028,0.016,0.037,TRUE,0.258,TRUE,3,21,Amp,,0.975,N,N,N,N,N,N,N,N
40,B16,FALSE,GM25952,CHR4,UNKNOWN,FAM,NFQ-MGB,,,,1.041,0.937,1.155,27.334,27.365,0.035,,0.09,0.094,0.054,#FIELD!,TRUE,0.258,TRUE,3,21,Amp,,0.98,N,N,N,N,N,N,N,N
41,B17,FALSE,GM25952,CHR4,UNKNOWN,FAM,NFQ-MGB,,,,1.041,0.937,1.155,27.403,27.365,0.035,,0.09,0.094,0.054,#FIELD!,TRUE,0.258,TRUE,3,22,Amp,,0.99,N,N,N,N,N,N,N,N
42,B18,FALSE,GM25952,CHR4,UNKNOWN,FAM,NFQ-MGB,,,,1.041,0.937,1.155,27.359,27.365,0.035,,0.09,0.094,0.054,#FIELD!,TRUE,0.258,TRUE,3,22,Amp,,0.991,N,N,N,N,N,N,N,N
43,B19,FALSE,AIW001-02 P4+P7,CHR4,UNKNOWN,FAM,NFQ-MGB,,,,0.411,0.218,0.774,35.765,35.438,0.379,,1.432,0.571,0.33,1.284,TRUE,0.258,TRUE,3,30,Amp,,0.968,N,N,N,N,N,N,N,N
44,B20,FALSE,AIW001-02 P4+P7,CHR4,UNKNOWN,FAM,NFQ-MGB,,,,0.411,0.218,0.774,35.023,35.438,0.379,,1.432,0.571,0.33,1.284,TRUE,0.258,TRUE,3,29,Amp,,0.973,N,N,N,N,N,N,N,N
45,B21,FALSE,AIW001-02 P4+P7,CHR4,UNKNOWN,FAM,NFQ-MGB,,,,0.411,0.218,0.774,35.526,35.438,0.379,,1.432,0.571,0.33,1.284,TRUE,0.258,TRUE,3,29,Amp,,0.963,N,N,N,N,N,N,N,N
46,B22,FALSE,3450-C WT,CHR4,UNKNOWN,FAM,NFQ-MGB,,,,0.989,0.906,1.08,26.325,26.281,0.049,,0.164,0.079,0.046,0.016,TRUE,0.258,TRUE,3,21,Amp,,0.986,N,N,N,N,N,N,N,N
47,B23,FALSE,3450-C WT,CHR4,UNKNOWN,FAM,NFQ-MGB,,,,0.989,0.906,1.08,26.29,26.281,0.049,,0.164,0.079,0.046,0.016,TRUE,0.258,TRUE,3,20,Amp,,0.986,N,N,N,N,N,N,N,N
48,B24,FALSE,3450-C WT,CHR4,UNKNOWN,FAM,NFQ-MGB,,,,0.989,0.906,1.08,26.228,26.281,0.049,,0.164,0.079,0.046,0.016,TRUE,0.258,TRUE,3,21,Amp,,0.986,N,N,N,N,N,N,N,N
49,C1,FALSE,Normal,CHR8,UNKNOWN,FAM,NFQ-MGB,,,,1,0.948,1.055,24.681,24.685,0.013,,#FIELD!,0.048,0.028,0,TRUE,0.271,TRUE,3,19,Amp,,0.989,N,N,N,N,N,N,N,N
50,C2,FALSE,Normal,CHR8,UNKNOWN,FAM,NFQ-MGB,,,,1,0.948,1.055,24.674,24.685,0.013,,#FIELD!,0.048,0.028,0,TRUE,0.271,TRUE,3,18,Amp,,0.993,N,N,N,N,N,N,N,N
51,C3,FALSE,Normal,CHR8,UNKNOWN,FAM,NFQ-MGB,,,,1,0.948,1.055,24.699,24.685,0.013,,#FIELD!,0.048,0.028,0,TRUE,0.271,TRUE,3,18,Amp,,0.983,N,N,N,N,N,N,N,N
52,C4,FALSE,fxs,CHR8,UNKNOWN,FAM,NFQ-MGB,,,,1.089,0.933,1.271,28.512,28.518,0.032,,#FIELD!,0.139,0.08,#FIELD!,TRUE,0.271,TRUE,3,23,Amp,,0.981,N,N,N,N,N,N,N,N
53,C5,FALSE,fxs,CHR8,UNKNOWN,FAM,NFQ-MGB,,,,1.089,0.933,1.271,28.49,28.518,0.032,,#FIELD!,0.139,0.08,#FIELD!,TRUE,0.271,TRUE,3,22,Amp,,0.983,N,N,N,N,N,N,N,N
54,C6,FALSE,fxs,CHR8,UNKNOWN,FAM,NFQ-MGB,,,,1.089,0.933,1.271,28.553,28.518,0.032,,#FIELD!,0.139,0.08,#FIELD!,TRUE,0.271,TRUE,3,22,Amp,,0.99,N,N,N,N,N,N,N,N
55,C7,FALSE,GM25953,CHR8,UNKNOWN,FAM,NFQ-MGB,,,,1.071,0.996,1.151,27.208,27.153,0.05,,#FIELD!,0.065,0.037,#FIELD!,TRUE,0.271,TRUE,3,21,Amp,,0.983,N,N,N,N,N,N,N,N
56,C8,FALSE,GM25953,CHR8,UNKNOWN,FAM,NFQ-MGB,,,,1.071,0.996,1.151,27.14,27.153,0.05,,#FIELD!,0.065,0.037,#FIELD!,TRUE,0.271,TRUE,3,21,Amp,,0.985,N,N,N,N,N,N,N,N
57,C9,FALSE,GM25953,CHR8,UNKNOWN,FAM,NFQ-MGB,,,,1.071,0.996,1.151,27.111,27.153,0.05,,#FIELD!,0.065,0.037,#FIELD!,TRUE,0.271,TRUE,3,21,Amp,,0.984,N,N,N,N,N,N,N,N
58,C10,FALSE,GM25975,CHR8,UNKNOWN,FAM,NFQ-MGB,,,,1.018,0.921,1.125,26.778,26.72,0.074,,#FIELD!,0.09,0.052,#FIELD!,TRUE,0.271,TRUE,3,22,Amp,,0.988,N,N,N,N,N,N,N,N
59,C11,FALSE,GM25975,CHR8,UNKNOWN,FAM,NFQ-MGB,,,,1.018,0.921,1.125,26.637,26.72,0.074,,#FIELD!,0.09,0.052,#FIELD!,TRUE,0.271,TRUE,3,21,Amp,,0.986,N,N,N,N,N,N,N,N
60,C12,FALSE,GM25975,CHR8,UNKNOWN,FAM,NFQ-MGB,,,,1.018,0.921,1.125,26.744,26.72,0.074,,#FIELD!,0.09,0.052,#FIELD!,TRUE,0.271,TRUE,3,21,Amp,,0.988,N,N,N,N,N,N,N,N
61,C13,FALSE,GM25974,CHR8,UNKNOWN,FAM,NFQ-MGB,,,,1.074,1.054,1.094,26.587,26.581,0.008,,#FIELD!,0.017,0.01,#FIELD!,TRUE,0.271,TRUE,3,20,Amp,,0.988,N,N,N,N,N,N,N,N
62,C14,FALSE,GM25974,CHR8,UNKNOWN,FAM,NFQ-MGB,,,,1.074,1.054,1.094,26.572,26.581,0.008,,#FIELD!,0.017,0.01,#FIELD!,TRUE,0.271,TRUE,3,21,Amp,,0.983,N,N,N,N,N,N,N,N
63,C15,FALSE,GM25974,CHR8,UNKNOWN,FAM,NFQ-MGB,,,,1.074,1.054,1.094,26.583,26.581,0.008,,#FIELD!,0.017,0.01,#FIELD!,TRUE,0.271,TRUE,3,21,Amp,,0.988,N,N,N,N,N,N,N,N
64,C16,FALSE,GM25952,CHR8,UNKNOWN,FAM,NFQ-MGB,,,,1.047,0.941,1.165,27.166,27.138,0.04,,#FIELD!,0.096,0.056,#FIELD!,TRUE,0.271,TRUE,3,22,Amp,,0.978,N,N,N,N,N,N,N,N
65,C17,FALSE,GM25952,CHR8,UNKNOWN,FAM,NFQ-MGB,,,,1.047,0.941,1.165,27.156,27.138,0.04,,#FIELD!,0.096,0.056,#FIELD!,TRUE,0.271,TRUE,3,22,Amp,,0.974,N,N,N,N,N,N,N,N
66,C18,FALSE,GM25952,CHR8,UNKNOWN,FAM,NFQ-MGB,,,,1.047,0.941,1.165,27.092,27.138,0.04,,#FIELD!,0.096,0.056,#FIELD!,TRUE,0.271,TRUE,3,22,Amp,,0.977,N,N,N,N,N,N,N,N
67,C19,FALSE,AIW001-02 P4+P7,CHR8,UNKNOWN,FAM,NFQ-MGB,,,,0.784,0.435,1.412,34.236,34.287,0.313,,0.281,0.53,0.306,0.351,TRUE,0.271,TRUE,3,28,Amp,,0.979,N,N,N,N,N,N,N,N
68,C20,FALSE,AIW001-02 P4+P7,CHR8,UNKNOWN,FAM,NFQ-MGB,,,,0.784,0.435,1.412,34.623,34.287,0.313,,0.281,0.53,0.306,0.351,TRUE,0.271,TRUE,3,28,Amp,,0.973,N,N,N,N,N,N,N,N
69,C21,FALSE,AIW001-02 P4+P7,CHR8,UNKNOWN,FAM,NFQ-MGB,,,,0.784,0.435,1.412,34.003,34.287,0.313,,0.281,0.53,0.306,0.351,TRUE,0.271,TRUE,3,28,Amp,,0.965,N,N,N,N,N,N,N,N
70,C22,FALSE,3450-C WT,CHR8,UNKNOWN,FAM,NFQ-MGB,,,,1.082,0.986,1.188,25.996,25.934,0.056,,#FIELD!,0.084,0.048,#FIELD!,TRUE,0.271,TRUE,3,20,Amp,,0.988,N,N,N,N,N,N,N,N
71,C23,FALSE,3450-C WT,CHR8,UNKNOWN,FAM,NFQ-MGB,,,,1.082,0.986,1.188,25.916,25.934,0.056,,#FIELD!,0.084,0.048,#FIELD!,TRUE,0.271,TRUE,3,20,Amp,,0.986,N,N,N,N,N,N,N,N
72,C24,FALSE,3450-C WT,CHR8,UNKNOWN,FAM,NFQ-MGB,,,,1.082,0.986,1.188,25.888,25.934,0.056,,#FIELD!,0.084,0.048,#FIELD!,TRUE,0.271,TRUE,3,20,Amp,,0.984,N,N,N,N,N,N,N,N
73,D1,FALSE,Normal,CHR10,UNKNOWN,FAM,NFQ-MGB,,,,1,0.948,1.054,24.881,24.883,0.011,,0.128,0.048,0.027,0,TRUE,0.332,TRUE,3,19,Amp,,0.991,N,N,N,N,N,N,N,N
74,D2,FALSE,Normal,CHR10,UNKNOWN,FAM,NFQ-MGB,,,,1,0.948,1.054,24.896,24.883,0.011,,0.128,0.048,0.027,0,TRUE,0.332,TRUE,3,18,Amp,,0.986,N,N,N,N,N,N,N,N
75,D3,FALSE,Normal,CHR10,UNKNOWN,FAM,NFQ-MGB,,,,1,0.948,1.054,24.873,24.883,0.011,,0.128,0.048,0.027,0,TRUE,0.332,TRUE,3,19,Amp,,0.989,N,N,N,N,N,N,N,N
76,D4,FALSE,fxs,CHR10,UNKNOWN,FAM,NFQ-MGB,,,,0.973,0.829,1.141,28.837,28.88,0.048,,0.168,0.144,0.083,0.04,TRUE,0.332,TRUE,3,22,Amp,,0.99,N,N,N,N,N,N,N,N
77,D5,FALSE,fxs,CHR10,UNKNOWN,FAM,NFQ-MGB,,,,0.973,0.829,1.141,28.871,28.88,0.048,,0.168,0.144,0.083,0.04,TRUE,0.332,TRUE,3,23,Amp,,0.982,N,N,N,N,N,N,N,N
78,D6,FALSE,fxs,CHR10,UNKNOWN,FAM,NFQ-MGB,,,,0.973,0.829,1.141,28.931,28.88,0.048,,0.168,0.144,0.083,0.04,TRUE,0.332,TRUE,3,23,Amp,,0.991,N,N,N,N,N,N,N,N
79,D7,FALSE,GM25953,CHR10,UNKNOWN,FAM,NFQ-MGB,,,,0.952,0.875,1.036,27.593,27.521,0.063,,0.199,0.076,0.044,0.07,TRUE,0.332,TRUE,3,21,Amp,,0.981,N,N,N,N,N,N,N,N
80,D8,FALSE,GM25953,CHR10,UNKNOWN,FAM,NFQ-MGB,,,,0.952,0.875,1.036,27.476,27.521,0.063,,0.199,0.076,0.044,0.07,TRUE,0.332,TRUE,3,21,Amp,,0.986,N,N,N,N,N,N,N,N
81,D9,FALSE,GM25953,CHR10,UNKNOWN,FAM,NFQ-MGB,,,,0.952,0.875,1.036,27.493,27.521,0.063,,0.199,0.076,0.044,0.07,TRUE,0.332,TRUE,3,20,Amp,,0.989,N,N,N,N,N,N,N,N
82,D10,FALSE,GM25975,CHR10,UNKNOWN,FAM,NFQ-MGB,,,,0.989,0.923,1.06,26.975,26.96,0.035,,0.144,0.062,0.036,0.016,TRUE,0.332,TRUE,3,21,Amp,,0.989,N,N,N,N,N,N,N,N
83,D11,FALSE,GM25975,CHR10,UNKNOWN,FAM,NFQ-MGB,,,,0.989,0.923,1.06,26.92,26.96,0.035,,0.144,0.062,0.036,0.016,TRUE,0.332,TRUE,3,21,Amp,,0.987,N,N,N,N,N,N,N,N
84,D12,FALSE,GM25975,CHR10,UNKNOWN,FAM,NFQ-MGB,,,,0.989,0.923,1.06,26.984,26.96,0.035,,0.144,0.062,0.036,0.016,TRUE,0.332,TRUE,3,21,Amp,,0.992,N,N,N,N,N,N,N,N
85,D13,FALSE,GM25974,CHR10,UNKNOWN,FAM,NFQ-MGB,,,,0.951,0.883,1.023,26.881,26.955,0.065,,0.201,0.066,0.038,0.073,TRUE,0.332,TRUE,3,21,Amp,,0.984,N,N,N,N,N,N,N,N
86,D14,FALSE,GM25974,CHR10,UNKNOWN,FAM,NFQ-MGB,,,,0.951,0.883,1.023,27.003,26.955,0.065,,0.201,0.066,0.038,0.073,TRUE,0.332,TRUE,3,21,Amp,,0.976,N,N,N,N,N,N,N,N
87,D15,FALSE,GM25974,CHR10,UNKNOWN,FAM,NFQ-MGB,,,,0.951,0.883,1.023,26.98,26.955,0.065,,0.201,0.066,0.038,0.073,TRUE,0.332,TRUE,3,21,Amp,,0.981,N,N,N,N,N,N,N,N
88,D16,FALSE,GM25952,CHR10,UNKNOWN,FAM,NFQ-MGB,,,,1.017,0.885,1.168,27.398,27.379,0.089,,0.104,0.125,0.072,#FIELD!,TRUE,0.332,TRUE,3,21,Amp,,0.982,N,N,N,N,N,N,N,N
89,D17,FALSE,GM25952,CHR10,UNKNOWN,FAM,NFQ-MGB,,,,1.017,0.885,1.168,27.457,27.379,0.089,,0.104,0.125,0.072,#FIELD!,TRUE,0.332,TRUE,3,21,Amp,,0.98,N,N,N,N,N,N,N,N
90,D18,FALSE,GM25952,CHR10,UNKNOWN,FAM,NFQ-MGB,,,,1.017,0.885,1.168,27.282,27.379,0.089,,0.104,0.125,0.072,#FIELD!,TRUE,0.332,TRUE,3,21,Amp,,0.976,N,N,N,N,N,N,N,N
91,D19,FALSE,AIW001-02 P4+P7,CHR10,UNKNOWN,FAM,NFQ-MGB,,,,1.023,0.576,1.817,34.19,34.102,0.291,,0.096,0.517,0.298,#FIELD!,TRUE,0.332,TRUE,3,28,Amp,,0.96,N,N,N,N,N,N,N,N
92,D20,FALSE,AIW001-02 P4+P7,CHR10,UNKNOWN,FAM,NFQ-MGB,,,,1.023,0.576,1.817,34.339,34.102,0.291,,0.096,0.517,0.298,#FIELD!,TRUE,0.332,TRUE,3,28,Amp,,0.975,N,N,N,N,N,N,N,N
93,D21,FALSE,AIW001-02 P4+P7,CHR10,UNKNOWN,FAM,NFQ-MGB,,,,1.023,0.576,1.817,33.777,34.102,0.291,,0.096,0.517,0.298,#FIELD!,TRUE,0.332,TRUE,3,27,Amp,,0.981,N,N,N,N,N,N,N,N
94,D22,FALSE,3450-C WT,CHR10,UNKNOWN,FAM,NFQ-MGB,,,,1.005,0.927,1.089,26.26,26.239,0.038,,0.122,0.073,0.042,#FIELD!,TRUE,0.332,TRUE,3,20,Amp,,0.988,N,N,N,N,N,N,N,N
95,D23,FALSE,3450-C WT,CHR10,UNKNOWN,FAM,NFQ-MGB,,,,1.005,0.927,1.089,26.262,26.239,0.038,,0.122,0.073,0.042,#FIELD!,TRUE,0.332,TRUE,3,20,Amp,,0.987,N,N,N,N,N,N,N,N
96,D24,FALSE,3450-C WT,CHR10,UNKNOWN,FAM,NFQ-MGB,,,,1.005,0.927,1.089,26.196,26.239,0.038,,0.122,0.073,0.042,#FIELD!,TRUE,0.332,TRUE,3,20,Amp,,0.989,N,N,N,N,N,N,N,N
97,E1,FALSE,Normal,CHR12,UNKNOWN,FAM,NFQ-MGB,,,,1,0.947,1.056,25.255,25.236,0.017,,0.481,0.049,0.028,0,TRUE,0.289,TRUE,3,19,Amp,,0.985,N,N,N,N,N,N,N,N
98,E2,FALSE,Normal,CHR12,UNKNOWN,FAM,NFQ-MGB,,,,1,0.947,1.056,25.229,25.236,0.017,,0.481,0.049,0.028,0,TRUE,0.289,TRUE,3,19,Amp,,0.972,N,N,N,N,N,N,N,N
99,E3,FALSE,Normal,CHR12,UNKNOWN,FAM,NFQ-MGB,,,,1,0.947,1.056,25.224,25.236,0.017,,0.481,0.049,0.028,0,TRUE,0.289,TRUE,3,19,Amp,,0.97,N,N,N,N,N,N,N,N
100,E4,FALSE,fxs,CHR12,UNKNOWN,FAM,NFQ-MGB,,,,1.146,0.985,1.333,28.991,28.996,0.013,,0.285,0.136,0.079,#FIELD!,TRUE,0.289,TRUE,3,23,Amp,,0.972,N,N,N,N,N,N,N,N
101,E5,FALSE,fxs,CHR12,UNKNOWN,FAM,NFQ-MGB,,,,1.146,0.985,1.333,29.011,28.996,0.013,,0.285,0.136,0.079,#FIELD!,TRUE,0.289,TRUE,3,23,Amp,,0.97,N,N,N,N,N,N,N,N
102,E6,FALSE,fxs,CHR12,UNKNOWN,FAM,NFQ-MGB,,,,1.146,0.985,1.333,28.986,28.996,0.013,,0.285,0.136,0.079,#FIELD!,TRUE,0.289,TRUE,3,23,Amp,,0.974,N,N,N,N,N,N,N,N
103,E7,FALSE,GM25953,CHR12,UNKNOWN,FAM,NFQ-MGB,,,,0.975,0.9,1.056,27.9,27.84,0.059,,0.518,0.072,0.042,0.037,TRUE,0.289,TRUE,3,22,Amp,,0.98,N,N,N,N,N,N,N,N
104,E8,FALSE,GM25953,CHR12,UNKNOWN,FAM,NFQ-MGB,,,,0.975,0.9,1.056,27.782,27.84,0.059,,0.518,0.072,0.042,0.037,TRUE,0.289,TRUE,3,22,Amp,,0.976,N,N,N,N,N,N,N,N
105,E9,FALSE,GM25953,CHR12,UNKNOWN,FAM,NFQ-MGB,,,,0.975,0.9,1.056,27.837,27.84,0.059,,0.518,0.072,0.042,0.037,TRUE,0.289,TRUE,3,22,Amp,,0.976,N,N,N,N,N,N,N,N
106,E10,FALSE,GM25975,CHR12,UNKNOWN,FAM,NFQ-MGB,,,,1.085,1.023,1.15,27.172,27.179,0.007,,0.364,0.053,0.03,#FIELD!,TRUE,0.289,TRUE,3,21,Amp,,0.977,N,N,N,N,N,N,N,N
107,E11,FALSE,GM25975,CHR12,UNKNOWN,FAM,NFQ-MGB,,,,1.085,1.023,1.15,27.18,27.179,0.007,,0.364,0.053,0.03,#FIELD!,TRUE,0.289,TRUE,3,21,Amp,,0.977,N,N,N,N,N,N,N,N
108,E12,FALSE,GM25975,CHR12,UNKNOWN,FAM,NFQ-MGB,,,,1.085,1.023,1.15,27.186,27.179,0.007,,0.364,0.053,0.03,#FIELD!,TRUE,0.289,TRUE,3,21,Amp,,0.976,N,N,N,N,N,N,N,N
109,E13,FALSE,GM25974,CHR12,UNKNOWN,FAM,NFQ-MGB,,,,1.111,1.072,1.152,27.096,27.082,0.029,,0.329,0.032,0.019,#FIELD!,TRUE,0.289,TRUE,3,20,Amp,,0.974,N,N,N,N,N,N,N,N
110,E14,FALSE,GM25974,CHR12,UNKNOWN,FAM,NFQ-MGB,,,,1.111,1.072,1.152,27.102,27.082,0.029,,0.329,0.032,0.019,#FIELD!,TRUE,0.289,TRUE,3,21,Amp,,0.972,N,N,N,N,N,N,N,N
111,E15,FALSE,GM25974,CHR12,UNKNOWN,FAM,NFQ-MGB,,,,1.111,1.072,1.152,27.05,27.082,0.029,,0.329,0.032,0.019,#FIELD!,TRUE,0.289,TRUE,3,21,Amp,,0.974,N,N,N,N,N,N,N,N
112,E16,FALSE,GM25952,CHR12,UNKNOWN,FAM,NFQ-MGB,,,,1.122,0.991,1.272,27.656,27.589,0.071,,0.315,0.112,0.065,#FIELD!,TRUE,0.289,TRUE,3,22,Amp,,0.977,N,N,N,N,N,N,N,N
113,E17,FALSE,GM25952,CHR12,UNKNOWN,FAM,NFQ-MGB,,,,1.122,0.991,1.272,27.597,27.589,0.071,,0.315,0.112,0.065,#FIELD!,TRUE,0.289,TRUE,3,22,Amp,,0.977,N,N,N,N,N,N,N,N
114,E18,FALSE,GM25952,CHR12,UNKNOWN,FAM,NFQ-MGB,,,,1.122,0.991,1.272,27.515,27.589,0.071,,0.315,0.112,0.065,#FIELD!,TRUE,0.289,TRUE,3,21,Amp,,0.971,N,N,N,N,N,N,N,N
115,E19,FALSE,AIW001-02 P4+P7,CHR12,UNKNOWN,FAM,NFQ-MGB,,,,1.257,0.753,2.099,34.19,34.157,0.174,,0.151,0.461,0.266,#FIELD!,TRUE,0.289,TRUE,3,27,Amp,,0.956,N,N,N,N,N,N,N,N
116,E20,FALSE,AIW001-02 P4+P7,CHR12,UNKNOWN,FAM,NFQ-MGB,,,,1.257,0.753,2.099,34.312,34.157,0.174,,0.151,0.461,0.266,#FIELD!,TRUE,0.289,TRUE,3,27,Amp,,0.94,N,N,N,N,N,N,N,N
117,E21,FALSE,AIW001-02 P4+P7,CHR12,UNKNOWN,FAM,NFQ-MGB,,,,1.257,0.753,2.099,33.969,34.157,0.174,,0.151,0.461,0.266,#FIELD!,TRUE,0.289,TRUE,3,27,Amp,,0.955,N,N,N,N,N,N,N,N
118,E22,FALSE,3450-C WT,CHR12,UNKNOWN,FAM,NFQ-MGB,,,,1.103,1.009,1.205,26.51,26.458,0.05,,0.34,0.08,0.046,#FIELD!,TRUE,0.289,TRUE,3,21,Amp,,0.969,N,N,N,N,N,N,N,N
119,E23,FALSE,3450-C WT,CHR12,UNKNOWN,FAM,NFQ-MGB,,,,1.103,1.009,1.205,26.41,26.458,0.05,,0.34,0.08,0.046,#FIELD!,TRUE,0.289,TRUE,3,20,Amp,,0.976,N,N,N,N,N,N,N,N
120,E24,FALSE,3450-C WT,CHR12,UNKNOWN,FAM,NFQ-MGB,,,,1.103,1.009,1.205,26.454,26.458,0.05,,0.34,0.08,0.046,#FIELD!,TRUE,0.289,TRUE,3,20,Amp,,0.984,N,N,N,N,N,N,N,N
121,F1,FALSE,Normal,CHR18,UNKNOWN,FAM,NFQ-MGB,,,,1,0.945,1.059,25.005,25.007,0.022,,0.252,0.051,0.03,0,TRUE,0.337,TRUE,3,19,Amp,,0.987,N,N,N,N,N,N,N,N
122,F2,FALSE,Normal,CHR18,UNKNOWN,FAM,NFQ-MGB,,,,1,0.945,1.059,24.987,25.007,0.022,,0.252,0.051,0.03,0,TRUE,0.337,TRUE,3,18,Amp,,0.991,N,N,N,N,N,N,N,N
123,F3,FALSE,Normal,CHR18,UNKNOWN,FAM,NFQ-MGB,,,,1,0.945,1.059,25.031,25.007,0.022,,0.252,0.051,0.03,0,TRUE,0.337,TRUE,3,19,Amp,,0.983,N,N,N,N,N,N,N,N
124,F4,FALSE,fxs,CHR18,UNKNOWN,FAM,NFQ-MGB,,,,0.972,0.83,1.137,28.992,29.005,0.041,,0.294,0.141,0.082,0.042,TRUE,0.337,TRUE,3,23,Amp,,0.986,N,N,N,N,N,N,N,N
125,F5,FALSE,fxs,CHR18,UNKNOWN,FAM,NFQ-MGB,,,,0.972,0.83,1.137,29.051,29.005,0.041,,0.294,0.141,0.082,0.042,TRUE,0.337,TRUE,3,23,Amp,,0.979,N,N,N,N,N,N,N,N
126,F6,FALSE,fxs,CHR18,UNKNOWN,FAM,NFQ-MGB,,,,0.972,0.83,1.137,28.973,29.005,0.041,,0.294,0.141,0.082,0.042,TRUE,0.337,TRUE,3,23,Amp,,0.988,N,N,N,N,N,N,N,N
127,F7,FALSE,GM25953,CHR18,UNKNOWN,FAM,NFQ-MGB,,,,0.979,0.923,1.037,27.618,27.606,0.032,,0.284,0.052,0.03,0.031,TRUE,0.337,TRUE,3,21,Amp,,0.986,N,N,N,N,N,N,N,N
128,F8,FALSE,GM25953,CHR18,UNKNOWN,FAM,NFQ-MGB,,,,0.979,0.923,1.037,27.629,27.606,0.032,,0.284,0.052,0.03,0.031,TRUE,0.337,TRUE,3,21,Amp,,0.991,N,N,N,N,N,N,N,N
129,F9,FALSE,GM25953,CHR18,UNKNOWN,FAM,NFQ-MGB,,,,0.979,0.923,1.037,27.57,27.606,0.032,,0.284,0.052,0.03,0.031,TRUE,0.337,TRUE,3,20,Amp,,0.989,N,N,N,N,N,N,N,N
130,F10,FALSE,GM25975,CHR18,UNKNOWN,FAM,NFQ-MGB,,,,0.982,0.913,1.057,27.128,27.094,0.04,,0.279,0.066,0.038,0.026,TRUE,0.337,TRUE,3,21,Amp,,0.987,N,N,N,N,N,N,N,N
131,F11,FALSE,GM25975,CHR18,UNKNOWN,FAM,NFQ-MGB,,,,0.982,0.913,1.057,27.104,27.094,0.04,,0.279,0.066,0.038,0.026,TRUE,0.337,TRUE,3,20,Amp,,0.986,N,N,N,N,N,N,N,N
132,F12,FALSE,GM25975,CHR18,UNKNOWN,FAM,NFQ-MGB,,,,0.982,0.913,1.057,27.05,27.094,0.04,,0.279,0.066,0.038,0.026,TRUE,0.337,TRUE,3,21,Amp,,0.986,N,N,N,N,N,N,N,N
133,F13,FALSE,GM25974,CHR18,UNKNOWN,FAM,NFQ-MGB,,,,0.947,0.895,1.001,27.064,27.085,0.048,,0.332,0.051,0.029,0.079,TRUE,0.337,TRUE,3,21,Amp,,0.985,N,N,N,N,N,N,N,N
134,F14,FALSE,GM25974,CHR18,UNKNOWN,FAM,NFQ-MGB,,,,0.947,0.895,1.001,27.14,27.085,0.048,,0.332,0.051,0.029,0.079,TRUE,0.337,TRUE,3,21,Amp,,0.98,N,N,N,N,N,N,N,N
135,F15,FALSE,GM25974,CHR18,UNKNOWN,FAM,NFQ-MGB,,,,0.947,0.895,1.001,27.051,27.085,0.048,,0.332,0.051,0.029,0.079,TRUE,0.337,TRUE,3,20,Amp,,0.981,N,N,N,N,N,N,N,N
136,F16,FALSE,GM25952,CHR18,UNKNOWN,FAM,NFQ-MGB,,,,1.027,0.931,1.134,27.502,27.488,0.014,,0.213,0.088,0.051,#FIELD!,TRUE,0.337,TRUE,3,22,Amp,,0.98,N,N,N,N,N,N,N,N
137,F17,FALSE,GM25952,CHR18,UNKNOWN,FAM,NFQ-MGB,,,,1.027,0.931,1.134,27.474,27.488,0.014,,0.213,0.088,0.051,#FIELD!,TRUE,0.337,TRUE,3,21,Amp,,0.988,N,N,N,N,N,N,N,N
138,F18,FALSE,GM25952,CHR18,UNKNOWN,FAM,NFQ-MGB,,,,1.027,0.931,1.134,27.488,27.488,0.014,,0.213,0.088,0.051,#FIELD!,TRUE,0.337,TRUE,3,21,Amp,,0.98,N,N,N,N,N,N,N,N
139,F19,FALSE,AIW001-02 P4+P7,CHR18,UNKNOWN,FAM,NFQ-MGB,,,,1.131,0.692,1.851,34.154,34.081,0.118,,0.074,0.443,0.256,#FIELD!,TRUE,0.337,TRUE,3,27,Amp,,0.962,N,N,N,N,N,N,N,N
140,F20,FALSE,AIW001-02 P4+P7,CHR18,UNKNOWN,FAM,NFQ-MGB,,,,1.131,0.692,1.851,33.945,34.081,0.118,,0.074,0.443,0.256,#FIELD!,TRUE,0.337,TRUE,3,28,Amp,,0.982,N,N,N,N,N,N,N,N
141,F21,FALSE,AIW001-02 P4+P7,CHR18,UNKNOWN,FAM,NFQ-MGB,,,,1.131,0.692,1.851,34.143,34.081,0.118,,0.074,0.443,0.256,#FIELD!,TRUE,0.337,TRUE,3,27,Amp,,0.977,N,N,N,N,N,N,N,N
142,F22,FALSE,3450-C WT,CHR18,UNKNOWN,FAM,NFQ-MGB,,,,1.003,0.928,1.083,26.387,26.366,0.031,,0.249,0.07,0.04,#FIELD!,TRUE,0.337,TRUE,3,20,Amp,,0.991,N,N,N,N,N,N,N,N
143,F23,FALSE,3450-C WT,CHR18,UNKNOWN,FAM,NFQ-MGB,,,,1.003,0.928,1.083,26.33,26.366,0.031,,0.249,0.07,0.04,#FIELD!,TRUE,0.337,TRUE,3,20,Amp,,0.99,N,N,N,N,N,N,N,N
144,F24,FALSE,3450-C WT,CHR18,UNKNOWN,FAM,NFQ-MGB,,,,1.003,0.928,1.083,26.381,26.366,0.031,,0.249,0.07,0.04,#FIELD!,TRUE,0.337,TRUE,3,20,Amp,,0.99,N,N,N,N,N,N,N,N
145,G1,FALSE,Normal,CHR20,UNKNOWN,FAM,NFQ-MGB,,,,1,0.924,1.082,24.174,24.229,0.054,,#FIELD!,0.071,0.041,0,TRUE,0.144,TRUE,3,19,Amp,,0.988,N,N,N,N,N,N,N,N
146,G2,FALSE,Normal,CHR20,UNKNOWN,FAM,NFQ-MGB,,,,1,0.924,1.082,24.233,24.229,0.054,,#FIELD!,0.071,0.041,0,TRUE,0.144,TRUE,3,19,Amp,,0.984,N,N,N,N,N,N,N,N
147,G3,FALSE,Normal,CHR20,UNKNOWN,FAM,NFQ-MGB,,,,1,0.924,1.082,24.281,24.229,0.054,,#FIELD!,0.071,0.041,0,TRUE,0.144,TRUE,3,20,Amp,,0.984,N,N,N,N,N,N,N,N
148,G4,FALSE,fxs,CHR20,UNKNOWN,FAM,NFQ-MGB,,,,1.15,0.909,1.455,28.103,27.984,0.163,,#FIELD!,0.212,0.122,#FIELD!,TRUE,0.144,TRUE,3,23,Amp,,0.985,N,N,N,N,N,N,N,N
149,G5,FALSE,fxs,CHR20,UNKNOWN,FAM,NFQ-MGB,,,,1.15,0.909,1.455,27.799,27.984,0.163,,#FIELD!,0.212,0.122,#FIELD!,TRUE,0.144,TRUE,3,23,Amp,,0.989,N,N,N,N,N,N,N,N
150,G6,FALSE,fxs,CHR20,UNKNOWN,FAM,NFQ-MGB,,,,1.15,0.909,1.455,28.051,27.984,0.163,,#FIELD!,0.212,0.122,#FIELD!,TRUE,0.144,TRUE,3,23,Amp,,0.984,N,N,N,N,N,N,N,N
151,G7,FALSE,GM25953,CHR20,UNKNOWN,FAM,NFQ-MGB,,,,1.035,0.948,1.129,26.824,26.748,0.067,,#FIELD!,0.079,0.045,#FIELD!,TRUE,0.144,TRUE,3,22,Amp,,0.985,N,N,N,N,N,N,N,N
152,G8,FALSE,GM25953,CHR20,UNKNOWN,FAM,NFQ-MGB,,,,1.035,0.948,1.129,26.719,26.748,0.067,,#FIELD!,0.079,0.045,#FIELD!,TRUE,0.144,TRUE,3,22,Amp,,0.987,N,N,N,N,N,N,N,N
153,G9,FALSE,GM25953,CHR20,UNKNOWN,FAM,NFQ-MGB,,,,1.035,0.948,1.129,26.7,26.748,0.067,,#FIELD!,0.079,0.045,#FIELD!,TRUE,0.144,TRUE,3,22,Amp,,0.988,N,N,N,N,N,N,N,N
154,G10,FALSE,GM25975,CHR20,UNKNOWN,FAM,NFQ-MGB,,,,1.095,1.033,1.162,26.159,26.159,0.009,,#FIELD!,0.053,0.03,#FIELD!,TRUE,0.144,TRUE,3,21,Amp,,0.988,N,N,N,N,N,N,N,N
155,G11,FALSE,GM25975,CHR20,UNKNOWN,FAM,NFQ-MGB,,,,1.095,1.033,1.162,26.167,26.159,0.009,,#FIELD!,0.053,0.03,#FIELD!,TRUE,0.144,TRUE,3,20,Amp,,0.987,N,N,N,N,N,N,N,N
156,G12,FALSE,GM25975,CHR20,UNKNOWN,FAM,NFQ-MGB,,,,1.095,1.033,1.162,26.15,26.159,0.009,,#FIELD!,0.053,0.03,#FIELD!,TRUE,0.144,TRUE,3,21,Amp,,0.986,N,N,N,N,N,N,N,N
157,G13,FALSE,GM25974,CHR20,UNKNOWN,FAM,NFQ-MGB,,,,0.903,0.863,0.946,26.417,26.374,0.039,,#FIELD!,0.042,0.024,0.146,TRUE,0.144,TRUE,3,21,Amp,,0.98,N,N,N,N,N,N,N,N
158,G14,FALSE,GM25974,CHR20,UNKNOWN,FAM,NFQ-MGB,,,,0.903,0.863,0.946,26.367,26.374,0.039,,#FIELD!,0.042,0.024,0.146,TRUE,0.144,TRUE,3,21,Amp,,0.977,N,N,N,N,N,N,N,N
159,G15,FALSE,GM25974,CHR20,UNKNOWN,FAM,NFQ-MGB,,,,0.903,0.863,0.946,26.34,26.374,0.039,,#FIELD!,0.042,0.024,0.146,TRUE,0.144,TRUE,3,21,Amp,,0.985,N,N,N,N,N,N,N,N
160,G16,FALSE,GM25952,CHR20,UNKNOWN,FAM,NFQ-MGB,,,,0.91,0.819,1.01,26.879,26.886,0.035,,#FIELD!,0.094,0.054,0.136,TRUE,0.144,TRUE,3,22,Amp,,0.988,N,N,N,N,N,N,N,N
161,G17,FALSE,GM25952,CHR20,UNKNOWN,FAM,NFQ-MGB,,,,0.91,0.819,1.01,26.924,26.886,0.035,,#FIELD!,0.094,0.054,0.136,TRUE,0.144,TRUE,3,21,Amp,,0.98,N,N,N,N,N,N,N,N
162,G18,FALSE,GM25952,CHR20,UNKNOWN,FAM,NFQ-MGB,,,,0.91,0.819,1.01,26.855,26.886,0.035,,#FIELD!,0.094,0.054,0.136,TRUE,0.144,TRUE,3,22,Amp,,0.981,N,N,N,N,N,N,N,N
163,G19,FALSE,AIW001-02 P4+P7,CHR20,UNKNOWN,FAM,NFQ-MGB,,,,0.366,0.196,0.682,35.318,34.931,0.363,,0.925,0.561,0.324,1.45,TRUE,0.144,TRUE,3,30,Amp,,0.944,N,N,N,N,N,N,N,N
164,G20,FALSE,AIW001-02 P4+P7,CHR20,UNKNOWN,FAM,NFQ-MGB,,,,0.366,0.196,0.682,34.879,34.931,0.363,,0.925,0.561,0.324,1.45,TRUE,0.144,TRUE,3,28,Amp,,0.95,N,N,N,N,N,N,N,N
165,G21,FALSE,AIW001-02 P4+P7,CHR20,UNKNOWN,FAM,NFQ-MGB,,,,0.366,0.196,0.682,34.597,34.931,0.363,,0.925,0.561,0.324,1.45,TRUE,0.144,TRUE,3,28,Amp,,0.951,N,N,N,N,N,N,N,N
166,G22,FALSE,3450-C WT,CHR20,UNKNOWN,FAM,NFQ-MGB,,,,1.044,0.952,1.144,25.591,25.531,0.054,,#FIELD!,0.083,0.048,#FIELD!,TRUE,0.144,TRUE,3,20,Amp,,0.973,N,N,N,N,N,N,N,N
167,G23,FALSE,3450-C WT,CHR20,UNKNOWN,FAM,NFQ-MGB,,,,1.044,0.952,1.144,25.514,25.531,0.054,,#FIELD!,0.083,0.048,#FIELD!,TRUE,0.144,TRUE,3,20,Amp,,0.971,N,N,N,N,N,N,N,N
168,G24,FALSE,3450-C WT,CHR20,UNKNOWN,FAM,NFQ-MGB,,,,1.044,0.952,1.144,25.487,25.531,0.054,,#FIELD!,0.083,0.048,#FIELD!,TRUE,0.144,TRUE,3,20,Amp,,0.977,N,N,N,N,N,N,N,N
169,H1,FALSE,Normal,CHRX,UNKNOWN,FAM,NFQ-MGB,,,,1,0.935,1.07,24.804,24.77,0.039,,0.015,0.061,0.035,0,TRUE,0.302,TRUE,3,19,Amp,,0.988,N,N,N,N,N,N,N,N
170,H2,FALSE,Normal,CHRX,UNKNOWN,FAM,NFQ-MGB,,,,1,0.935,1.07,24.727,24.77,0.039,,0.015,0.061,0.035,0,TRUE,0.302,TRUE,3,19,Amp,,0.993,N,N,N,N,N,N,N,N
171,H3,FALSE,Normal,CHRX,UNKNOWN,FAM,NFQ-MGB,,,,1,0.935,1.07,24.777,24.77,0.039,,0.015,0.061,0.035,0,TRUE,0.302,TRUE,3,19,Amp,,0.992,N,N,N,N,N,N,N,N
172,H4,FALSE,fxs,CHRX,UNKNOWN,FAM,NFQ-MGB,,,,0.642,0.54,0.764,29.428,29.365,0.079,,0.653,0.157,0.09,0.639,TRUE,0.302,TRUE,3,24,Amp,,0.987,N,N,N,N,N,N,N,N
173,H5,FALSE,fxs,CHRX,UNKNOWN,FAM,NFQ-MGB,,,,0.642,0.54,0.764,29.276,29.365,0.079,,0.653,0.157,0.09,0.639,TRUE,0.302,TRUE,3,23,Amp,,0.986,N,N,N,N,N,N,N,N
174,H6,FALSE,fxs,CHRX,UNKNOWN,FAM,NFQ-MGB,,,,0.642,0.54,0.764,29.389,29.365,0.079,,0.653,0.157,0.09,0.639,TRUE,0.302,TRUE,3,23,Amp,,0.986,N,N,N,N,N,N,N,N
175,H7,FALSE,GM25953,CHRX,UNKNOWN,FAM,NFQ-MGB,,,,1.005,0.938,1.076,27.359,27.33,0.045,,0.008,0.062,0.036,#FIELD!,TRUE,0.302,TRUE,3,22,Amp,,0.986,N,N,N,N,N,N,N,N
176,H8,FALSE,GM25953,CHRX,UNKNOWN,FAM,NFQ-MGB,,,,1.005,0.938,1.076,27.278,27.33,0.045,,0.008,0.062,0.036,#FIELD!,TRUE,0.302,TRUE,3,22,Amp,,0.984,N,N,N,N,N,N,N,N
177,H9,FALSE,GM25953,CHRX,UNKNOWN,FAM,NFQ-MGB,,,,1.005,0.938,1.076,27.353,27.33,0.045,,0.008,0.062,0.036,#FIELD!,TRUE,0.302,TRUE,3,21,Amp,,0.988,N,N,N,N,N,N,N,N
178,H10,FALSE,GM25975,CHRX,UNKNOWN,FAM,NFQ-MGB,,,,0.923,0.864,0.987,26.919,26.946,0.03,,0.13,0.06,0.035,0.115,TRUE,0.302,TRUE,3,21,Amp,,0.991,N,N,N,N,N,N,N,N
179,H11,FALSE,GM25975,CHRX,UNKNOWN,FAM,NFQ-MGB,,,,0.923,0.864,0.987,26.977,26.946,0.03,,0.13,0.06,0.035,0.115,TRUE,0.302,TRUE,3,21,Amp,,0.993,N,N,N,N,N,N,N,N
180,H12,FALSE,GM25975,CHRX,UNKNOWN,FAM,NFQ-MGB,,,,0.923,0.864,0.987,26.94,26.946,0.03,,0.13,0.06,0.035,0.115,TRUE,0.302,TRUE,3,21,Amp,,0.989,N,N,N,N,N,N,N,N
181,H13,FALSE,GM25974,CHRX,UNKNOWN,FAM,NFQ-MGB,,,,0.95,0.931,0.969,26.833,26.842,0.011,,0.089,0.018,0.011,0.074,TRUE,0.302,TRUE,3,21,Amp,,0.987,N,N,N,N,N,N,N,N
182,H14,FALSE,GM25974,CHRX,UNKNOWN,FAM,NFQ-MGB,,,,0.95,0.931,0.969,26.854,26.842,0.011,,0.089,0.018,0.011,0.074,TRUE,0.302,TRUE,3,21,Amp,,0.986,N,N,N,N,N,N,N,N
183,H15,FALSE,GM25974,CHRX,UNKNOWN,FAM,NFQ-MGB,,,,0.95,0.931,0.969,26.84,26.842,0.011,,0.089,0.018,0.011,0.074,TRUE,0.302,TRUE,3,21,Amp,,0.984,N,N,N,N,N,N,N,N
184,H16,FALSE,GM25952,CHRX,UNKNOWN,FAM,NFQ-MGB,,,,1.024,0.882,1.188,27.371,27.256,0.102,,#FIELD!,0.134,0.078,#FIELD!,TRUE,0.302,TRUE,3,21,Amp,,0.979,N,N,N,N,N,N,N,N
185,H17,FALSE,GM25952,CHRX,UNKNOWN,FAM,NFQ-MGB,,,,1.024,0.882,1.188,27.175,27.256,0.102,,#FIELD!,0.134,0.078,#FIELD!,TRUE,0.302,TRUE,3,21,Amp,,0.988,N,N,N,N,N,N,N,N
186,H18,FALSE,GM25952,CHRX,UNKNOWN,FAM,NFQ-MGB,,,,1.024,0.882,1.188,27.222,27.256,0.102,,#FIELD!,0.134,0.078,#FIELD!,TRUE,0.302,TRUE,3,21,Amp,,0.985,N,N,N,N,N,N,N,N
187,H19,FALSE,AIW001-02 P4+P7,CHRX,UNKNOWN,FAM,NFQ-MGB,,,,1.905,1.026,3.537,33.39,33.091,0.357,,#FIELD!,0.557,0.321,#FIELD!,TRUE,0.302,TRUE,3,26,Amp,,0.976,N,N,N,N,N,N,N,N
188,H20,FALSE,AIW001-02 P4+P7,CHRX,UNKNOWN,FAM,NFQ-MGB,,,,1.905,1.026,3.537,33.188,33.091,0.357,,#FIELD!,0.557,0.321,#FIELD!,TRUE,0.302,TRUE,3,26,Amp,,0.978,N,N,N,N,N,N,N,N
189,H21,FALSE,AIW001-02 P4+P7,CHRX,UNKNOWN,FAM,NFQ-MGB,,,,1.905,1.026,3.537,32.696,33.091,0.357,,#FIELD!,0.557,0.321,#FIELD!,TRUE,0.302,TRUE,3,26,Amp,,0.985,N,N,N,N,N,N,N,N
190,H22,FALSE,3450-C WT,CHRX,UNKNOWN,FAM,NFQ-MGB,,,,0.552,0.487,0.625,27.096,26.99,0.093,,0.872,0.112,0.065,0.858,TRUE,0.302,TRUE,3,20,Amp,,0.985,N,N,N,N,N,N,N,N
191,H23,FALSE,3450-C WT,CHRX,UNKNOWN,FAM,NFQ-MGB,,,,0.552,0.487,0.625,26.949,26.99,0.093,,0.872,0.112,0.065,0.858,TRUE,0.302,TRUE,3,21,Amp,,0.99,N,N,N,N,N,N,N,N
192,H24,FALSE,3450-C WT,CHRX,UNKNOWN,FAM,NFQ-MGB,,,,0.552,0.487,0.625,26.924,26.99,0.093,,0.872,0.112,0.065,0.858,TRUE,0.302,TRUE,3,21,Amp,,0.99,N,N,N,N,N,N,N,N
193,I1,FALSE,3450-C 5A-KO-SA3,CHR1,UNKNOWN,FAM,NFQ-MGB,,,,,,,27.245,27.267,0.061,,,,,,TRUE,0.255,TRUE,3,21,Amp,,0.974,N,N,N,N,N,N,N,N
194,I2,FALSE,3450-C 5A-KO-SA3,CHR1,UNKNOWN,FAM,NFQ-MGB,,,,,,,27.221,27.267,0.061,,,,,,TRUE,0.255,TRUE,3,21,Amp,,0.979,N,N,N,N,N,N,N,N
195,I3,FALSE,3450-C 5A-KO-SA3,CHR1,UNKNOWN,FAM,NFQ-MGB,,,,,,,27.337,27.267,0.061,,,,,,TRUE,0.255,TRUE,3,22,Amp,,0.969,N,N,N,N,N,N,N,N
196,I4,FALSE,3450-C 5A-KO-5A1,CHR1,UNKNOWN,FAM,NFQ-MGB,,,,,,,26.86,26.801,0.064,,,,,,TRUE,0.255,TRUE,3,21,Amp,,0.968,N,N,N,N,N,N,N,N
197,I5,FALSE,3450-C 5A-KO-5A1,CHR1,UNKNOWN,FAM,NFQ-MGB,,,,,,,26.809,26.801,0.064,,,,,,TRUE,0.255,TRUE,3,21,Amp,,0.98,N,N,N,N,N,N,N,N
198,I6,FALSE,3450-C 5A-KO-5A1,CHR1,UNKNOWN,FAM,NFQ-MGB,,,,,,,26.733,26.801,0.064,,,,,,TRUE,0.255,TRUE,3,21,Amp,,0.973,N,N,N,N,N,N,N,N
199,I7,FALSE,GALC KO 8A AIW2-2 P5+P10+P4,CHR1,UNKNOWN,FAM,NFQ-MGB,,,,,,,28.367,28.344,0.059,,,,,,TRUE,0.255,TRUE,3,22,Amp,,0.973,N,N,N,N,N,N,N,N
200,I8,FALSE,GALC KO 8A AIW2-2 P5+P10+P4,CHR1,UNKNOWN,FAM,NFQ-MGB,,,,,,,28.277,28.344,0.059,,,,,,TRUE,0.255,TRUE,3,22,Amp,,0.97,N,N,N,N,N,N,N,N
201,I9,FALSE,GALC KO 8A AIW2-2 P5+P10+P4,CHR1,UNKNOWN,FAM,NFQ-MGB,,,,,,,28.388,28.344,0.059,,,,,,TRUE,0.255,TRUE,3,22,Amp,,0.97,N,N,N,N,N,N,N,N
202,I10,FALSE,SMPD1 KO 11B AIW2-2 P5+P10+P4,CHR1,UNKNOWN,FAM,NFQ-MGB,,,,,,,28.322,28.331,0.096,,,,,,TRUE,0.255,TRUE,3,23,Amp,,0.97,N,N,N,N,N,N,N,N
203,I11,FALSE,SMPD1 KO 11B AIW2-2 P5+P10+P4,CHR1,UNKNOWN,FAM,NFQ-MGB,,,,,,,28.431,28.331,0.096,,,,,,TRUE,0.255,TRUE,3,22,Amp,,0.974,N,N,N,N,N,N,N,N
204,I12,FALSE,SMPD1 KO 11B AIW2-2 P5+P10+P4,CHR1,UNKNOWN,FAM,NFQ-MGB,,,,,,,28.239,28.331,0.096,,,,,,TRUE,0.255,TRUE,3,22,Amp,,0.968,N,N,N,N,N,N,N,N
205,I13,FALSE,ASAH1 KO 9A AIW2-2 P5+P10+P4,CHR1,UNKNOWN,FAM,NFQ-MGB,,,,,,,27.063,27.046,0.031,,,,,,TRUE,0.255,TRUE,3,21,Amp,,0.968,N,N,N,N,N,N,N,N
206,I14,FALSE,ASAH1 KO 9A AIW2-2 P5+P10+P4,CHR1,UNKNOWN,FAM,NFQ-MGB,,,,,,,27.011,27.046,0.031,,,,,,TRUE,0.255,TRUE,3,21,Amp,,0.969,N,N,N,N,N,N,N,N
207,I15,FALSE,ASAH1 KO 9A AIW2-2 P5+P10+P4,CHR1,UNKNOWN,FAM,NFQ-MGB,,,,,,,27.065,27.046,0.031,,,,,,TRUE,0.255,TRUE,3,21,Amp,,0.968,N,N,N,N,N,N,N,N
208,I16,FALSE,AIW001-02,CHR4,UNKNOWN,FAM,NFQ-MGB,,,,,,,29.359,29.387,0.024,,,,,,TRUE,0.258,TRUE,3,23,Amp,,0.987,N,N,N,N,N,N,N,N
209,I17,FALSE,AIW001-02,CHR4,UNKNOWN,FAM,NFQ-MGB,,,,,,,29.398,29.387,0.024,,,,,,TRUE,0.258,TRUE,3,24,Amp,,0.985,N,N,N,N,N,N,N,N
210,I18,FALSE,AIW001-02,CHR4,UNKNOWN,FAM,NFQ-MGB,,,,,,,29.404,29.387,0.024,,,,,,TRUE,0.258,TRUE,3,24,Amp,,0.991,N,N,N,N,N,N,N,N
211,I19,FALSE,Normal,CHR17,UNKNOWN,FAM,NFQ-MGB,,,,1,0.911,1.098,24.794,24.753,0.07,,#FIELD!,0.084,0.048,0,TRUE,0.247,TRUE,3,19,Amp,,0.992,N,N,N,N,N,N,N,N
212,I20,FALSE,Normal,CHR17,UNKNOWN,FAM,NFQ-MGB,,,,1,0.911,1.098,24.793,24.753,0.07,,#FIELD!,0.084,0.048,0,TRUE,0.247,TRUE,3,19,Amp,,0.99,N,N,N,N,N,N,N,N
213,I21,FALSE,Normal,CHR17,UNKNOWN,FAM,NFQ-MGB,,,,1,0.911,1.098,24.673,24.753,0.07,,#FIELD!,0.084,0.048,0,TRUE,0.247,TRUE,3,19,Amp,,0.989,N,N,N,N,N,N,N,N
214,I22,FALSE,fxs,CHR17,UNKNOWN,FAM,NFQ-MGB,,,,1.113,0.913,1.357,28.685,28.555,0.116,,#FIELD!,0.178,0.103,#FIELD!,TRUE,0.247,TRUE,3,23,Amp,,0.985,N,N,N,N,N,N,N,N
215,I23,FALSE,fxs,CHR17,UNKNOWN,FAM,NFQ-MGB,,,,1.113,0.913,1.357,28.519,28.555,0.116,,#FIELD!,0.178,0.103,#FIELD!,TRUE,0.247,TRUE,3,23,Amp,,0.983,N,N,N,N,N,N,N,N
216,I24,FALSE,fxs,CHR17,UNKNOWN,FAM,NFQ-MGB,,,,1.113,0.913,1.357,28.461,28.555,0.116,,#FIELD!,0.178,0.103,#FIELD!,TRUE,0.247,TRUE,3,23,Amp,,0.992,N,N,N,N,N,N,N,N
217,J1,FALSE,3450-C 5A-KO-SA3,CHR4,UNKNOWN,FAM,NFQ-MGB,,,,0.996,0.921,1.078,27.393,27.421,0.036,,0.153,0.071,0.041,0.006,TRUE,0.258,TRUE,3,21,Amp,,0.988,N,N,N,N,N,N,N,N
218,J2,FALSE,3450-C 5A-KO-SA3,CHR4,UNKNOWN,FAM,NFQ-MGB,,,,0.996,0.921,1.078,27.408,27.421,0.036,,0.153,0.071,0.041,0.006,TRUE,0.258,TRUE,3,22,Amp,,0.984,N,N,N,N,N,N,N,N
219,J3,FALSE,3450-C 5A-KO-SA3,CHR4,UNKNOWN,FAM,NFQ-MGB,,,,0.996,0.921,1.078,27.461,27.421,0.036,,0.153,0.071,0.041,0.006,TRUE,0.258,TRUE,3,22,Amp,,0.982,N,N,N,N,N,N,N,N
220,J4,FALSE,3450-C 5A-KO-5A1,CHR4,UNKNOWN,FAM,NFQ-MGB,,,,1.056,0.965,1.155,26.845,26.87,0.049,,0.07,0.081,0.047,#FIELD!,TRUE,0.258,TRUE,3,21,Amp,,0.986,N,N,N,N,N,N,N,N
221,J5,FALSE,3450-C 5A-KO-5A1,CHR4,UNKNOWN,FAM,NFQ-MGB,,,,1.056,0.965,1.155,26.926,26.87,0.049,,0.07,0.081,0.047,#FIELD!,TRUE,0.258,TRUE,3,21,Amp,,0.99,N,N,N,N,N,N,N,N
222,J6,FALSE,3450-C 5A-KO-5A1,CHR4,UNKNOWN,FAM,NFQ-MGB,,,,1.056,0.965,1.155,26.839,26.87,0.049,,0.07,0.081,0.047,#FIELD!,TRUE,0.258,TRUE,3,20,Amp,,0.993,N,N,N,N,N,N,N,N
223,J7,FALSE,GALC KO 8A AIW2-2 P5+P10+P4,CHR4,UNKNOWN,FAM,NFQ-MGB,,,,1.042,0.918,1.182,28.382,28.433,0.097,,0.089,0.114,0.066,#FIELD!,TRUE,0.258,TRUE,3,23,Amp,,0.987,N,N,N,N,N,N,N,N
224,J8,FALSE,GALC KO 8A AIW2-2 P5+P10+P4,CHR4,UNKNOWN,FAM,NFQ-MGB,,,,1.042,0.918,1.182,28.545,28.433,0.097,,0.089,0.114,0.066,#FIELD!,TRUE,0.258,TRUE,3,23,Amp,,0.986,N,N,N,N,N,N,N,N
225,J9,FALSE,GALC KO 8A AIW2-2 P5+P10+P4,CHR4,UNKNOWN,FAM,NFQ-MGB,,,,1.042,0.918,1.182,28.373,28.433,0.097,,0.089,0.114,0.066,#FIELD!,TRUE,0.258,TRUE,3,22,Amp,,0.984,N,N,N,N,N,N,N,N
226,J10,FALSE,SMPD1 KO 11B AIW2-2 P5+P10+P4,CHR4,UNKNOWN,FAM,NFQ-MGB,,,,1.121,0.986,1.274,28.279,28.314,0.064,,#FIELD!,0.115,0.067,#FIELD!,TRUE,0.258,TRUE,3,22,Amp,,0.982,N,N,N,N,N,N,N,N
227,J11,FALSE,SMPD1 KO 11B AIW2-2 P5+P10+P4,CHR4,UNKNOWN,FAM,NFQ-MGB,,,,1.121,0.986,1.274,28.276,28.314,0.064,,#FIELD!,0.115,0.067,#FIELD!,TRUE,0.258,TRUE,3,22,Amp,,0.976,N,N,N,N,N,N,N,N
228,J12,FALSE,SMPD1 KO 11B AIW2-2 P5+P10+P4,CHR4,UNKNOWN,FAM,NFQ-MGB,,,,1.121,0.986,1.274,28.388,28.314,0.064,,#FIELD!,0.115,0.067,#FIELD!,TRUE,0.258,TRUE,3,23,Amp,,0.963,N,N,N,N,N,N,N,N
229,J13,FALSE,ASAH1 KO 9A AIW2-2 P5+P10+P4,CHR4,UNKNOWN,FAM,NFQ-MGB,,,,1.026,0.987,1.066,27.164,27.158,0.016,,0.111,0.035,0.02,#FIELD!,TRUE,0.258,TRUE,3,22,Amp,,0.975,N,N,N,N,N,N,N,N
230,J14,FALSE,ASAH1 KO 9A AIW2-2 P5+P10+P4,CHR4,UNKNOWN,FAM,NFQ-MGB,,,,1.026,0.987,1.066,27.17,27.158,0.016,,0.111,0.035,0.02,#FIELD!,TRUE,0.258,TRUE,3,21,Amp,,0.979,N,N,N,N,N,N,N,N
231,J15,FALSE,ASAH1 KO 9A AIW2-2 P5+P10+P4,CHR4,UNKNOWN,FAM,NFQ-MGB,,,,1.026,0.987,1.066,27.14,27.158,0.016,,0.111,0.035,0.02,#FIELD!,TRUE,0.258,TRUE,3,21,Amp,,0.976,N,N,N,N,N,N,N,N
232,J16,FALSE,AIW001-05,CHR4,UNKNOWN,FAM,NFQ-MGB,,,,,,,29.375,29.459,0.074,,,,,,TRUE,0.258,TRUE,3,23,Amp,,0.987,N,N,N,N,N,N,N,N
233,J17,FALSE,AIW001-05,CHR4,UNKNOWN,FAM,NFQ-MGB,,,,,,,29.491,29.459,0.074,,,,,,TRUE,0.258,TRUE,3,24,Amp,,0.988,N,N,N,N,N,N,N,N
234,J18,FALSE,AIW001-05,CHR4,UNKNOWN,FAM,NFQ-MGB,,,,,,,29.512,29.459,0.074,,,,,,TRUE,0.258,TRUE,3,23,Amp,,0.989,N,N,N,N,N,N,N,N
235,J19,FALSE,GM25953,CHR17,UNKNOWN,FAM,NFQ-MGB,,,,0.961,0.865,1.067,27.465,27.378,0.085,,0.056,0.094,0.054,0.058,TRUE,0.247,TRUE,3,22,Amp,,0.984,N,N,N,N,N,N,N,N
236,J20,FALSE,GM25953,CHR17,UNKNOWN,FAM,NFQ-MGB,,,,0.961,0.865,1.067,27.296,27.378,0.085,,0.056,0.094,0.054,0.058,TRUE,0.247,TRUE,3,21,Amp,,0.979,N,N,N,N,N,N,N,N
237,J21,FALSE,GM25953,CHR17,UNKNOWN,FAM,NFQ-MGB,,,,0.961,0.865,1.067,27.374,27.378,0.085,,0.056,0.094,0.054,0.058,TRUE,0.247,TRUE,3,21,Amp,,0.988,N,N,N,N,N,N,N,N
238,J22,FALSE,GM25975,CHR17,UNKNOWN,FAM,NFQ-MGB,,,,1.051,0.942,1.172,26.823,26.743,0.083,,#FIELD!,0.098,0.057,#FIELD!,TRUE,0.247,TRUE,3,20,Amp,,0.989,N,N,N,N,N,N,N,N
239,J23,FALSE,GM25975,CHR17,UNKNOWN,FAM,NFQ-MGB,,,,1.051,0.942,1.172,26.748,26.743,0.083,,#FIELD!,0.098,0.057,#FIELD!,TRUE,0.247,TRUE,3,20,Amp,,0.991,N,N,N,N,N,N,N,N
240,J24,FALSE,GM25975,CHR17,UNKNOWN,FAM,NFQ-MGB,,,,1.051,0.942,1.172,26.657,26.743,0.083,,#FIELD!,0.098,0.057,#FIELD!,TRUE,0.247,TRUE,3,21,Amp,,0.991,N,N,N,N,N,N,N,N
241,K1,FALSE,3450-C 5A-KO-SA3,CHR8,UNKNOWN,FAM,NFQ-MGB,,,,1.029,0.94,1.127,27.106,27.156,0.054,,#FIELD!,0.081,0.047,#FIELD!,TRUE,0.271,TRUE,3,21,Amp,,0.983,N,N,N,N,N,N,N,N
242,K2,FALSE,3450-C 5A-KO-SA3,CHR8,UNKNOWN,FAM,NFQ-MGB,,,,1.029,0.94,1.127,27.149,27.156,0.054,,#FIELD!,0.081,0.047,#FIELD!,TRUE,0.271,TRUE,3,21,Amp,,0.986,N,N,N,N,N,N,N,N
243,K3,FALSE,3450-C 5A-KO-SA3,CHR8,UNKNOWN,FAM,NFQ-MGB,,,,1.029,0.94,1.127,27.213,27.156,0.054,,#FIELD!,0.081,0.047,#FIELD!,TRUE,0.271,TRUE,3,22,Amp,,0.982,N,N,N,N,N,N,N,N
244,K4,FALSE,3450-C 5A-KO-5A1,CHR8,UNKNOWN,FAM,NFQ-MGB,,,,1.122,0.958,1.314,26.571,26.564,0.127,,#FIELD!,0.142,0.082,#FIELD!,TRUE,0.271,TRUE,3,21,Amp,,0.983,N,N,N,N,N,N,N,N
245,K5,FALSE,3450-C 5A-KO-5A1,CHR8,UNKNOWN,FAM,NFQ-MGB,,,,1.122,0.958,1.314,26.688,26.564,0.127,,#FIELD!,0.142,0.082,#FIELD!,TRUE,0.271,TRUE,3,20,Amp,,0.983,N,N,N,N,N,N,N,N
246,K6,FALSE,3450-C 5A-KO-5A1,CHR8,UNKNOWN,FAM,NFQ-MGB,,,,1.122,0.958,1.314,26.434,26.564,0.127,,#FIELD!,0.142,0.082,#FIELD!,TRUE,0.271,TRUE,3,20,Amp,,0.981,N,N,N,N,N,N,N,N
247,K7,FALSE,GALC KO 8A AIW2-2 P5+P10+P4,CHR8,UNKNOWN,FAM,NFQ-MGB,,,,1.015,0.926,1.113,28.19,28.252,0.058,,#FIELD!,0.083,0.048,#FIELD!,TRUE,0.271,TRUE,3,23,Amp,,0.988,N,N,N,N,N,N,N,N
248,K8,FALSE,GALC KO 8A AIW2-2 P5+P10+P4,CHR8,UNKNOWN,FAM,NFQ-MGB,,,,1.015,0.926,1.113,28.262,28.252,0.058,,#FIELD!,0.083,0.048,#FIELD!,TRUE,0.271,TRUE,3,22,Amp,,0.985,N,N,N,N,N,N,N,N
249,K9,FALSE,GALC KO 8A AIW2-2 P5+P10+P4,CHR8,UNKNOWN,FAM,NFQ-MGB,,,,1.015,0.926,1.113,28.304,28.252,0.058,,#FIELD!,0.083,0.048,#FIELD!,TRUE,0.271,TRUE,3,23,Amp,,0.982,N,N,N,N,N,N,N,N
250,K10,FALSE,SMPD1 KO 11B AIW2-2 P5+P10+P4,CHR8,UNKNOWN,FAM,NFQ-MGB,,,,1.113,0.958,1.294,28.018,28.106,0.096,,#FIELD!,0.135,0.078,#FIELD!,TRUE,0.271,TRUE,3,22,Amp,,0.973,N,N,N,N,N,N,N,N
251,K11,FALSE,SMPD1 KO 11B AIW2-2 P5+P10+P4,CHR8,UNKNOWN,FAM,NFQ-MGB,,,,1.113,0.958,1.294,28.207,28.106,0.096,,#FIELD!,0.135,0.078,#FIELD!,TRUE,0.271,TRUE,3,22,Amp,,0.979,N,N,N,N,N,N,N,N
252,K12,FALSE,SMPD1 KO 11B AIW2-2 P5+P10+P4,CHR8,UNKNOWN,FAM,NFQ-MGB,,,,1.113,0.958,1.294,28.092,28.106,0.096,,#FIELD!,0.135,0.078,#FIELD!,TRUE,0.271,TRUE,3,22,Amp,,0.98,N,N,N,N,N,N,N,N
253,K13,FALSE,ASAH1 KO 9A AIW2-2 P5+P10+P4,CHR8,UNKNOWN,FAM,NFQ-MGB,,,,1.055,1.018,1.094,26.907,26.898,0.009,,#FIELD!,0.032,0.019,#FIELD!,TRUE,0.271,TRUE,3,21,Amp,,0.98,N,N,N,N,N,N,N,N
254,K14,FALSE,ASAH1 KO 9A AIW2-2 P5+P10+P4,CHR8,UNKNOWN,FAM,NFQ-MGB,,,,1.055,1.018,1.094,26.9,26.898,0.009,,#FIELD!,0.032,0.019,#FIELD!,TRUE,0.271,TRUE,3,21,Amp,,0.974,N,N,N,N,N,N,N,N
255,K15,FALSE,ASAH1 KO 9A AIW2-2 P5+P10+P4,CHR8,UNKNOWN,FAM,NFQ-MGB,,,,1.055,1.018,1.094,26.888,26.898,0.009,,#FIELD!,0.032,0.019,#FIELD!,TRUE,0.271,TRUE,3,21,Amp,,0.972,N,N,N,N,N,N,N,N
256,K16,FALSE,AIW001-10,CHR4,UNKNOWN,FAM,NFQ-MGB,,,,,,,30.808,30.824,0.062,,,,,,TRUE,0.258,TRUE,3,25,Amp,,0.989,N,N,N,N,N,N,N,N
257,K17,FALSE,AIW001-10,CHR4,UNKNOWN,FAM,NFQ-MGB,,,,,,,30.893,30.824,0.062,,,,,,TRUE,0.258,TRUE,3,23,Amp,,0.986,N,N,N,N,N,N,N,N
258,K18,FALSE,AIW001-10,CHR4,UNKNOWN,FAM,NFQ-MGB,,,,,,,30.771,30.824,0.062,,,,,,TRUE,0.258,TRUE,3,25,Amp,,0.987,N,N,N,N,N,N,N,N
259,K19,FALSE,GM25974,CHR17,UNKNOWN,FAM,NFQ-MGB,,,,1.188,1.123,1.256,26.546,26.504,0.048,,#FIELD!,0.05,0.029,#FIELD!,TRUE,0.247,TRUE,3,21,Amp,,0.978,N,N,N,N,N,N,N,N
260,K20,FALSE,GM25974,CHR17,UNKNOWN,FAM,NFQ-MGB,,,,1.188,1.123,1.256,26.451,26.504,0.048,,#FIELD!,0.05,0.029,#FIELD!,TRUE,0.247,TRUE,3,21,Amp,,0.968,N,N,N,N,N,N,N,N
261,K21,FALSE,GM25974,CHR17,UNKNOWN,FAM,NFQ-MGB,,,,1.188,1.123,1.256,26.513,26.504,0.048,,#FIELD!,0.05,0.029,#FIELD!,TRUE,0.247,TRUE,3,20,Amp,,0.968,N,N,N,N,N,N,N,N
262,K22,FALSE,GM25952,CHR17,UNKNOWN,FAM,NFQ-MGB,,,,1.118,0.808,1.547,27.422,27.112,0.279,,#FIELD!,0.292,0.169,#FIELD!,TRUE,0.247,TRUE,3,21,Amp,,0.969,N,N,N,N,N,N,N,N
263,K23,FALSE,GM25952,CHR17,UNKNOWN,FAM,NFQ-MGB,,,,1.118,0.808,1.547,27.035,27.112,0.279,,#FIELD!,0.292,0.169,#FIELD!,TRUE,0.247,TRUE,3,21,Amp,,0.979,N,N,N,N,N,N,N,N
264,K24,FALSE,GM25952,CHR17,UNKNOWN,FAM,NFQ-MGB,,,,1.118,0.808,1.547,26.88,27.112,0.279,,#FIELD!,0.292,0.169,#FIELD!,TRUE,0.247,TRUE,3,21,Amp,,0.971,N,N,N,N,N,N,N,N
265,L1,FALSE,3450-C 5A-KO-SA3,CHR10,UNKNOWN,FAM,NFQ-MGB,,,,0.989,0.922,1.061,27.395,27.412,0.015,,0.145,0.063,0.036,0.016,TRUE,0.332,TRUE,3,21,Amp,,0.987,N,N,N,N,N,N,N,N
266,L2,FALSE,3450-C 5A-KO-SA3,CHR10,UNKNOWN,FAM,NFQ-MGB,,,,0.989,0.922,1.061,27.418,27.412,0.015,,0.145,0.063,0.036,0.016,TRUE,0.332,TRUE,3,22,Amp,,0.983,N,N,N,N,N,N,N,N
267,L3,FALSE,3450-C 5A-KO-SA3,CHR10,UNKNOWN,FAM,NFQ-MGB,,,,0.989,0.922,1.061,27.424,27.412,0.015,,0.145,0.063,0.036,0.016,TRUE,0.332,TRUE,3,22,Amp,,0.986,N,N,N,N,N,N,N,N
268,L4,FALSE,3450-C 5A-KO-5A1,CHR10,UNKNOWN,FAM,NFQ-MGB,,,,1.022,0.934,1.119,26.952,26.897,0.051,,0.097,0.082,0.047,#FIELD!,TRUE,0.332,TRUE,3,21,Amp,,0.992,N,N,N,N,N,N,N,N
269,L5,FALSE,3450-C 5A-KO-5A1,CHR10,UNKNOWN,FAM,NFQ-MGB,,,,1.022,0.934,1.119,26.888,26.897,0.051,,0.097,0.082,0.047,#FIELD!,TRUE,0.332,TRUE,3,20,Amp,,0.99,N,N,N,N,N,N,N,N
270,L6,FALSE,3450-C 5A-KO-5A1,CHR10,UNKNOWN,FAM,NFQ-MGB,,,,1.022,0.934,1.119,26.852,26.897,0.051,,0.097,0.082,0.047,#FIELD!,TRUE,0.332,TRUE,3,20,Amp,,0.988,N,N,N,N,N,N,N,N
271,L7,FALSE,GALC KO 8A AIW2-2 P5+P10+P4,CHR10,UNKNOWN,FAM,NFQ-MGB,,,,1.047,0.978,1.12,28.411,28.407,0.016,,0.063,0.061,0.035,#FIELD!,TRUE,0.332,TRUE,3,22,Amp,,0.991,N,N,N,N,N,N,N,N
272,L8,FALSE,GALC KO 8A AIW2-2 P5+P10+P4,CHR10,UNKNOWN,FAM,NFQ-MGB,,,,1.047,0.978,1.12,28.42,28.407,0.016,,0.063,0.061,0.035,#FIELD!,TRUE,0.332,TRUE,3,22,Amp,,0.984,N,N,N,N,N,N,N,N
273,L9,FALSE,GALC KO 8A AIW2-2 P5+P10+P4,CHR10,UNKNOWN,FAM,NFQ-MGB,,,,1.047,0.978,1.12,28.389,28.407,0.016,,0.063,0.061,0.035,#FIELD!,TRUE,0.332,TRUE,3,22,Amp,,0.988,N,N,N,N,N,N,N,N
274,L10,FALSE,SMPD1 KO 11B AIW2-2 P5+P10+P4,CHR10,UNKNOWN,FAM,NFQ-MGB,,,,1.081,0.951,1.228,28.323,28.347,0.064,,0.017,0.115,0.067,#FIELD!,TRUE,0.332,TRUE,3,21,Amp,,0.985,N,N,N,N,N,N,N,N
275,L11,FALSE,SMPD1 KO 11B AIW2-2 P5+P10+P4,CHR10,UNKNOWN,FAM,NFQ-MGB,,,,1.081,0.951,1.228,28.299,28.347,0.064,,0.017,0.115,0.067,#FIELD!,TRUE,0.332,TRUE,3,22,Amp,,0.985,N,N,N,N,N,N,N,N
276,L12,FALSE,SMPD1 KO 11B AIW2-2 P5+P10+P4,CHR10,UNKNOWN,FAM,NFQ-MGB,,,,1.081,0.951,1.228,28.42,28.347,0.064,,0.017,0.115,0.067,#FIELD!,TRUE,0.332,TRUE,3,22,Amp,,0.968,N,N,N,N,N,N,N,N
277,L13,FALSE,ASAH1 KO 9A AIW2-2 P5+P10+P4,CHR10,UNKNOWN,FAM,NFQ-MGB,,,,0.973,0.866,1.092,27.301,27.215,0.1,,0.168,0.104,0.06,0.04,TRUE,0.332,TRUE,3,20,Amp,,0.985,N,N,N,N,N,N,N,N
278,L14,FALSE,ASAH1 KO 9A AIW2-2 P5+P10+P4,CHR10,UNKNOWN,FAM,NFQ-MGB,,,,0.973,0.866,1.092,27.238,27.215,0.1,,0.168,0.104,0.06,0.04,TRUE,0.332,TRUE,3,21,Amp,,0.976,N,N,N,N,N,N,N,N
279,L15,FALSE,ASAH1 KO 9A AIW2-2 P5+P10+P4,CHR10,UNKNOWN,FAM,NFQ-MGB,,,,0.973,0.866,1.092,27.105,27.215,0.1,,0.168,0.104,0.06,0.04,TRUE,0.332,TRUE,3,21,Amp,,0.976,N,N,N,N,N,N,N,N
280,L16,FALSE,AIW001-02,CHRX,UNKNOWN,FAM,NFQ-MGB,,,,,,,29.159,29.212,0.065,,,,,,TRUE,0.302,TRUE,3,23,Amp,,0.988,N,N,N,N,N,N,N,N
281,L17,FALSE,AIW001-02,CHRX,UNKNOWN,FAM,NFQ-MGB,,,,,,,29.192,29.212,0.065,,,,,,TRUE,0.302,TRUE,3,23,Amp,,0.986,N,N,N,N,N,N,N,N
282,L18,FALSE,AIW001-02,CHRX,UNKNOWN,FAM,NFQ-MGB,,,,,,,29.284,29.212,0.065,,,,,,TRUE,0.302,TRUE,3,22,Amp,,0.984,N,N,N,N,N,N,N,N
283,L19,FALSE,AIW001-02 P4+P7,CHR17,UNKNOWN,FAM,NFQ-MGB,,,,0.07,0.035,0.138,38.051,37.844,0.436,,3.837,0.61,0.352,3.839,TRUE,0.247,TRUE,3,31,Inconclusive,,0.776,N,Y,N,N,N,N,N,N
284,L20,FALSE,AIW001-02 P4+P7,CHR17,UNKNOWN,FAM,NFQ-MGB,,,,0.07,0.035,0.138,37.343,37.844,0.436,,3.837,0.61,0.352,3.839,TRUE,0.247,TRUE,3,30,Amp,,0.785,N,Y,N,N,N,N,N,N
285,L21,FALSE,AIW001-02 P4+P7,CHR17,UNKNOWN,FAM,NFQ-MGB,,,,0.07,0.035,0.138,38.137,37.844,0.436,,3.837,0.61,0.352,3.839,TRUE,0.247,TRUE,3,32,Inconclusive,,0.715,N,Y,N,N,N,N,N,N
286,L22,FALSE,3450-C WT,CHR17,UNKNOWN,FAM,NFQ-MGB,,,,0.928,0.844,1.022,26.29,26.223,0.059,,0.106,0.086,0.05,0.107,TRUE,0.247,TRUE,3,20,Amp,,0.989,N,N,N,N,N,N,N,N
287,L23,FALSE,3450-C WT,CHR17,UNKNOWN,FAM,NFQ-MGB,,,,0.928,0.844,1.022,26.2,26.223,0.059,,0.106,0.086,0.05,0.107,TRUE,0.247,TRUE,3,20,Amp,,0.964,N,N,N,N,N,N,N,N
288,L24,FALSE,3450-C WT,CHR17,UNKNOWN,FAM,NFQ-MGB,,,,0.928,0.844,1.022,26.178,26.223,0.059,,0.106,0.086,0.05,0.107,TRUE,0.247,TRUE,3,20,Amp,,0.969,N,N,N,N,N,N,N,N
289,M1,FALSE,3450-C 5A-KO-SA3,CHR12,UNKNOWN,FAM,NFQ-MGB,,,,1.113,1.04,1.192,27.589,27.594,0.006,,0.327,0.061,0.035,#FIELD!,TRUE,0.289,TRUE,3,22,Amp,,0.988,N,N,N,N,N,N,N,N
290,M2,FALSE,3450-C 5A-KO-SA3,CHR12,UNKNOWN,FAM,NFQ-MGB,,,,1.113,1.04,1.192,27.6,27.594,0.006,,0.327,0.061,0.035,#FIELD!,TRUE,0.289,TRUE,3,21,Amp,,0.976,N,N,N,N,N,N,N,N
291,M3,FALSE,3450-C 5A-KO-SA3,CHR12,UNKNOWN,FAM,NFQ-MGB,,,,1.113,1.04,1.192,27.593,27.594,0.006,,0.327,0.061,0.035,#FIELD!,TRUE,0.289,TRUE,3,21,Amp,,0.977,N,N,N,N,N,N,N,N
292,M4,FALSE,3450-C 5A-KO-5A1,CHR12,UNKNOWN,FAM,NFQ-MGB,,,,1.218,1.122,1.323,27.005,26.997,0.038,,0.197,0.074,0.043,#FIELD!,TRUE,0.289,TRUE,3,21,Amp,,0.979,N,N,N,N,N,N,N,N
293,M5,FALSE,3450-C 5A-KO-5A1,CHR12,UNKNOWN,FAM,NFQ-MGB,,,,1.218,1.122,1.323,27.03,26.997,0.038,,0.197,0.074,0.043,#FIELD!,TRUE,0.289,TRUE,3,21,Amp,,0.979,N,N,N,N,N,N,N,N
294,M6,FALSE,3450-C 5A-KO-5A1,CHR12,UNKNOWN,FAM,NFQ-MGB,,,,1.218,1.122,1.323,26.956,26.997,0.038,,0.197,0.074,0.043,#FIELD!,TRUE,0.289,TRUE,3,21,Amp,,0.981,N,N,N,N,N,N,N,N
295,M7,FALSE,GALC KO 8A AIW2-2 P5+P10+P4,CHR12,UNKNOWN,FAM,NFQ-MGB,,,,1.107,1.017,1.205,28.662,28.679,0.049,,0.335,0.077,0.044,#FIELD!,TRUE,0.289,TRUE,3,23,Amp,,0.98,N,N,N,N,N,N,N,N
296,M8,FALSE,GALC KO 8A AIW2-2 P5+P10+P4,CHR12,UNKNOWN,FAM,NFQ-MGB,,,,1.107,1.017,1.205,28.641,28.679,0.049,,0.335,0.077,0.044,#FIELD!,TRUE,0.289,TRUE,3,23,Amp,,0.977,N,N,N,N,N,N,N,N
297,M9,FALSE,GALC KO 8A AIW2-2 P5+P10+P4,CHR12,UNKNOWN,FAM,NFQ-MGB,,,,1.107,1.017,1.205,28.734,28.679,0.049,,0.335,0.077,0.044,#FIELD!,TRUE,0.289,TRUE,3,23,Amp,,0.971,N,N,N,N,N,N,N,N
298,M10,FALSE,SMPD1 KO 11B AIW2-2 P5+P10+P4,CHR12,UNKNOWN,FAM,NFQ-MGB,,,,1.166,1.033,1.317,28.649,28.59,0.052,,0.259,0.109,0.063,#FIELD!,TRUE,0.289,TRUE,3,22,Amp,,0.984,N,N,N,N,N,N,N,N
299,M11,FALSE,SMPD1 KO 11B AIW2-2 P5+P10+P4,CHR12,UNKNOWN,FAM,NFQ-MGB,,,,1.166,1.033,1.317,28.568,28.59,0.052,,0.259,0.109,0.063,#FIELD!,TRUE,0.289,TRUE,3,22,Amp,,0.966,N,N,N,N,N,N,N,N
300,M12,FALSE,SMPD1 KO 11B AIW2-2 P5+P10+P4,CHR12,UNKNOWN,FAM,NFQ-MGB,,,,1.166,1.033,1.317,28.552,28.59,0.052,,0.259,0.109,0.063,#FIELD!,TRUE,0.289,TRUE,3,22,Amp,,0.978,N,N,N,N,N,N,N,N
301,M13,FALSE,ASAH1 KO 9A AIW2-2 P5+P10+P4,CHR12,UNKNOWN,FAM,NFQ-MGB,,,,1.107,1.031,1.188,27.411,27.381,0.056,,0.335,0.064,0.037,#FIELD!,TRUE,0.289,TRUE,3,22,Amp,,0.972,N,N,N,N,N,N,N,N
302,M14,FALSE,ASAH1 KO 9A AIW2-2 P5+P10+P4,CHR12,UNKNOWN,FAM,NFQ-MGB,,,,1.107,1.031,1.188,27.317,27.381,0.056,,0.335,0.064,0.037,#FIELD!,TRUE,0.289,TRUE,3,22,Amp,,0.968,N,N,N,N,N,N,N,N
303,M15,FALSE,ASAH1 KO 9A AIW2-2 P5+P10+P4,CHR12,UNKNOWN,FAM,NFQ-MGB,,,,1.107,1.031,1.188,27.415,27.381,0.056,,0.335,0.064,0.037,#FIELD!,TRUE,0.289,TRUE,3,21,Amp,,0.97,N,N,N,N,N,N,N,N
304,M16,FALSE,AIW001-05,CHRX,UNKNOWN,FAM,NFQ-MGB,,,,,,,29.507,29.327,0.164,,,,,,TRUE,0.302,TRUE,3,23,Amp,,0.986,N,N,N,N,N,N,N,N
305,M17,FALSE,AIW001-05,CHRX,UNKNOWN,FAM,NFQ-MGB,,,,,,,29.186,29.327,0.164,,,,,,TRUE,0.302,TRUE,3,23,Amp,,0.986,N,N,N,N,N,N,N,N
306,M18,FALSE,AIW001-05,CHRX,UNKNOWN,FAM,NFQ-MGB,,,,,,,29.287,29.327,0.164,,,,,,TRUE,0.302,TRUE,3,23,Amp,,0.986,N,N,N,N,N,N,N,N
307,M19,FALSE,3450-C 5A-KO-SA3,CHR17,UNKNOWN,FAM,NFQ-MGB,,,,0.923,0.63,1.353,27.22,27.381,0.339,,0.114,0.344,0.199,0.116,TRUE,0.247,TRUE,3,21,Amp,,0.977,N,N,N,N,N,N,N,N
308,M20,FALSE,3450-C 5A-KO-SA3,CHR17,UNKNOWN,FAM,NFQ-MGB,,,,0.923,0.63,1.353,27.153,27.381,0.339,,0.114,0.344,0.199,0.116,TRUE,0.247,TRUE,3,21,Amp,,0.975,N,N,N,N,N,N,N,N
309,M21,FALSE,3450-C 5A-KO-SA3,CHR17,UNKNOWN,FAM,NFQ-MGB,,,,0.923,0.63,1.353,27.771,27.381,0.339,,0.114,0.344,0.199,0.116,TRUE,0.247,TRUE,3,25,Amp,,0.943,Y,N,N,N,N,N,N,N
310,M22,FALSE,3450-C 5A-KO-5A1,CHR17,UNKNOWN,FAM,NFQ-MGB,,,,1.201,1.06,1.36,26.632,26.535,0.092,,#FIELD!,0.112,0.065,#FIELD!,TRUE,0.247,TRUE,3,21,Amp,,0.978,N,N,N,N,N,N,N,N
311,M23,FALSE,3450-C 5A-KO-5A1,CHR17,UNKNOWN,FAM,NFQ-MGB,,,,1.201,1.06,1.36,26.525,26.535,0.092,,#FIELD!,0.112,0.065,#FIELD!,TRUE,0.247,TRUE,3,20,Amp,,0.972,N,N,N,N,N,N,N,N
312,M24,FALSE,3450-C 5A-KO-5A1,CHR17,UNKNOWN,FAM,NFQ-MGB,,,,1.201,1.06,1.36,26.449,26.535,0.092,,#FIELD!,0.112,0.065,#FIELD!,TRUE,0.247,TRUE,3,21,Amp,,0.98,N,N,N,N,N,N,N,N
313,N1,FALSE,3450-C 5A-KO-SA3,CHR18,UNKNOWN,FAM,NFQ-MGB,,,,0.99,0.895,1.094,27.482,27.535,0.067,,0.267,0.091,0.052,0.015,TRUE,0.337,TRUE,3,21,Amp,,0.99,N,N,N,N,N,N,N,N
314,N2,FALSE,3450-C 5A-KO-SA3,CHR18,UNKNOWN,FAM,NFQ-MGB,,,,0.99,0.895,1.094,27.513,27.535,0.067,,0.267,0.091,0.052,0.015,TRUE,0.337,TRUE,3,21,Amp,,0.991,N,N,N,N,N,N,N,N
315,N3,FALSE,3450-C 5A-KO-SA3,CHR18,UNKNOWN,FAM,NFQ-MGB,,,,0.99,0.895,1.094,27.61,27.535,0.067,,0.267,0.091,0.052,0.015,TRUE,0.337,TRUE,3,22,Amp,,0.987,N,N,N,N,N,N,N,N
316,N4,FALSE,3450-C 5A-KO-5A1,CHR18,UNKNOWN,FAM,NFQ-MGB,,,,1.044,0.916,1.191,26.997,26.99,0.1,,0.19,0.118,0.068,#FIELD!,TRUE,0.337,TRUE,3,21,Amp,,0.991,N,N,N,N,N,N,N,N
317,N5,FALSE,3450-C 5A-KO-5A1,CHR18,UNKNOWN,FAM,NFQ-MGB,,,,1.044,0.916,1.191,27.087,26.99,0.1,,0.19,0.118,0.068,#FIELD!,TRUE,0.337,TRUE,3,21,Amp,,0.988,N,N,N,N,N,N,N,N
318,N6,FALSE,3450-C 5A-KO-5A1,CHR18,UNKNOWN,FAM,NFQ-MGB,,,,1.044,0.916,1.191,26.888,26.99,0.1,,0.19,0.118,0.068,#FIELD!,TRUE,0.337,TRUE,3,20,Amp,,0.983,N,N,N,N,N,N,N,N
319,N7,FALSE,GALC KO 8A AIW2-2 P5+P10+P4,CHR18,UNKNOWN,FAM,NFQ-MGB,,,,0.988,0.92,1.061,28.642,28.614,0.024,,0.27,0.064,0.037,0.018,TRUE,0.337,TRUE,3,23,Amp,,0.99,N,N,N,N,N,N,N,N
320,N8,FALSE,GALC KO 8A AIW2-2 P5+P10+P4,CHR18,UNKNOWN,FAM,NFQ-MGB,,,,0.988,0.92,1.061,28.602,28.614,0.024,,0.27,0.064,0.037,0.018,TRUE,0.337,TRUE,3,22,Amp,,0.961,N,N,N,N,N,N,N,N
321,N9,FALSE,GALC KO 8A AIW2-2 P5+P10+P4,CHR18,UNKNOWN,FAM,NFQ-MGB,,,,0.988,0.92,1.061,28.599,28.614,0.024,,0.27,0.064,0.037,0.018,TRUE,0.337,TRUE,3,22,Amp,,0.967,N,N,N,N,N,N,N,N
322,N10,FALSE,SMPD1 KO 11B AIW2-2 P5+P10+P4,CHR18,UNKNOWN,FAM,NFQ-MGB,,,,0.977,0.821,1.163,28.744,28.616,0.124,,0.286,0.157,0.091,0.033,TRUE,0.337,TRUE,3,23,Amp,,0.987,N,N,N,N,N,N,N,N
323,N11,FALSE,SMPD1 KO 11B AIW2-2 P5+P10+P4,CHR18,UNKNOWN,FAM,NFQ-MGB,,,,0.977,0.821,1.163,28.496,28.616,0.124,,0.286,0.157,0.091,0.033,TRUE,0.337,TRUE,3,23,Amp,,0.979,N,N,N,N,N,N,N,N
324,N12,FALSE,SMPD1 KO 11B AIW2-2 P5+P10+P4,CHR18,UNKNOWN,FAM,NFQ-MGB,,,,0.977,0.821,1.163,28.609,28.616,0.124,,0.286,0.157,0.091,0.033,TRUE,0.337,TRUE,3,22,Amp,,0.987,N,N,N,N,N,N,N,N
325,N13,FALSE,ASAH1 KO 9A AIW2-2 P5+P10+P4,CHR18,UNKNOWN,FAM,NFQ-MGB,,,,0.977,0.892,1.071,27.366,27.331,0.077,,0.285,0.083,0.048,0.033,TRUE,0.337,TRUE,3,21,Amp,,0.988,N,N,N,N,N,N,N,N
326,N14,FALSE,ASAH1 KO 9A AIW2-2 P5+P10+P4,CHR18,UNKNOWN,FAM,NFQ-MGB,,,,0.977,0.892,1.071,27.385,27.331,0.077,,0.285,0.083,0.048,0.033,TRUE,0.337,TRUE,3,21,Amp,,0.97,N,N,N,N,N,N,N,N
327,N15,FALSE,ASAH1 KO 9A AIW2-2 P5+P10+P4,CHR18,UNKNOWN,FAM,NFQ-MGB,,,,0.977,0.892,1.071,27.244,27.331,0.077,,0.285,0.083,0.048,0.033,TRUE,0.337,TRUE,3,21,Amp,,0.968,N,N,N,N,N,N,N,N
328,N16,FALSE,AIW001-10,CHRX,UNKNOWN,FAM,NFQ-MGB,,,,,,,30.646,30.866,0.191,,,,,,TRUE,0.302,TRUE,3,25,Amp,,0.984,N,N,N,N,N,N,N,N
329,N17,FALSE,AIW001-10,CHRX,UNKNOWN,FAM,NFQ-MGB,,,,,,,30.98,30.866,0.191,,,,,,TRUE,0.302,TRUE,3,25,Amp,,0.988,N,N,N,N,N,N,N,N
330,N18,FALSE,AIW001-10,CHRX,UNKNOWN,FAM,NFQ-MGB,,,,,,,30.973,30.866,0.191,,,,,,TRUE,0.302,TRUE,3,25,Amp,,0.983,N,N,N,N,N,N,N,N
331,N19,FALSE,GALC KO 8A AIW2-2 P5+P10+P4,CHR17,UNKNOWN,FAM,NFQ-MGB,,,,1.075,0.981,1.179,28.171,28.238,0.058,,#FIELD!,0.083,0.048,#FIELD!,TRUE,0.247,TRUE,3,23,Amp,,0.985,N,N,N,N,N,N,N,N
332,N20,FALSE,GALC KO 8A AIW2-2 P5+P10+P4,CHR17,UNKNOWN,FAM,NFQ-MGB,,,,1.075,0.981,1.179,28.274,28.238,0.058,,#FIELD!,0.083,0.048,#FIELD!,TRUE,0.247,TRUE,3,23,Amp,,0.975,N,N,N,N,N,N,N,N
333,N21,FALSE,GALC KO 8A AIW2-2 P5+P10+P4,CHR17,UNKNOWN,FAM,NFQ-MGB,,,,1.075,0.981,1.179,28.269,28.238,0.058,,#FIELD!,0.083,0.048,#FIELD!,TRUE,0.247,TRUE,3,23,Amp,,0.905,Y,N,N,N,N,N,N,N
334,N22,FALSE,SMPD1 KO 11B AIW2-2 P5+P10+P4,CHR17,UNKNOWN,FAM,NFQ-MGB,,,,1.144,1.027,1.274,28.132,28.135,0.013,,#FIELD!,0.097,0.056,#FIELD!,TRUE,0.247,TRUE,3,22,Amp,,0.973,N,N,N,N,N,N,N,N
335,N23,FALSE,SMPD1 KO 11B AIW2-2 P5+P10+P4,CHR17,UNKNOWN,FAM,NFQ-MGB,,,,1.144,1.027,1.274,28.15,28.135,0.013,,#FIELD!,0.097,0.056,#FIELD!,TRUE,0.247,TRUE,3,23,Amp,,0.969,N,N,N,N,N,N,N,N
336,N24,FALSE,SMPD1 KO 11B AIW2-2 P5+P10+P4,CHR17,UNKNOWN,FAM,NFQ-MGB,,,,1.144,1.027,1.274,28.125,28.135,0.013,,#FIELD!,0.097,0.056,#FIELD!,TRUE,0.247,TRUE,3,22,Amp,,0.969,N,N,N,N,N,N,N,N
337,O1,FALSE,3450-C 5A-KO-SA3,CHR20,UNKNOWN,FAM,NFQ-MGB,,,,1.131,1.057,1.211,26.57,26.564,0.006,,#FIELD!,0.061,0.035,#FIELD!,TRUE,0.144,TRUE,3,22,Amp,,0.991,N,N,N,N,N,N,N,N
338,O2,FALSE,3450-C 5A-KO-SA3,CHR20,UNKNOWN,FAM,NFQ-MGB,,,,1.131,1.057,1.211,26.564,26.564,0.006,,#FIELD!,0.061,0.035,#FIELD!,TRUE,0.144,TRUE,3,21,Amp,,0.989,N,N,N,N,N,N,N,N
339,O3,FALSE,3450-C 5A-KO-SA3,CHR20,UNKNOWN,FAM,NFQ-MGB,,,,1.131,1.057,1.211,26.558,26.564,0.006,,#FIELD!,0.061,0.035,#FIELD!,TRUE,0.144,TRUE,3,21,Amp,,0.991,N,N,N,N,N,N,N,N
340,O4,FALSE,3450-C 5A-KO-5A1,CHR20,UNKNOWN,FAM,NFQ-MGB,,,,1.214,1.105,1.334,25.958,25.995,0.055,,#FIELD!,0.085,0.049,#FIELD!,TRUE,0.144,TRUE,3,21,Amp,,0.989,N,N,N,N,N,N,N,N
341,O5,FALSE,3450-C 5A-KO-5A1,CHR20,UNKNOWN,FAM,NFQ-MGB,,,,1.214,1.105,1.334,26.059,25.995,0.055,,#FIELD!,0.085,0.049,#FIELD!,TRUE,0.144,TRUE,3,21,Amp,,0.981,N,N,N,N,N,N,N,N
342,O6,FALSE,3450-C 5A-KO-5A1,CHR20,UNKNOWN,FAM,NFQ-MGB,,,,1.214,1.105,1.334,25.968,25.995,0.055,,#FIELD!,0.085,0.049,#FIELD!,TRUE,0.144,TRUE,3,21,Amp,,0.988,N,N,N,N,N,N,N,N
343,O7,FALSE,GALC KO 8A AIW2-2 P5+P10+P4,CHR20,UNKNOWN,FAM,NFQ-MGB,,,,1.199,1.104,1.301,27.562,27.557,0.044,,#FIELD!,0.074,0.043,#FIELD!,TRUE,0.144,TRUE,3,22,Amp,,0.982,N,N,N,N,N,N,N,N
344,O8,FALSE,GALC KO 8A AIW2-2 P5+P10+P4,CHR20,UNKNOWN,FAM,NFQ-MGB,,,,1.199,1.104,1.301,27.598,27.557,0.044,,#FIELD!,0.074,0.043,#FIELD!,TRUE,0.144,TRUE,3,23,Amp,,0.986,N,N,N,N,N,N,N,N
345,O9,FALSE,GALC KO 8A AIW2-2 P5+P10+P4,CHR20,UNKNOWN,FAM,NFQ-MGB,,,,1.199,1.104,1.301,27.511,27.557,0.044,,#FIELD!,0.074,0.043,#FIELD!,TRUE,0.144,TRUE,3,22,Amp,,0.99,N,N,N,N,N,N,N,N
346,O10,FALSE,SMPD1 KO 11B AIW2-2 P5+P10+P4,CHR20,UNKNOWN,FAM,NFQ-MGB,,,,1.156,0.99,1.351,27.699,27.596,0.102,,#FIELD!,0.14,0.081,#FIELD!,TRUE,0.144,TRUE,3,23,Amp,,0.985,N,N,N,N,N,N,N,N
347,O11,FALSE,SMPD1 KO 11B AIW2-2 P5+P10+P4,CHR20,UNKNOWN,FAM,NFQ-MGB,,,,1.156,0.99,1.351,27.495,27.596,0.102,,#FIELD!,0.14,0.081,#FIELD!,TRUE,0.144,TRUE,3,23,Amp,,0.988,N,N,N,N,N,N,N,N
348,O12,FALSE,SMPD1 KO 11B AIW2-2 P5+P10+P4,CHR20,UNKNOWN,FAM,NFQ-MGB,,,,1.156,0.99,1.351,27.593,27.596,0.102,,#FIELD!,0.14,0.081,#FIELD!,TRUE,0.144,TRUE,3,23,Amp,,0.977,N,N,N,N,N,N,N,N
349,O13,FALSE,ASAH1 KO 9A AIW2-2 P5+P10+P4,CHR20,UNKNOWN,FAM,NFQ-MGB,,,,1.072,1.035,1.11,26.427,26.421,0.006,,#FIELD!,0.031,0.018,#FIELD!,TRUE,0.144,TRUE,3,22,Amp,,0.983,N,N,N,N,N,N,N,N
350,O14,FALSE,ASAH1 KO 9A AIW2-2 P5+P10+P4,CHR20,UNKNOWN,FAM,NFQ-MGB,,,,1.072,1.035,1.11,26.415,26.421,0.006,,#FIELD!,0.031,0.018,#FIELD!,TRUE,0.144,TRUE,3,21,Amp,,0.977,N,N,N,N,N,N,N,N
351,O15,FALSE,ASAH1 KO 9A AIW2-2 P5+P10+P4,CHR20,UNKNOWN,FAM,NFQ-MGB,,,,1.072,1.035,1.11,26.421,26.421,0.006,,#FIELD!,0.031,0.018,#FIELD!,TRUE,0.144,TRUE,3,21,Amp,,0.978,N,N,N,N,N,N,N,N
355,O19,FALSE,ASAH1 KO 9A AIW2-2 P5+P10+P4,CHR17,UNKNOWN,FAM,NFQ-MGB,,,,9.36,0.02,"4,360.78",27.018,23.818,5.53,,#FIELD!,5.53,3.193,#FIELD!,TRUE,0.247,TRUE,3,22,Amp,,0.964,N,N,N,N,Y,N,Y,N
356,O20,FALSE,ASAH1 KO 9A AIW2-2 P5+P10+P4,CHR17,UNKNOWN,FAM,NFQ-MGB,,,,9.36,0.02,"4,360.78",27.003,23.818,5.53,,#FIELD!,5.53,3.193,#FIELD!,TRUE,0.247,TRUE,3,22,Amp,,0.965,N,N,N,N,Y,N,N,N
357,O21,FALSE,ASAH1 KO 9A AIW2-2 P5+P10+P4,CHR17,UNKNOWN,FAM,NFQ-MGB,,,,9.36,0.02,"4,360.78",,23.818,5.53,,#FIELD!,5.53,3.193,#FIELD!,TRUE,0.247,TRUE,3,34,No Amp,,0,Y,Y,N,N,Y,N,N,Y
358,O22,FALSE,,CHR17,UNKNOWN,FAM,NFQ-MGB,,,,,,,Undetermined,,,,,,,,TRUE,0.247,TRUE,3,39,No Amp,,0,Y,Y,Y,Y,N,Y,N,N
359,O23,FALSE,,CHR17,UNKNOWN,FAM,NFQ-MGB,,,,,,,Undetermined,,,,,,,,TRUE,0.247,TRUE,3,39,No Amp,,0,Y,Y,Y,Y,N,Y,N,N
360,O24,FALSE,,CHR17,UNKNOWN,FAM,NFQ-MGB,,,,,,,Undetermined,,,,,,,,TRUE,0.247,TRUE,3,22,No Amp,,0,Y,Y,N,Y,N,Y,N,N
361,P1,FALSE,3450-C 5A-KO-SA3,CHRX,UNKNOWN,FAM,NFQ-MGB,,,,0.603,0.558,0.652,28.049,28.011,0.033,,0.744,0.07,0.04,0.729,TRUE,0.302,TRUE,3,22,Amp,,0.989,N,N,N,N,N,N,N,N
362,P2,FALSE,3450-C 5A-KO-SA3,CHRX,UNKNOWN,FAM,NFQ-MGB,,,,0.603,0.558,0.652,27.986,28.011,0.033,,0.744,0.07,0.04,0.729,TRUE,0.302,TRUE,3,22,Amp,,0.991,N,N,N,N,N,N,N,N
363,P3,FALSE,3450-C 5A-KO-SA3,CHRX,UNKNOWN,FAM,NFQ-MGB,,,,0.603,0.558,0.652,27.998,28.011,0.033,,0.744,0.07,0.04,0.729,TRUE,0.302,TRUE,3,22,Amp,,0.989,N,N,N,N,N,N,N,N
364,P4,FALSE,3450-C 5A-KO-5A1,CHRX,UNKNOWN,FAM,NFQ-MGB,,,,0.604,0.548,0.665,27.505,27.544,0.059,,0.743,0.087,0.05,0.728,TRUE,0.302,TRUE,3,21,Amp,,0.987,N,N,N,N,N,N,N,N
365,P5,FALSE,3450-C 5A-KO-5A1,CHRX,UNKNOWN,FAM,NFQ-MGB,,,,0.604,0.548,0.665,27.513,27.544,0.059,,0.743,0.087,0.05,0.728,TRUE,0.302,TRUE,3,22,Amp,,0.989,N,N,N,N,N,N,N,N
366,P6,FALSE,3450-C 5A-KO-5A1,CHRX,UNKNOWN,FAM,NFQ-MGB,,,,0.604,0.548,0.665,27.612,27.544,0.059,,0.743,0.087,0.05,0.728,TRUE,0.302,TRUE,3,21,Amp,,0.98,N,N,N,N,N,N,N,N
367,P7,FALSE,GALC KO 8A AIW2-2 P5+P10+P4,CHRX,UNKNOWN,FAM,NFQ-MGB,,,,0.636,0.578,0.699,29.032,29.012,0.061,,0.668,0.085,0.049,0.653,TRUE,0.302,TRUE,3,22,Amp,,0.985,N,N,N,N,N,N,N,N
368,P8,FALSE,GALC KO 8A AIW2-2 P5+P10+P4,CHRX,UNKNOWN,FAM,NFQ-MGB,,,,0.636,0.578,0.699,29.061,29.012,0.061,,0.668,0.085,0.049,0.653,TRUE,0.302,TRUE,3,22,Amp,,0.986,N,N,N,N,N,N,N,N
369,P9,FALSE,GALC KO 8A AIW2-2 P5+P10+P4,CHRX,UNKNOWN,FAM,NFQ-MGB,,,,0.636,0.578,0.699,28.943,29.012,0.061,,0.668,0.085,0.049,0.653,TRUE,0.302,TRUE,3,23,Amp,,0.99,N,N,N,N,N,N,N,N
370,P10,FALSE,SMPD1 KO 11B AIW2-2 P5+P10+P4,CHRX,UNKNOWN,FAM,NFQ-MGB,,,,0.591,0.511,0.683,29.152,29.105,0.088,,0.774,0.13,0.075,0.76,TRUE,0.302,TRUE,3,24,Amp,,0.976,N,N,N,N,N,N,N,N
371,P11,FALSE,SMPD1 KO 11B AIW2-2 P5+P10+P4,CHRX,UNKNOWN,FAM,NFQ-MGB,,,,0.591,0.511,0.683,29.003,29.105,0.088,,0.774,0.13,0.075,0.76,TRUE,0.302,TRUE,3,23,Amp,,0.977,N,N,N,N,N,N,N,N
372,P12,FALSE,SMPD1 KO 11B AIW2-2 P5+P10+P4,CHRX,UNKNOWN,FAM,NFQ-MGB,,,,0.591,0.511,0.683,29.159,29.105,0.088,,0.774,0.13,0.075,0.76,TRUE,0.302,TRUE,3,23,Amp,,0.973,N,N,N,N,N,N,N,N
373,P13,FALSE,ASAH1 KO 9A AIW2-2 P5+P10+P4,CHRX,UNKNOWN,FAM,NFQ-MGB,,,,0.542,0.512,0.574,27.973,27.943,0.041,,0.897,0.052,0.03,0.883,TRUE,0.302,TRUE,3,22,Amp,,0.988,N,N,N,N,N,N,N,N
374,P14,FALSE,ASAH1 KO 9A AIW2-2 P5+P10+P4,CHRX,UNKNOWN,FAM,NFQ-MGB,,,,0.542,0.512,0.574,27.962,27.943,0.041,,0.897,0.052,0.03,0.883,TRUE,0.302,TRUE,3,22,Amp,,0.978,N,N,N,N,N,N,N,N
375,P15,FALSE,ASAH1 KO 9A AIW2-2 P5+P10+P4,CHRX,UNKNOWN,FAM,NFQ-MGB,,,,0.542,0.512,0.574,27.896,27.943,0.041,,0.897,0.052,0.03,0.883,TRUE,0.302,TRUE,3,22,Amp,,0.976,N,N,N,N,N,N,N,N
,,,,,,,,,,,,,,,,,,,,,,,,,,,,,,,,,,,,,
Analysis Type,Singleplex,,,,,,,,,,,,,,,,,,,,,,,,,,,,,,,,,,,,
Endogenous Control,CHR1,,,,,,,,,,,,,,,,,,,,,,,,,,,,,,,,,,,,
RQ Min/Max Confidence Level,95,,,,,,,,,,,,,,,,,,,,,,,,,,,,,,,,,,,,
Reference Sample,normal,,,,,,,,,,,,,,,,,,,,,,,,,,,,,,,,,,,,